{"playlist":{"subscribers":[],"subscribed":false,"creator":{"defaultAvatar":false,"province":110000,"authStatus":1,"followed":false,"avatarUrl":"http://p1.music.126.net/QWMV-Ru_6149AKe0mCBXKg==/1420569024374784.jpg","accountStatus":0,"gender":1,"city":110101,"birthday":-2209017600000,"userId":1,"userType":2,"nickname":"网易云音乐","signature":"网易云音乐是6亿人都在使用的音乐平台，致力于帮助用户发现音乐惊喜，帮助音乐人实现梦想。\n客服在线时间：9：00 - 24：00，如您在使用过程中遇到任何问题，欢迎私信咨询@云音乐客服 ，我们会尽快回复。\n如果仍然不能解决您的问题，请邮件我们：\n用户：ncm5990@163.com\n音乐人：yyr599@163.com\n","description":"网易云音乐官方账号","detailDescription":"网易云音乐官方账号","avatarImgId":1420569024374784,"backgroundImgId":2002210674180202,"backgroundUrl":"http://p1.music.126.net/pmHS4fcQtcNEGewNb5HRhg==/2002210674180202.jpg","authority":3,"mutual":false,"expertTags":null,"experts":null,"djStatus":10,"vipType":11,"remarkName":null,"backgroundImgIdStr":"2002210674180202","avatarImgIdStr":"1420569024374784"},"tracks":[{"name":"起风了","id":1338695683,"pst":0,"t":0,"ar":[{"id":187229,"name":"吴青峰","tns":[],"alias":[]}],"alia":["电视剧《加油，你是最棒的》主题曲"],"pop":100.0,"st":0,"rt":"","fee":8,"v":3,"crbt":null,"cf":"","al":{"id":75116936,"name":"起风了","picUrl":"http://p1.music.126.net/aMVPsO00OqlVTS2yMH8RgA==/109951163785600029.jpg","tns":[],"pic_str":"109951163785600029","pic":109951163785600029},"dt":313565,"h":{"br":320000,"fid":0,"size":12545089,"vd":-1.0},"m":{"br":192000,"fid":0,"size":7527071,"vd":-1.0},"l":{"br":128000,"fid":0,"size":5018062,"vd":0.0},"a":null,"cd":"01","no":1,"rtUrl":null,"ftype":0,"rtUrls":[],"djId":0,"copyright":0,"s_id":0,"mst":9,"cp":1416018,"mv":10851179,"rtype":0,"rurl":null,"publishTime":0},{"name":"FLY (加强版)","id":1317457960,"pst":0,"t":0,"ar":[{"id":12074125,"name":"ANU","tns":[],"alias":[]}],"alia":[],"pop":100.0,"st":0,"rt":null,"fee":8,"v":26,"crbt":null,"cf":"","al":{"id":73922680,"name":"FLY（加强版）","picUrl":"http://p1.music.126.net/tPQGOy53UUwT4pTlvkdWdA==/109951163610296075.jpg","tns":[],"pic_str":"109951163610296075","pic":109951163610296075},"dt":265294,"h":{"br":320000,"fid":0,"size":10614117,"vd":-2.0},"m":{"br":192000,"fid":0,"size":6368488,"vd":-2.0},"l":{"br":128000,"fid":0,"size":4245673,"vd":-2.0},"a":null,"cd":"1","no":1,"rtUrl":null,"ftype":0,"rtUrls":[],"djId":0,"copyright":0,"s_id":0,"mst":9,"cp":651010,"mv":0,"rtype":0,"rurl":null,"publishTime":1539878400007},{"name":"绘笔江南","id":1342168955,"pst":0,"t":0,"ar":[{"id":1115075,"name":"西瓜JUN","tns":[],"alias":[]},{"id":990051,"name":"泥鳅Niko","tns":[],"alias":[]},{"id":1049276,"name":"知性的小方块","tns":[],"alias":[]},{"id":975714,"name":"叶洛洛","tns":[],"alias":[]}],"alia":[],"pop":0.0,"st":0,"rt":null,"fee":0,"v":7,"crbt":null,"cf":"","al":{"id":75301793,"name":"绘笔江南","picUrl":"http://p1.music.126.net/6tvg1NLlV-p6ENzcHBNgcw==/109951163818638126.jpg","tns":[],"pic_str":"109951163818638126","pic":109951163818638126},"dt":218751,"h":{"br":320000,"fid":0,"size":8753154,"vd":-3.0},"m":{"br":192000,"fid":0,"size":5251910,"vd":-3.0},"l":{"br":128000,"fid":0,"size":3501288,"vd":-3.0},"a":null,"cd":"","no":1,"rtUrl":null,"ftype":0,"rtUrls":[],"djId":0,"copyright":0,"s_id":0,"mst":9,"cp":0,"mv":0,"rtype":0,"rurl":null,"publishTime":1548483340176},{"name":"出山","id":1313354324,"pst":0,"t":0,"ar":[{"id":8103,"name":"花粥","tns":[],"alias":[]},{"id":9808,"name":"王胜男","tns":[],"alias":[]}],"alia":[],"pop":100.0,"st":0,"rt":null,"fee":8,"v":25,"crbt":null,"cf":"","al":{"id":73587275,"name":"粥请客（王胜男）","picUrl":"http://p1.music.126.net/xUAfdMHdXhu3BmO4g8nOYA==/109951163573311341.jpg","tns":[],"pic_str":"109951163573311341","pic":109951163573311341},"dt":200388,"h":{"br":320000,"fid":0,"size":8018591,"vd":-17100.0},"m":{"br":192000,"fid":0,"size":4811172,"vd":-14500.0},"l":{"br":128000,"fid":0,"size":3207462,"vd":-13200.0},"a":null,"cd":"","no":1,"rtUrl":null,"ftype":0,"rtUrls":[],"djId":0,"copyright":2,"s_id":0,"mst":9,"cp":0,"mv":0,"rtype":0,"rurl":null,"publishTime":1538092800000},{"name":"茉莉花","id":1340543049,"pst":0,"t":0,"ar":[{"id":906118,"name":"洛天依","tns":[],"alias":[]}],"alia":[],"pop":100.0,"st":0,"rt":"","fee":1,"v":2,"crbt":null,"cf":"","al":{"id":75228493,"name":"茉莉花","picUrl":"http://p1.music.126.net/IBmP16vUyfYqOE3_f4eIgw==/109951163801541873.jpg","tns":[],"pic_str":"109951163801541873","pic":109951163801541873},"dt":243926,"h":{"br":320000,"fid":0,"size":9759391,"vd":-1.0},"m":{"br":192000,"fid":0,"size":5855652,"vd":-1.0},"l":{"br":128000,"fid":0,"size":3903782,"vd":-1.0},"a":null,"cd":"01","no":1,"rtUrl":null,"ftype":0,"rtUrls":[],"djId":0,"copyright":0,"s_id":0,"mst":9,"cp":471011,"mv":0,"rtype":0,"rurl":null,"publishTime":0},{"name":"走","id":1326907224,"pst":0,"t":0,"ar":[{"id":787107,"name":"陶峻汐","tns":[],"alias":[]}],"alia":[],"pop":100.0,"st":0,"rt":null,"fee":8,"v":11,"crbt":null,"cf":"","al":{"id":74444523,"name":"走","picUrl":"http://p1.music.126.net/NDhhlZR_Pzbz_2U3i3ohwQ==/109951163677421702.jpg","tns":[],"pic_str":"109951163677421702","pic":109951163677421702},"dt":324682,"h":{"br":320000,"fid":0,"size":12990215,"vd":2600.0},"m":{"br":192000,"fid":0,"size":7794146,"vd":5200.0},"l":{"br":128000,"fid":0,"size":5196112,"vd":989.0},"a":null,"cd":"","no":1,"rtUrl":null,"ftype":0,"rtUrls":[],"djId":0,"copyright":0,"s_id":0,"mst":9,"cp":0,"mv":0,"rtype":0,"rurl":null,"publishTime":1542638642153},{"name":"醉仙美","id":1338146682,"pst":0,"t":0,"ar":[{"id":31156285,"name":"娜美","tns":[],"alias":[]}],"alia":[],"pop":100.0,"st":0,"rt":null,"fee":8,"v":9,"crbt":null,"cf":"","al":{"id":74992506,"name":"醉仙美","picUrl":"http://p1.music.126.net/dO-vmpg7WULDoWuGxqiMzg==/109951163787819385.jpg","tns":[],"pic_str":"109951163787819385","pic":109951163787819385},"dt":201038,"h":{"br":320000,"fid":0,"size":8043668,"vd":0.0},"m":{"br":192000,"fid":0,"size":4826218,"vd":0.0},"l":{"br":128000,"fid":0,"size":3217493,"vd":0.0},"a":null,"cd":"1","no":1,"rtUrl":null,"ftype":0,"rtUrls":[],"djId":0,"copyright":2,"s_id":0,"mst":9,"cp":1415887,"mv":0,"rtype":0,"rurl":null,"publishTime":1547049600000},{"name":"7 rings","id":1340558332,"pst":0,"t":0,"ar":[{"id":48161,"name":"Ariana Grande","tns":[],"alias":[]}],"alia":[],"pop":100.0,"st":0,"rt":"","fee":8,"v":5,"crbt":null,"cf":"","al":{"id":75231666,"name":"7 rings","picUrl":"http://p1.music.126.net/FPs5S8EadUV8MbGEvi9Pbw==/109951163801685482.jpg","tns":[],"pic_str":"109951163801685482","pic":109951163801685482},"dt":178640,"h":{"br":320000,"fid":0,"size":7148191,"vd":0.0},"m":{"br":192000,"fid":0,"size":4288932,"vd":0.0},"l":{"br":128000,"fid":0,"size":2859302,"vd":0.0},"a":null,"cd":"01","no":1,"rtUrl":null,"ftype":0,"rtUrls":[],"djId":0,"copyright":0,"s_id":0,"mst":9,"cp":7003,"mv":10851159,"rtype":0,"rurl":null,"publishTime":0},{"name":"Monster (Chin.Ver)","id":1335270566,"pst":0,"t":0,"ar":[{"id":1015121,"name":"UNIQ","tns":[],"alias":[]}],"alia":[],"pop":100.0,"st":0,"rt":"","fee":8,"v":2,"crbt":null,"cf":"","al":{"id":74970327,"name":"Monster","picUrl":"http://p1.music.126.net/ZE6g9hkNazaA799Dec1YLw==/109951163744498619.jpg","tns":[],"pic_str":"109951163744498619","pic":109951163744498619},"dt":228003,"h":{"br":320000,"fid":0,"size":9123048,"vd":-2.0},"m":{"br":192000,"fid":0,"size":5473846,"vd":-2.0},"l":{"br":128000,"fid":0,"size":3649245,"vd":-2.0},"a":null,"cd":"01","no":1,"rtUrl":null,"ftype":0,"rtUrls":[],"djId":0,"copyright":0,"s_id":0,"mst":9,"cp":1374822,"mv":0,"rtype":0,"rurl":null,"publishTime":0},{"name":"新鲜感","id":1340698526,"pst":0,"t":0,"ar":[{"id":13923085,"name":"伍嘉成","tns":[],"alias":[]},{"id":12643557,"name":"Yamy","tns":[],"alias":[]}],"alia":[],"pop":100.0,"st":0,"rt":"","fee":1,"v":2,"crbt":null,"cf":"","al":{"id":75260078,"name":"新鲜感","picUrl":"http://p1.music.126.net/gXgkBt7dfSZPg4kxJXCp5g==/109951163806061582.jpg","tns":[],"pic_str":"109951163806061582","pic":109951163806061582},"dt":198103,"h":{"br":320000,"fid":0,"size":7926640,"vd":-1.0},"m":{"br":192000,"fid":0,"size":4756001,"vd":0.0},"l":{"br":128000,"fid":0,"size":3170682,"vd":0.0},"a":null,"cd":"01","no":1,"rtUrl":null,"ftype":0,"rtUrls":[],"djId":0,"copyright":0,"s_id":0,"mst":9,"cp":1415934,"mv":0,"rtype":0,"rurl":null,"publishTime":0},{"name":"Sad","id":1323099451,"pst":0,"t":0,"ar":[{"id":12311110,"name":"HYE SUNG","tns":[],"alias":[]}],"alia":[],"pop":100.0,"st":0,"rt":"","fee":0,"v":4,"crbt":null,"cf":"","al":{"id":74251993,"name":"Sad","picUrl":"http://p1.music.126.net/AFaw9iYY37OiEFgJkkJXmQ==/109951163648118624.jpg","tns":[],"pic_str":"109951163648118624","pic":109951163648118624},"dt":190357,"h":{"br":320000,"fid":0,"size":7616305,"vd":-2.0},"m":{"br":192000,"fid":0,"size":4569800,"vd":-2.0},"l":{"br":128000,"fid":0,"size":3046548,"vd":-2.0},"a":null,"cd":"1","no":1,"rtUrl":null,"ftype":0,"rtUrls":[],"djId":0,"copyright":0,"s_id":0,"mst":9,"cp":-1,"mv":0,"rtype":0,"rurl":null,"publishTime":1540396800000},{"name":"戒烟","id":518686034,"pst":0,"t":0,"ar":[{"id":4292,"name":"李荣浩","tns":[],"alias":[]}],"alia":[],"pop":100.0,"st":0,"rt":null,"fee":8,"v":14,"crbt":null,"cf":"","al":{"id":36796018,"name":"戒烟","picUrl":"http://p1.music.126.net/rVkRzdKkIqVxRjDhN4LFHQ==/18342052975051883.jpg","tns":[],"pic_str":"18342052975051883","pic":18342052975051883},"dt":293903,"h":{"br":320000,"fid":0,"size":11757236,"vd":-2.0},"m":{"br":192000,"fid":0,"size":7054359,"vd":-2.0},"l":{"br":128000,"fid":0,"size":4702920,"vd":-1.0},"a":null,"cd":"1","no":1,"rtUrl":null,"ftype":0,"rtUrls":[],"djId":0,"copyright":0,"s_id":0,"mst":9,"cp":7002,"mv":5736067,"rtype":0,"rurl":null,"publishTime":1510588800007},{"name":"余生无你","id":1307186170,"pst":0,"t":0,"ar":[{"id":14115582,"name":"马喆","tns":[],"alias":[]}],"alia":[],"pop":100.0,"st":0,"rt":null,"fee":8,"v":8,"crbt":null,"cf":"","al":{"id":72800239,"name":"余生无你","picUrl":"http://p1.music.126.net/xv5VxElc-yhCyXV-llD_VQ==/109951163531551092.jpg","tns":[],"pic_str":"109951163531551092","pic":109951163531551092},"dt":287352,"h":{"br":320000,"fid":0,"size":11497056,"vd":-22600.0},"m":{"br":192000,"fid":0,"size":6898251,"vd":-20000.0},"l":{"br":128000,"fid":0,"size":4598848,"vd":-18200.0},"a":null,"cd":"","no":1,"rtUrl":null,"ftype":0,"rtUrls":[],"djId":0,"copyright":0,"s_id":0,"mst":9,"cp":0,"mv":0,"rtype":0,"rurl":null,"publishTime":1535932800000},{"name":"爱在","id":1336866134,"pst":0,"t":0,"ar":[{"id":30000763,"name":"杨梓霖","tns":[],"alias":[]}],"alia":[],"pop":100.0,"st":0,"rt":null,"fee":8,"v":6,"crbt":null,"cf":"","al":{"id":75018692,"name":"爱在","picUrl":"http://p1.music.126.net/fUDlcusARqZYg7nLcyidEw==/109951163780116444.jpg","tns":[],"pic_str":"109951163780116444","pic":109951163780116444},"dt":190000,"h":{"br":320000,"fid":0,"size":7602721,"vd":0.0},"m":{"br":192000,"fid":0,"size":4561650,"vd":0.0},"l":{"br":128000,"fid":0,"size":3041115,"vd":0.0},"a":null,"cd":"","no":1,"rtUrl":null,"ftype":0,"rtUrls":[],"djId":0,"copyright":2,"s_id":0,"mst":9,"cp":0,"mv":0,"rtype":0,"rurl":null,"publishTime":1546876800007},{"name":"Face My Fears (English Version)","id":1340179483,"pst":0,"t":0,"ar":[{"id":18122,"name":"宇多田ヒカル","tns":[],"alias":[]},{"id":43755,"name":"Skrillex","tns":[],"alias":[]}],"alia":["PS4游戏《王国之心3》英文版片头曲"],"pop":100.0,"st":0,"rt":"","fee":8,"v":4,"crbt":null,"cf":"","al":{"id":75207317,"name":"Face My Fears","picUrl":"http://p1.music.126.net/vmdlo92xK3dSbkyjWQ7pKA==/109951163798447008.jpg","tns":[],"pic_str":"109951163798447008","pic":109951163798447008},"dt":222017,"h":{"br":4631000,"fid":0,"size":8883766,"vd":0.0},"m":{"br":192000,"fid":0,"size":5330277,"vd":0.0},"l":{"br":128000,"fid":0,"size":3553533,"vd":0.0},"a":null,"cd":"01","no":1,"rtUrl":null,"ftype":0,"rtUrls":[],"djId":0,"copyright":1,"s_id":0,"mst":9,"cp":7001,"mv":0,"rtype":0,"rurl":null,"publishTime":1547740800007},{"name":"醉 (Live)","id":1306507878,"pst":0,"t":0,"ar":[{"id":188565,"name":"银临","tns":[],"alias":[]}],"alia":[],"pop":100.0,"st":0,"rt":null,"fee":8,"v":29,"crbt":null,"cf":"","al":{"id":71855944,"name":"音乐好朋友 第二季","picUrl":"http://p1.music.126.net/RiZ4XcDcg1Wl4k5Urw10mA==/109951163421331988.jpg","tns":[],"pic_str":"109951163421331988","pic":109951163421331988},"dt":158542,"h":{"br":320000,"fid":0,"size":6344664,"vd":-1.0},"m":{"br":192000,"fid":0,"size":3806816,"vd":-1.0},"l":{"br":128000,"fid":0,"size":2537892,"vd":-1.0},"a":null,"cd":"1","no":8,"rtUrl":null,"ftype":0,"rtUrls":[],"djId":0,"copyright":2,"s_id":0,"mst":9,"cp":760011,"mv":10778222,"rtype":0,"rurl":null,"publishTime":1538928000007},{"name":"无名之辈","id":1319655594,"pst":0,"t":0,"ar":[{"id":5538,"name":"汪苏泷","tns":[],"alias":[]}],"alia":["电影《无名之辈》同名主题曲"],"pop":100.0,"st":0,"rt":null,"fee":0,"v":24,"crbt":null,"cf":"","al":{"id":74023874,"name":"无名之辈","picUrl":"http://p1.music.126.net/O83DC93tu1FBnwb9tv-3Bg==/109951163624609260.jpg","tns":[],"pic_str":"109951163624609260","pic":109951163624609260},"dt":216814,"h":{"br":320000,"fid":0,"size":8674787,"vd":-17400.0},"m":{"br":192000,"fid":0,"size":5204889,"vd":-14900.0},"l":{"br":128000,"fid":0,"size":3469941,"vd":-13700.0},"a":null,"cd":"1","no":1,"rtUrl":null,"ftype":0,"rtUrls":[],"djId":0,"copyright":2,"s_id":0,"mst":9,"cp":1415859,"mv":10821030,"rtype":0,"rurl":null,"publishTime":1540224000000},{"name":"狂おしいほど僕には美しい","id":1338355334,"pst":0,"t":0,"ar":[{"id":191316,"name":"majiko","tns":[],"alias":[]}],"alia":[],"pop":100.0,"st":0,"rt":"","fee":8,"v":10,"crbt":null,"cf":"","al":{"id":75291452,"name":"Color","picUrl":"http://p1.music.126.net/qdaktuZnG_rPFnlSzXa0XA==/109951163811354022.jpg","tns":[],"pic_str":"109951163811354022","pic":109951163811354022},"dt":259900,"h":{"br":320000,"fid":0,"size":10398868,"vd":-4.0},"m":{"br":192000,"fid":0,"size":6239338,"vd":-4.0},"l":{"br":128000,"fid":0,"size":4159573,"vd":-4.0},"a":null,"cd":"01","no":1,"rtUrl":null,"ftype":0,"rtUrls":[],"djId":0,"copyright":1,"s_id":0,"mst":9,"cp":7003,"mv":10850250,"rtype":0,"rurl":null,"publishTime":1546963200007},{"name":"起风了","id":1330348068,"pst":0,"t":0,"ar":[{"id":12085562,"name":"买辣椒也用券","tns":[],"alias":[]}],"alia":[],"pop":100.0,"st":0,"rt":"","fee":8,"v":2,"crbt":null,"cf":"","al":{"id":74715426,"name":"起风了","picUrl":"http://p1.music.126.net/diGAyEmpymX8G7JcnElncQ==/109951163699673355.jpg","tns":[],"pic_str":"109951163699673355","pic":109951163699673355},"dt":325868,"h":{"br":320000,"fid":0,"size":13037236,"vd":-3.0},"m":{"br":192000,"fid":0,"size":7822359,"vd":-3.0},"l":{"br":128000,"fid":0,"size":5214920,"vd":-3.0},"a":null,"cd":"1","no":1,"rtUrl":null,"ftype":0,"rtUrls":[],"djId":0,"copyright":0,"s_id":0,"mst":9,"cp":1415923,"mv":10782615,"rtype":0,"rurl":null,"publishTime":0},{"name":"像我这样的人","id":569213220,"pst":0,"t":0,"ar":[{"id":12138269,"name":"毛不易","tns":[],"alias":[]}],"alia":[],"pop":100.0,"st":0,"rt":null,"fee":8,"v":95,"crbt":null,"cf":"","al":{"id":39483040,"name":"平凡的一天","picUrl":"http://p1.music.126.net/vmCcDvD1H04e9gm97xsCqg==/109951163350929740.jpg","tns":[],"pic_str":"109951163350929740","pic":109951163350929740},"dt":207466,"h":{"br":320000,"fid":0,"size":8301758,"vd":-2.0},"m":{"br":192000,"fid":0,"size":4981072,"vd":-2.0},"l":{"br":128000,"fid":0,"size":3320729,"vd":-2.0},"a":null,"cd":"2","no":1,"rtUrl":null,"ftype":0,"rtUrls":[],"djId":0,"copyright":2,"s_id":0,"mst":9,"cp":755014,"mv":5959041,"rtype":0,"rurl":null,"publishTime":1530547200007},{"name":"Corey's Intro","id":1340757816,"pst":0,"t":0,"ar":[{"id":31333378,"name":"corey","tns":[],"alias":[]}],"alia":[],"pop":100.0,"st":0,"rt":"","fee":8,"v":3,"crbt":null,"cf":"","al":{"id":75263648,"name":"XXXTENTACION Presents: Members Only, Vol. 4","picUrl":"http://p1.music.126.net/vMlB59CvHbZ0W4476fJ6CQ==/109951163803284902.jpg","tns":[],"pic_str":"109951163803284902","pic":109951163803284902},"dt":112464,"h":{"br":320000,"fid":0,"size":4501464,"vd":0.0},"m":{"br":192000,"fid":0,"size":2700896,"vd":0.0},"l":{"br":128000,"fid":0,"size":1800612,"vd":0.0},"a":null,"cd":"01","no":1,"rtUrl":null,"ftype":0,"rtUrls":[],"djId":0,"copyright":1,"s_id":0,"mst":9,"cp":1415966,"mv":0,"rtype":0,"rurl":null,"publishTime":1548172800007},{"name":"怯梦","id":1323087028,"pst":0,"t":0,"ar":[{"id":13447628,"name":"董超(C.C)","tns":[],"alias":[]}],"alia":[],"pop":95.0,"st":0,"rt":null,"fee":0,"v":33,"crbt":null,"cf":"","al":{"id":74225346,"name":"怯梦","picUrl":"http://p1.music.126.net/K9VFsgGL-lNhQivfimXEGw==/109951163647984902.jpg","tns":[],"pic_str":"109951163647984902","pic":109951163647984902},"dt":223172,"h":{"br":320000,"fid":0,"size":8929742,"vd":-9500.0},"m":{"br":192000,"fid":0,"size":5357862,"vd":-6900.0},"l":{"br":128000,"fid":0,"size":3571923,"vd":-5200.0},"a":null,"cd":"","no":1,"rtUrl":null,"ftype":0,"rtUrls":[],"djId":0,"copyright":2,"s_id":0,"mst":9,"cp":0,"mv":0,"rtype":0,"rurl":null,"publishTime":1541347200000},{"name":"FLY-飞","id":479422828,"pst":0,"t":0,"ar":[{"id":12074125,"name":"ANU","tns":[],"alias":[]}],"alia":[],"pop":100.0,"st":0,"rt":null,"fee":8,"v":23,"crbt":null,"cf":"","al":{"id":35544263,"name":"FLY-飞","picUrl":"http://p1.music.126.net/yp8qCRkDQj2NzQ68hzhEJA==/19145795974603349.jpg","tns":[],"pic_str":"19145795974603349","pic":19145795974603349},"dt":264705,"h":{"br":320000,"fid":0,"size":10591129,"vd":-2.29},"m":{"br":160000,"fid":0,"size":5295587,"vd":-1.86},"l":{"br":96000,"fid":0,"size":3177370,"vd":-1.9},"a":null,"cd":"1","no":1,"rtUrl":null,"ftype":0,"rtUrls":[],"djId":0,"copyright":0,"s_id":0,"mst":9,"cp":651010,"mv":5540085,"rtype":0,"rurl":null,"publishTime":1495209600007},{"name":"REBELLION","id":1341578197,"pst":0,"t":0,"ar":[{"id":17028,"name":"水樹奈々","tns":[],"alias":[]}],"alia":["RPG手游《叛逆性百万亚瑟王》主题曲 / オンラインRPG『叛逆性ミリオンアーサー』主題歌"],"pop":100.0,"st":0,"rt":"","fee":8,"v":2,"crbt":null,"cf":"","al":{"id":75292586,"name":"REBELLION","picUrl":"http://p1.music.126.net/ankcIREsX8yMplseQ02Qyg==/109951163811942476.jpg","tns":[],"pic_str":"109951163811942476","pic":109951163811942476},"dt":286156,"h":{"br":320000,"fid":0,"size":11448991,"vd":-4.0},"m":{"br":192000,"fid":0,"size":6869412,"vd":-4.0},"l":{"br":128000,"fid":0,"size":4579622,"vd":-4.0},"a":null,"cd":"01","no":1,"rtUrl":null,"ftype":0,"rtUrls":[],"djId":0,"copyright":0,"s_id":0,"mst":9,"cp":756010,"mv":0,"rtype":0,"rurl":null,"publishTime":0},{"name":"삐삐","id":1316563427,"pst":0,"t":0,"ar":[{"id":160947,"name":"IU","tns":[],"alias":[]}],"alia":[],"pop":100.0,"st":0,"rt":null,"fee":8,"v":7,"crbt":null,"cf":"","al":{"id":73835728,"name":"삐삐","picUrl":"http://p1.music.126.net/gxo54B2ypqq0Y6tmahBnIw==/109951163596240238.jpg","tns":["BBIBBI"],"pic_str":"109951163596240238","pic":109951163596240238},"dt":194426,"h":{"br":320000,"fid":0,"size":7779309,"vd":-3.6},"m":{"br":192000,"fid":0,"size":4667603,"vd":-3.32},"l":{"br":128000,"fid":0,"size":3111750,"vd":-3.16},"a":null,"cd":"1","no":1,"rtUrl":null,"ftype":0,"rtUrls":[],"djId":0,"copyright":0,"s_id":0,"mst":9,"cp":1410822,"mv":10799918,"rtype":0,"rurl":null,"publishTime":1539100800007,"tns":["BBIBBI"]},{"name":"当你走了","id":1334270729,"pst":0,"t":0,"ar":[{"id":1181154,"name":"吾尊","tns":[],"alias":[]}],"alia":[],"pop":100.0,"st":0,"rt":null,"fee":8,"v":11,"crbt":null,"cf":"","al":{"id":74914904,"name":"当你走了","picUrl":"http://p1.music.126.net/Mgu0fLvEkXexoAtROLi30A==/109951163747407395.jpg","tns":[],"pic_str":"109951163747407395","pic":109951163747407395},"dt":233854,"h":{"br":320000,"fid":0,"size":9357105,"vd":-2.0},"m":{"br":192000,"fid":0,"size":5614280,"vd":-2.0},"l":{"br":128000,"fid":0,"size":3742868,"vd":-1.0},"a":null,"cd":"1","no":1,"rtUrl":null,"ftype":0,"rtUrls":[],"djId":0,"copyright":2,"s_id":0,"mst":9,"cp":1385819,"mv":0,"rtype":0,"rurl":null,"publishTime":1545321600000},{"name":"一半人生","id":1339725941,"pst":0,"t":0,"ar":[{"id":1875,"name":"阿信","tns":[],"alias":[]}],"alia":["电影《飞驰人生》主题曲"],"pop":100.0,"st":0,"rt":null,"fee":8,"v":6,"crbt":null,"cf":"","al":{"id":75136874,"name":"一半人生","picUrl":"http://p1.music.126.net/FVQEtY_jFt9LEasuHtjy5Q==/109951163800058970.jpg","tns":[],"pic_str":"109951163800058970","pic":109951163800058970},"dt":278665,"h":{"br":320000,"fid":0,"size":11149105,"vd":-2.0},"m":{"br":192000,"fid":0,"size":6689480,"vd":-1.0},"l":{"br":128000,"fid":0,"size":4459668,"vd":-1.0},"a":null,"cd":"1","no":1,"rtUrl":null,"ftype":0,"rtUrls":[],"djId":0,"copyright":2,"s_id":0,"mst":9,"cp":0,"mv":0,"rtype":0,"rurl":null,"publishTime":1547481600000},{"name":"Breathe","id":1340382538,"pst":0,"t":0,"ar":[{"id":88148,"name":"Backstreet Boys","tns":[],"alias":[]}],"alia":[],"pop":100.0,"st":0,"rt":"","fee":8,"v":7,"crbt":null,"cf":"","al":{"id":75312512,"name":"DNA","picUrl":"http://p1.music.126.net/Vx13htQOb-CYYgzBsupAfQ==/109951163814044337.jpg","tns":[],"pic_str":"109951163814044337","pic":109951163814044337},"dt":186540,"h":{"br":320000,"fid":0,"size":7462705,"vd":-3.0},"m":{"br":192000,"fid":0,"size":4477640,"vd":-2.0},"l":{"br":128000,"fid":0,"size":2985108,"vd":-2.0},"a":null,"cd":"01","no":3,"rtUrl":null,"ftype":0,"rtUrls":[],"djId":0,"copyright":1,"s_id":0,"mst":9,"cp":7001,"mv":10848493,"rtype":0,"rurl":null,"publishTime":1547740800007},{"name":"Lie","id":1342152395,"pst":0,"t":0,"ar":[{"id":12119569,"name":"李迦南Doc","tns":[],"alias":[]}],"alia":[],"pop":0.0,"st":0,"rt":null,"fee":8,"v":11,"crbt":null,"cf":"","al":{"id":75329688,"name":"Lie","picUrl":"http://p1.music.126.net/5d5FfcQ7cfgDrLqRfe2J0g==/109951163818398778.jpg","tns":[],"pic_str":"109951163818398778","pic":109951163818398778},"dt":169450,"h":{"br":320000,"fid":0,"size":6780387,"vd":-6300.0},"m":{"br":192000,"fid":0,"size":4068249,"vd":-3800.0},"l":{"br":128000,"fid":0,"size":2712181,"vd":-2400.0},"a":null,"cd":"","no":1,"rtUrl":null,"ftype":0,"rtUrls":[],"djId":0,"copyright":0,"s_id":0,"mst":9,"cp":0,"mv":0,"rtype":0,"rurl":null,"publishTime":1548476057389},{"name":"谁的现在没有藏着过往","id":1340529135,"pst":0,"t":0,"ar":[{"id":1081635,"name":"二珂","tns":[],"alias":[]}],"alia":["网剧《独家记忆》插曲"],"pop":100.0,"st":0,"rt":"","fee":8,"v":3,"crbt":null,"cf":"","al":{"id":75228147,"name":"谁的现在没有藏着过往","picUrl":"http://p1.music.126.net/_I_2sZHZHBbJ1xV932l0vQ==/109951163801475106.jpg","tns":[],"pic_str":"109951163801475106","pic":109951163801475106},"dt":248845,"h":{"br":320000,"fid":0,"size":9956876,"vd":0.0},"m":{"br":192000,"fid":0,"size":5974143,"vd":0.0},"l":{"br":128000,"fid":0,"size":3982777,"vd":0.0},"a":null,"cd":"01","no":2,"rtUrl":null,"ftype":0,"rtUrls":[],"djId":0,"copyright":0,"s_id":0,"mst":9,"cp":1415969,"mv":0,"rtype":0,"rurl":null,"publishTime":0},{"name":"星期天","id":1326798980,"pst":0,"t":0,"ar":[{"id":13906123,"name":"张紫豪","tns":[],"alias":[]}],"alia":[],"pop":95.0,"st":0,"rt":null,"fee":8,"v":25,"crbt":null,"cf":"","al":{"id":74417301,"name":"星期天","picUrl":"http://p1.music.126.net/R3mrrLrhDj-uOtk-K5oM2A==/109951163680004071.jpg","tns":[],"pic_str":"109951163680004071","pic":109951163680004071},"dt":219918,"h":{"br":320000,"fid":0,"size":8799129,"vd":-2.0},"m":{"br":192000,"fid":0,"size":5279495,"vd":-2.0},"l":{"br":128000,"fid":0,"size":3519678,"vd":-1.0},"a":null,"cd":"1","no":1,"rtUrl":null,"ftype":0,"rtUrls":[],"djId":0,"copyright":0,"s_id":0,"mst":9,"cp":1403818,"mv":0,"rtype":0,"rurl":null,"publishTime":1542729600000},{"name":"余香","id":487885426,"pst":0,"t":0,"ar":[{"id":12002056,"name":"张小九","tns":[],"alias":[]}],"alia":[],"pop":100.0,"st":0,"rt":null,"fee":0,"v":39,"crbt":null,"cf":"","al":{"id":35691684,"name":"余香","picUrl":"http://p1.music.126.net/4y7L-7u0MYecYqjY_k8AYg==/109951162962767182.jpg","tns":[],"pic_str":"109951162962767182","pic":109951162962767182},"dt":246047,"h":{"br":320000,"fid":0,"size":9842982,"vd":-2.0},"m":{"br":192000,"fid":0,"size":5905807,"vd":-2.0},"l":{"br":128000,"fid":0,"size":3937219,"vd":-2.0},"a":null,"cd":"","no":1,"rtUrl":null,"ftype":0,"rtUrls":[],"djId":0,"copyright":2,"s_id":0,"mst":9,"cp":1401820,"mv":0,"rtype":0,"rurl":null,"publishTime":1498924833914},{"name":"約束","id":1341512161,"pst":0,"t":0,"ar":[{"id":19550,"name":"GReeeeN","tns":[],"alias":[]},{"id":31332210,"name":"No title","tns":[],"alias":[]}],"alia":["电影《爱呗》主题曲 / 映画『愛唄 ―約束のナクヒト―』主題歌"],"pop":100.0,"st":0,"rt":"","fee":8,"v":2,"crbt":null,"cf":"","al":{"id":75291852,"name":"約束","picUrl":"http://p1.music.126.net/I5nFRz2TVU34NubrfSVDtQ==/109951163811352151.jpg","tns":[],"pic_str":"109951163811352151","pic":109951163811352151},"dt":257253,"h":{"br":320000,"fid":0,"size":10291244,"vd":-3.0},"m":{"br":192000,"fid":0,"size":6174764,"vd":-3.0},"l":{"br":128000,"fid":0,"size":4116524,"vd":-2.0},"a":null,"cd":"01","no":1,"rtUrl":null,"ftype":0,"rtUrls":[],"djId":0,"copyright":1,"s_id":0,"mst":9,"cp":7003,"mv":0,"rtype":0,"rurl":null,"publishTime":1548172800007},{"name":"Addicted","id":1341147684,"pst":0,"t":0,"ar":[{"id":190675,"name":"Nissy(西島隆弘)","tns":[],"alias":[]}],"alia":[],"pop":85.0,"st":0,"rt":"","fee":8,"v":2,"crbt":null,"cf":"","al":{"id":75270612,"name":"Addicted","picUrl":"http://p1.music.126.net/gNniuemGbfuJyWE0MM6-PA==/109951163808024030.jpg","tns":[],"pic_str":"109951163808024030","pic":109951163808024030},"dt":170333,"h":{"br":320000,"fid":0,"size":6815913,"vd":-1.0},"m":{"br":192000,"fid":0,"size":4089565,"vd":-1.0},"l":{"br":128000,"fid":0,"size":2726391,"vd":-1.0},"a":null,"cd":"01","no":1,"rtUrl":null,"ftype":0,"rtUrls":[],"djId":0,"copyright":0,"s_id":0,"mst":9,"cp":457010,"mv":0,"rtype":0,"rurl":null,"publishTime":0},{"name":"으음으음(U Um U Um)","id":1341158180,"pst":0,"t":0,"ar":[{"id":956382,"name":"孝敏","tns":[],"alias":[]}],"alia":[],"pop":100.0,"st":0,"rt":"","fee":8,"v":5,"crbt":null,"cf":"","al":{"id":75270601,"name":"으음으음(U Um U Um)","picUrl":"http://p1.music.126.net/MXCXsrY2Jcbf_yLlSqCvyA==/109951163807994457.jpg","tns":["U Um U Um"],"pic_str":"109951163807994457","pic":109951163807994457},"dt":175971,"h":{"br":320000,"fid":0,"size":7041611,"vd":-3.0},"m":{"br":192000,"fid":0,"size":4224984,"vd":-3.0},"l":{"br":128000,"fid":0,"size":2816671,"vd":-2.0},"a":null,"cd":"01","no":1,"rtUrl":null,"ftype":0,"rtUrls":[],"djId":0,"copyright":1,"s_id":0,"mst":9,"cp":1410822,"mv":10848524,"rtype":0,"rurl":null,"publishTime":1547913600007,"tns":["U Um U Um"]},{"name":"水星记","id":441491828,"pst":0,"t":0,"ar":[{"id":2843,"name":"郭顶","tns":[],"alias":[]}],"alia":[],"pop":100.0,"st":0,"rt":null,"fee":8,"v":19,"crbt":null,"cf":"","al":{"id":35005583,"name":"飞行器的执行周期","picUrl":"http://p1.music.126.net/wSMfGvFzOAYRU_yVIfquAA==/2946691248081599.jpg","tns":[],"pic":2946691248081599},"dt":325266,"h":{"br":320000,"fid":0,"size":13013203,"vd":-2.65076E-4},"m":{"br":160000,"fid":0,"size":6506624,"vd":0.0},"l":{"br":96000,"fid":0,"size":3903992,"vd":-2.65076E-4},"a":null,"cd":"1","no":5,"rtUrl":null,"ftype":0,"rtUrls":[],"djId":0,"copyright":2,"s_id":0,"mst":9,"cp":7003,"mv":5404031,"rtype":0,"rurl":null,"publishTime":1480003200007},{"name":"年少有为","id":1293886117,"pst":0,"t":0,"ar":[{"id":4292,"name":"李荣浩","tns":[],"alias":[]}],"alia":[],"pop":100.0,"st":0,"rt":null,"fee":8,"v":13,"crbt":null,"cf":"","al":{"id":73914415,"name":"耳朵","picUrl":"http://p1.music.126.net/tt8xwK-ASC2iqXNUXYKoDQ==/109951163606377163.jpg","tns":[],"pic_str":"109951163606377163","pic":109951163606377163},"dt":279196,"h":{"br":320000,"fid":0,"size":11168958,"vd":0.0},"m":{"br":192000,"fid":0,"size":6701392,"vd":0.0},"l":{"br":128000,"fid":0,"size":4467609,"vd":0.0},"a":null,"cd":"1","no":7,"rtUrl":null,"ftype":0,"rtUrls":[],"djId":0,"copyright":1,"s_id":0,"mst":9,"cp":7002,"mv":5965802,"rtype":0,"rurl":null,"publishTime":1539705600007},{"name":"如果会是你","id":562594319,"pst":0,"t":0,"ar":[{"id":12523504,"name":"潘紫妍","tns":[],"alias":[]}],"alia":[],"pop":100.0,"st":0,"rt":null,"fee":8,"v":16,"crbt":null,"cf":"","al":{"id":38983108,"name":"如果会是你","picUrl":"http://p1.music.126.net/qXlSrD1AfajK6yc-0cKycQ==/109951163309649752.jpg","tns":[],"pic_str":"109951163309649752","pic":109951163309649752},"dt":292192,"h":{"br":320000,"fid":0,"size":11690362,"vd":-3400.0},"m":{"br":192000,"fid":0,"size":7014235,"vd":-900.0},"l":{"br":128000,"fid":0,"size":4676171,"vd":-2.0},"a":null,"cd":"","no":1,"rtUrl":null,"ftype":0,"rtUrls":[],"djId":0,"copyright":0,"s_id":0,"mst":9,"cp":687012,"mv":5912073,"rtype":0,"rurl":null,"publishTime":1526832000007},{"name":"谈杯 (Live)","id":1341972519,"pst":0,"t":0,"ar":[{"id":189955,"name":"贰婶","tns":[],"alias":[]}],"alia":[],"pop":0.0,"st":0,"rt":"","fee":0,"v":2,"crbt":null,"cf":"","al":{"id":75325132,"name":"国风美少年 第九期","picUrl":"http://p1.music.126.net/B1kXWw42fSxezos3WQU2Nw==/109951163816398389.jpg","tns":[],"pic_str":"109951163816398389","pic":109951163816398389},"dt":128821,"h":{"br":320000,"fid":0,"size":5155570,"vd":-1.0},"m":{"br":192000,"fid":0,"size":3093360,"vd":0.0},"l":{"br":128000,"fid":0,"size":2062254,"vd":0.0},"a":null,"cd":"01","no":4,"rtUrl":null,"ftype":0,"rtUrls":[],"djId":0,"copyright":0,"s_id":0,"mst":9,"cp":1415903,"mv":0,"rtype":0,"rurl":null,"publishTime":0},{"name":"真的走了","id":1340620864,"pst":0,"t":0,"ar":[{"id":12094099,"name":"徐真真","tns":[],"alias":[]}],"alia":[],"pop":100.0,"st":0,"rt":"","fee":8,"v":2,"crbt":null,"cf":"","al":{"id":75256808,"name":"真的走了","picUrl":"http://p1.music.126.net/5OLKryKQye-y3SEBkJNVIQ==/109951163802157737.jpg","tns":[],"pic_str":"109951163802157737","pic":109951163802157737},"dt":235324,"h":{"br":320000,"fid":0,"size":9415619,"vd":0.0},"m":{"br":192000,"fid":0,"size":5649389,"vd":0.0},"l":{"br":128000,"fid":0,"size":3766274,"vd":0.0},"a":null,"cd":"01","no":1,"rtUrl":null,"ftype":0,"rtUrls":[],"djId":0,"copyright":0,"s_id":0,"mst":9,"cp":530019,"mv":0,"rtype":0,"rurl":null,"publishTime":0},{"name":"那是你离开了北京的生活","id":571340283,"pst":0,"t":0,"ar":[{"id":5781,"name":"薛之谦","tns":[],"alias":[]}],"alia":[],"pop":100.0,"st":0,"rt":null,"fee":0,"v":5,"crbt":null,"cf":"","al":{"id":74999481,"name":"怪咖","picUrl":"http://p1.music.126.net/TOkRGd59o3hAOKsnMMmMMA==/109951163755246383.jpg","tns":[],"pic_str":"109951163755246383","pic":109951163755246383},"dt":268402,"h":{"br":320000,"fid":0,"size":10738460,"vd":0.0},"m":{"br":192000,"fid":0,"size":6443093,"vd":0.0},"l":{"br":128000,"fid":0,"size":4295410,"vd":0.0},"a":null,"cd":"01","no":9,"rtUrl":null,"ftype":0,"rtUrls":[],"djId":0,"copyright":0,"s_id":0,"mst":9,"cp":22036,"mv":0,"rtype":0,"rurl":null,"publishTime":1528387200007},{"name":"Let's talk about it, shall we","id":1342144209,"pst":0,"t":0,"ar":[{"id":12787978,"name":"LiRanG 李让","tns":[],"alias":[]},{"id":12140032,"name":"RJ","tns":[],"alias":[]}],"alia":[],"pop":0.0,"st":0,"rt":null,"fee":8,"v":16,"crbt":null,"cf":"","al":{"id":75303736,"name":"Let's talk about it, shall we","picUrl":"http://p1.music.126.net/16MLW4putw8lwfd8kcS2NA==/109951163818288147.jpg","tns":[],"pic_str":"109951163818288147","pic":109951163818288147},"dt":267116,"h":{"br":320000,"fid":0,"size":10687260,"vd":-3500.0},"m":{"br":192000,"fid":0,"size":6412373,"vd":-1000.0},"l":{"br":128000,"fid":0,"size":4274930,"vd":-2.0},"a":null,"cd":"","no":1,"rtUrl":null,"ftype":0,"rtUrls":[],"djId":0,"copyright":0,"s_id":0,"mst":9,"cp":0,"mv":0,"rtype":0,"rurl":null,"publishTime":1548486000000},{"name":"잠시 길을 잃다","id":1340774788,"pst":0,"t":0,"ar":[{"id":14470552,"name":"YONGZOO","tns":[],"alias":[]}],"alia":[],"pop":90.0,"st":0,"rt":"","fee":8,"v":5,"crbt":null,"cf":"","al":{"id":75263492,"name":"더 팬 4ROUND Part 2","picUrl":"http://p1.music.126.net/c11_s6PGOgVl1jb1JnGZ5A==/109951163803660826.jpg","tns":["The Fan 4Round Part 2"],"pic_str":"109951163803660826","pic":109951163803660826},"dt":257058,"h":{"br":320000,"fid":0,"size":10293333,"vd":-3.0},"m":{"br":192000,"fid":0,"size":6176017,"vd":-3.0},"l":{"br":128000,"fid":0,"size":4117359,"vd":-2.0},"a":null,"cd":"01","no":1,"rtUrl":null,"ftype":0,"rtUrls":[],"djId":0,"copyright":0,"s_id":0,"mst":9,"cp":1415909,"mv":10846548,"rtype":0,"rurl":null,"publishTime":0},{"name":"起风了 (Acoustic)","id":1330346904,"pst":0,"t":0,"ar":[{"id":12085562,"name":"买辣椒也用券","tns":[],"alias":[]}],"alia":[],"pop":100.0,"st":0,"rt":"","fee":8,"v":1,"crbt":null,"cf":"","al":{"id":74715426,"name":"起风了","picUrl":"http://p1.music.126.net/diGAyEmpymX8G7JcnElncQ==/109951163699673355.jpg","tns":[],"pic_str":"109951163699673355","pic":109951163699673355},"dt":321592,"h":{"br":320000,"fid":0,"size":12865872,"vd":0.0},"m":{"br":192000,"fid":0,"size":7719541,"vd":0.0},"l":{"br":128000,"fid":0,"size":5146375,"vd":0.0},"a":null,"cd":"1","no":2,"rtUrl":null,"ftype":0,"rtUrls":[],"djId":0,"copyright":0,"s_id":0,"mst":9,"cp":1415923,"mv":0,"rtype":0,"rurl":null,"publishTime":0},{"name":"散","id":531811191,"pst":0,"t":0,"ar":[{"id":12471927,"name":"江皓南","tns":[],"alias":[]}],"alia":[],"pop":95.0,"st":0,"rt":null,"fee":0,"v":12,"crbt":null,"cf":"","al":{"id":37354099,"name":"散","picUrl":"http://p1.music.126.net/csYjp31o_GB7uVobfYa2Cg==/109951163112736357.jpg","tns":[],"pic_str":"109951163112736357","pic":109951163112736357},"dt":301700,"h":{"br":320000,"fid":0,"size":12070705,"vd":-1.77},"m":{"br":192000,"fid":0,"size":7242440,"vd":-1.52},"l":{"br":128000,"fid":0,"size":4828308,"vd":-1.35},"a":null,"cd":"","no":1,"rtUrl":null,"ftype":0,"rtUrls":[],"djId":0,"copyright":0,"s_id":0,"mst":9,"cp":0,"mv":0,"rtype":0,"rurl":null,"publishTime":1516361774181},{"name":"就当他没来过","id":1337205804,"pst":0,"t":0,"ar":[{"id":12077204,"name":"陈壹千","tns":[],"alias":[]}],"alia":[],"pop":100.0,"st":0,"rt":null,"fee":8,"v":9,"crbt":null,"cf":"","al":{"id":75024758,"name":"就当他没来过","picUrl":"http://p1.music.126.net/7ftAI7noVo6Iyr25PanSew==/109951163811671833.jpg","tns":[],"pic_str":"109951163811671833","pic":109951163811671833},"dt":281690,"h":{"br":320000,"fid":0,"size":11270313,"vd":-1.0},"m":{"br":192000,"fid":0,"size":6762205,"vd":-1.0},"l":{"br":128000,"fid":0,"size":4508151,"vd":-1.0},"a":null,"cd":"","no":1,"rtUrl":null,"ftype":0,"rtUrls":[],"djId":0,"copyright":0,"s_id":0,"mst":9,"cp":0,"mv":0,"rtype":0,"rurl":null,"publishTime":1546579938889},{"name":"盗将行","id":574566207,"pst":0,"t":0,"ar":[{"id":8103,"name":"花粥","tns":[],"alias":[]},{"id":826336,"name":"马雨阳","tns":[],"alias":[]}],"alia":[],"pop":100.0,"st":0,"rt":null,"fee":8,"v":22,"crbt":null,"cf":"","al":{"id":39752444,"name":"粥请客（二）","picUrl":"http://p1.music.126.net/-qHPT3rhxDlu5zQV9NcQ-A==/109951163555860423.jpg","tns":[],"pic_str":"109951163555860423","pic":109951163555860423},"dt":198126,"h":{"br":320000,"fid":0,"size":7927685,"vd":-26199.0},"m":{"br":192000,"fid":0,"size":4756628,"vd":-23599.0},"l":{"br":128000,"fid":0,"size":3171100,"vd":-21900.0},"a":null,"cd":"","no":1,"rtUrl":null,"ftype":0,"rtUrls":[],"djId":0,"copyright":0,"s_id":0,"mst":9,"cp":0,"mv":0,"rtype":0,"rurl":null,"publishTime":1529366400000},{"name":"20岁30岁40岁","id":1335968312,"pst":0,"t":0,"ar":[{"id":1146112,"name":"曾婕Joey.Z","tns":[],"alias":[]}],"alia":[],"pop":100.0,"st":0,"rt":"","fee":8,"v":5,"crbt":null,"cf":"","al":{"id":74997746,"name":"20岁30岁40岁","picUrl":"http://p1.music.126.net/-HrOFDdHaCg-_bl6MlqFQw==/109951163753269739.jpg","tns":[],"pic_str":"109951163753269739","pic":109951163753269739},"dt":224240,"h":{"br":320000,"fid":0,"size":8972582,"vd":-2.0},"m":{"br":192000,"fid":0,"size":5383567,"vd":-2.0},"l":{"br":128000,"fid":0,"size":3589059,"vd":-1.0},"a":null,"cd":"01","no":1,"rtUrl":null,"ftype":0,"rtUrls":[],"djId":0,"copyright":0,"s_id":0,"mst":9,"cp":1415925,"mv":0,"rtype":0,"rurl":null,"publishTime":0},{"name":"空空如也 ","id":526464293,"pst":0,"t":0,"ar":[{"id":9255,"name":"任然","tns":[],"alias":[]}],"alia":[],"pop":100.0,"st":0,"rt":null,"fee":8,"v":12,"crbt":null,"cf":"","al":{"id":37087074,"name":"空空如也","picUrl":"http://p1.music.126.net/84FJjDgb51TmRqixaUpshg==/109951163094476391.jpg","tns":[],"pic_str":"109951163094476391","pic":109951163094476391},"dt":213846,"h":{"br":320000,"fid":0,"size":8556713,"vd":-2.01},"m":{"br":192000,"fid":0,"size":5134045,"vd":-1.75},"l":{"br":128000,"fid":0,"size":3422711,"vd":-1.59},"a":null,"cd":"","no":1,"rtUrl":null,"ftype":0,"rtUrls":[],"djId":0,"copyright":0,"s_id":0,"mst":9,"cp":650011,"mv":0,"rtype":0,"rurl":null,"publishTime":1514390400007},{"name":"for him.","id":37955044,"pst":0,"t":0,"ar":[{"id":45129,"name":"Troye Sivan","tns":[],"alias":[]},{"id":784209,"name":"Allday","tns":[],"alias":[]}],"alia":[],"pop":100.0,"st":0,"rt":null,"fee":8,"v":35,"crbt":null,"cf":"","al":{"id":3329047,"name":"Blue Neighbourhood (Deluxe)","picUrl":"http://p1.music.126.net/iOeMIf1fhlHotBAx-Vooyw==/3404088002870760.jpg","tns":[],"pic":3404088002870760},"dt":208706,"h":{"br":320000,"fid":0,"size":8350868,"vd":-2.82},"m":{"br":160000,"fid":0,"size":4175457,"vd":-2.4},"l":{"br":96000,"fid":0,"size":2505292,"vd":-2.48},"a":null,"cd":"1","no":12,"rtUrl":null,"ftype":0,"rtUrls":[],"djId":0,"copyright":2,"s_id":0,"mst":9,"cp":7003,"mv":0,"rtype":0,"rurl":null,"publishTime":1449158400007},{"name":"1376","id":1297532278,"pst":0,"t":0,"ar":[{"id":12074125,"name":"ANU","tns":[],"alias":[]}],"alia":[],"pop":100.0,"st":0,"rt":null,"fee":8,"v":18,"crbt":null,"cf":"","al":{"id":72014959,"name":"1376","picUrl":"http://p1.music.126.net/TVeHu8GI4RzPV-wdOcaH3g==/109951163438525671.jpg","tns":[],"pic_str":"109951163438525671","pic":109951163438525671},"dt":238043,"h":{"br":320000,"fid":0,"size":9524289,"vd":0.0},"m":{"br":192000,"fid":0,"size":5714591,"vd":0.0},"l":{"br":128000,"fid":0,"size":3809742,"vd":0.0},"a":null,"cd":"1","no":1,"rtUrl":null,"ftype":0,"rtUrls":[],"djId":0,"copyright":2,"s_id":0,"mst":9,"cp":651010,"mv":0,"rtype":0,"rurl":null,"publishTime":1532966400000},{"name":"其实我比你们更讨厌我自己","id":1342081044,"pst":0,"t":0,"ar":[{"id":12345474,"name":"几鱼","tns":[],"alias":[]},{"id":12235146,"name":"FAT TIGER","tns":[],"alias":[]}],"alia":[],"pop":0.0,"st":0,"rt":"","fee":8,"v":2,"crbt":null,"cf":"","al":{"id":75329543,"name":"爱","picUrl":"http://p1.music.126.net/CxvOwYk_8wbUpenNhdIeFg==/109951163817467053.jpg","tns":[],"pic_str":"109951163817467053","pic":109951163817467053},"dt":350730,"h":{"br":320000,"fid":0,"size":14031978,"vd":0.0},"m":{"br":192000,"fid":0,"size":8419204,"vd":0.0},"l":{"br":128000,"fid":0,"size":5612817,"vd":0.0},"a":null,"cd":"01","no":1,"rtUrl":null,"ftype":0,"rtUrls":[],"djId":0,"copyright":0,"s_id":0,"mst":9,"cp":530019,"mv":0,"rtype":0,"rurl":null,"publishTime":0},{"name":"鹦鹉","id":1321392802,"pst":0,"t":0,"ar":[{"id":12270575,"name":"孟凡明","tns":[],"alias":[]}],"alia":[],"pop":100.0,"st":0,"rt":null,"fee":8,"v":4,"crbt":null,"cf":"","al":{"id":74157902,"name":"鹦鹉","picUrl":"http://p1.music.126.net/8j1Or2EFUGzsiaobieM8yQ==/109951163649699436.jpg","tns":[],"pic_str":"109951163649699436","pic":109951163649699436},"dt":264129,"h":{"br":320000,"fid":0,"size":10568142,"vd":3596.0},"m":{"br":192000,"fid":0,"size":6340902,"vd":4136.0},"l":{"br":128000,"fid":0,"size":4227283,"vd":2250.0},"a":null,"cd":"","no":1,"rtUrl":null,"ftype":0,"rtUrls":[],"djId":0,"copyright":0,"s_id":0,"mst":9,"cp":0,"mv":0,"rtype":0,"rurl":null,"publishTime":1541779200007},{"name":"竹 (Bamboo)","id":1308818970,"pst":0,"t":0,"ar":[{"id":92526,"name":"Far East Movement","tns":[],"alias":[]},{"id":6472,"name":"张杰","tns":[],"alias":[]}],"alia":[],"pop":100.0,"st":0,"rt":null,"fee":1,"v":26,"crbt":null,"cf":"","al":{"id":73326641,"name":"竹 (Bamboo)","picUrl":"http://p1.music.126.net/Cz1rFEc1EwFsW1gBXi-yEg==/109951163552724449.jpg","tns":[],"pic_str":"109951163552724449","pic":109951163552724449},"dt":214257,"h":{"br":320000,"fid":0,"size":8573431,"vd":-4900.0},"m":{"br":192000,"fid":0,"size":5144076,"vd":-2700.0},"l":{"br":128000,"fid":0,"size":3429399,"vd":-700.0},"a":null,"cd":"1","no":1,"rtUrl":null,"ftype":0,"rtUrls":[],"djId":0,"copyright":2,"s_id":0,"mst":9,"cp":1405820,"mv":10836124,"rtype":0,"rurl":null,"publishTime":1539878400007},{"name":"楚天舒 (Live)","id":1341974286,"pst":0,"t":0,"ar":[{"id":30891238,"name":"陈梓铭","tns":[],"alias":[]}],"alia":[],"pop":0.0,"st":0,"rt":"","fee":0,"v":2,"crbt":null,"cf":"","al":{"id":75325132,"name":"国风美少年 第九期","picUrl":"http://p1.music.126.net/B1kXWw42fSxezos3WQU2Nw==/109951163816398389.jpg","tns":[],"pic_str":"109951163816398389","pic":109951163816398389},"dt":146473,"h":{"br":320000,"fid":0,"size":5861921,"vd":-1.0},"m":{"br":192000,"fid":0,"size":3517170,"vd":-1.0},"l":{"br":128000,"fid":0,"size":2344795,"vd":-1.0},"a":null,"cd":"01","no":1,"rtUrl":null,"ftype":0,"rtUrls":[],"djId":0,"copyright":0,"s_id":0,"mst":9,"cp":1415903,"mv":0,"rtype":0,"rurl":null,"publishTime":0},{"name":"天亮以前说再见","id":1320097340,"pst":0,"t":0,"ar":[{"id":30471284,"name":"何野","tns":[],"alias":[]}],"alia":[],"pop":100.0,"st":0,"rt":null,"fee":8,"v":6,"crbt":null,"cf":"","al":{"id":74061745,"name":"天亮以前说再见","picUrl":"http://p1.music.126.net/flYw6Tw2lCtJBbX99DEVkQ==/109951163628395436.jpg","tns":[],"pic_str":"109951163628395436","pic":109951163628395436},"dt":240006,"h":{"br":320000,"fid":0,"size":9602656,"vd":-34100.0},"m":{"br":192000,"fid":0,"size":5761611,"vd":-31600.0},"l":{"br":128000,"fid":0,"size":3841088,"vd":-29800.0},"a":null,"cd":"01","no":1,"rtUrl":null,"ftype":0,"rtUrls":[],"djId":0,"copyright":0,"s_id":0,"mst":9,"cp":650011,"mv":10808802,"rtype":0,"rurl":null,"publishTime":1540742400007},{"name":"东西","id":1311319058,"pst":0,"t":0,"ar":[{"id":30107224,"name":"林俊呈","tns":[],"alias":[]}],"alia":[],"pop":100.0,"st":0,"rt":null,"fee":8,"v":10,"crbt":null,"cf":"","al":{"id":73445668,"name":"东西","picUrl":"http://p1.music.126.net/lImkmFfPTf6sfmNeXc3MqQ==/109951163559198470.jpg","tns":[],"pic_str":"109951163559198470","pic":109951163559198470},"dt":162363,"h":{"br":320000,"fid":0,"size":6497219,"vd":-0.58},"m":{"br":192000,"fid":0,"size":3898349,"vd":-0.32},"l":{"br":128000,"fid":0,"size":2598914,"vd":-0.14},"a":null,"cd":"","no":1,"rtUrl":null,"ftype":0,"rtUrls":[],"djId":0,"copyright":0,"s_id":0,"mst":9,"cp":1403818,"mv":0,"rtype":0,"rurl":null,"publishTime":1537459200007},{"name":"Fly","id":543988435,"pst":0,"t":0,"ar":[{"id":1060019,"name":"Marshmello","tns":[],"alias":[]},{"id":0,"name":"Leau Culver","tns":[],"alias":[]}],"alia":[],"pop":100.0,"st":0,"rt":null,"fee":0,"v":5,"crbt":null,"cf":"","al":{"id":37886083,"name":"Fly","picUrl":"http://p1.music.126.net/buGJLT7Ys_69-CKcUKGiKQ==/109951163179826703.jpg","tns":[],"pic_str":"109951163179826703","pic":109951163179826703},"dt":193828,"h":{"br":320000,"fid":0,"size":7755276,"vd":-2.0},"m":{"br":192000,"fid":0,"size":4653183,"vd":-1.0},"l":{"br":128000,"fid":0,"size":3102137,"vd":-1.0},"a":null,"cd":"","no":1,"rtUrl":null,"ftype":0,"rtUrls":[],"djId":0,"copyright":2,"s_id":0,"mst":9,"cp":0,"mv":5853043,"rtype":0,"rurl":null,"publishTime":1520524800007},{"name":"有人","id":1297750769,"pst":0,"t":0,"ar":[{"id":1032247,"name":"赵钶","tns":[],"alias":[]}],"alia":[],"pop":100.0,"st":0,"rt":null,"fee":8,"v":13,"crbt":null,"cf":"","al":{"id":72070880,"name":"有人","picUrl":"http://p1.music.126.net/Q14TNDAXb8DnXTl08wZD7Q==/109951163440240805.jpg","tns":[],"pic_str":"109951163440240805","pic":109951163440240805},"dt":254085,"h":{"br":320000,"fid":0,"size":10165856,"vd":-2.0},"m":{"br":192000,"fid":0,"size":6099531,"vd":-1.0},"l":{"br":128000,"fid":0,"size":4066368,"vd":-1.0},"a":null,"cd":"","no":1,"rtUrl":null,"ftype":0,"rtUrls":[],"djId":0,"copyright":2,"s_id":0,"mst":9,"cp":760012,"mv":0,"rtype":0,"rurl":null,"publishTime":1533225600007},{"name":"放假了","id":1313052287,"pst":0,"t":0,"ar":[{"id":12444454,"name":"董嘉鸿","tns":[],"alias":[]}],"alia":[],"pop":100.0,"st":0,"rt":null,"fee":8,"v":5,"crbt":null,"cf":"","al":{"id":73470917,"name":"放假了","picUrl":"http://p1.music.126.net/tmrjJ0BTiDEkBaYKkD2vsA==/109951163573447904.jpg","tns":[],"pic_str":"109951163573447904","pic":109951163573447904},"dt":173538,"h":{"br":320000,"fid":0,"size":6944436,"vd":-1000.0},"m":{"br":192000,"fid":0,"size":4166679,"vd":292.0},"l":{"br":128000,"fid":0,"size":2777800,"vd":-2.0},"a":null,"cd":"","no":0,"rtUrl":null,"ftype":0,"rtUrls":[],"djId":0,"copyright":0,"s_id":0,"mst":9,"cp":754021,"mv":0,"rtype":0,"rurl":null,"publishTime":1538236800007},{"name":"Don't Go Breaking My Heart","id":1341776114,"pst":0,"t":0,"ar":[{"id":88148,"name":"Backstreet Boys","tns":[],"alias":[]}],"alia":[],"pop":95.0,"st":0,"rt":"","fee":8,"v":2,"crbt":null,"cf":"","al":{"id":75312512,"name":"DNA","picUrl":"http://p1.music.126.net/Vx13htQOb-CYYgzBsupAfQ==/109951163814044337.jpg","tns":[],"pic_str":"109951163814044337","pic":109951163814044337},"dt":215771,"h":{"br":320000,"fid":0,"size":8631946,"vd":-1.0},"m":{"br":192000,"fid":0,"size":5179185,"vd":-1.0},"l":{"br":128000,"fid":0,"size":3452804,"vd":-1.0},"a":null,"cd":"01","no":1,"rtUrl":null,"ftype":0,"rtUrls":[],"djId":0,"copyright":1,"s_id":0,"mst":9,"cp":7001,"mv":0,"rtype":0,"rurl":null,"publishTime":1548345600007},{"name":"VORACITY","id":865048551,"pst":0,"t":0,"ar":[{"id":1137126,"name":"MYTH & ROID","tns":[],"alias":[]}],"alia":["TV动画《OVERLORD III》片头曲 / TVアニメ「オーバーロードIII」OPテーマ"],"pop":100.0,"st":0,"rt":null,"fee":0,"v":20,"crbt":null,"cf":"","al":{"id":71724129,"name":"VORACITY","picUrl":"http://p1.music.126.net/ReAYr4wvgBj0um8gRaTtCg==/109951163402333372.jpg","tns":[],"pic_str":"109951163402333372","pic":109951163402333372},"dt":230016,"h":{"br":320000,"fid":0,"size":9203505,"vd":-3.0},"m":{"br":192000,"fid":0,"size":5522120,"vd":-2.0},"l":{"br":128000,"fid":0,"size":3681428,"vd":-2.0},"a":null,"cd":"1","no":1,"rtUrl":null,"ftype":0,"rtUrls":[],"djId":0,"copyright":2,"s_id":0,"mst":9,"cp":663018,"mv":10730347,"rtype":0,"rurl":null,"publishTime":1532448000007},{"name":"Way Back Home","id":863046037,"pst":0,"t":0,"ar":[{"id":1150188,"name":"SHAUN","tns":[],"alias":[]}],"alia":[],"pop":100.0,"st":0,"rt":null,"fee":8,"v":7,"crbt":null,"cf":"","al":{"id":71679862,"name":"Take","picUrl":"http://p1.music.126.net/hFLJ43qVxjUD7HxH5QS41w==/109951163811278732.jpg","tns":[],"pic_str":"109951163811278732","pic":109951163811278732},"dt":214177,"h":{"br":320000,"fid":0,"size":8568207,"vd":-2.0},"m":{"br":192000,"fid":0,"size":5140942,"vd":-2.0},"l":{"br":128000,"fid":0,"size":3427309,"vd":-1.0},"a":null,"cd":"01","no":1,"rtUrl":null,"ftype":0,"rtUrls":[],"djId":0,"copyright":1,"s_id":0,"mst":9,"cp":7002,"mv":10779262,"rtype":0,"rurl":null,"publishTime":1530028800007},{"name":"HAPPY BIRTHDAY","id":1342091220,"pst":0,"t":0,"ar":[{"id":28864348,"name":"金少宇","tns":[],"alias":[]},{"id":13794799,"name":"生鱼","tns":[],"alias":[]}],"alia":[],"pop":0.0,"st":0,"rt":null,"fee":8,"v":25,"crbt":null,"cf":"","al":{"id":75294398,"name":"HAPPY BIRTHDAY","picUrl":"http://p1.music.126.net/6-dExKs7P2y-k5A66RsWUw==/109951163817606312.jpg","tns":[],"pic_str":"109951163817606312","pic":109951163817606312},"dt":219120,"h":{"br":320000,"fid":0,"size":8767782,"vd":-24200.0},"m":{"br":192000,"fid":0,"size":5260687,"vd":-21700.0},"l":{"br":128000,"fid":0,"size":3507139,"vd":-20100.0},"a":null,"cd":"","no":1,"rtUrl":null,"ftype":0,"rtUrls":[],"djId":0,"copyright":0,"s_id":0,"mst":9,"cp":0,"mv":0,"rtype":0,"rurl":null,"publishTime":1548432813103},{"name":"Je te le donne","id":1320557369,"pst":0,"t":0,"ar":[{"id":561485,"name":"Slimane","tns":[],"alias":[]},{"id":83879,"name":"Vitaa","tns":[],"alias":[]}],"alia":[],"pop":70.0,"st":0,"rt":"","fee":8,"v":6,"crbt":null,"cf":"","al":{"id":74096527,"name":"Solune","picUrl":"http://p1.music.126.net/egbI8r333eI_emTIcgluVA==/109951163634364622.jpg","tns":[],"pic_str":"109951163634364622","pic":109951163634364622},"dt":234004,"h":{"br":320000,"fid":0,"size":9361285,"vd":-18500.0},"m":{"br":192000,"fid":0,"size":5616788,"vd":-15900.0},"l":{"br":128000,"fid":0,"size":3744540,"vd":-14299.0},"a":null,"cd":"01","no":18,"rtUrl":null,"ftype":0,"rtUrls":[],"djId":0,"copyright":1,"s_id":0,"mst":9,"cp":7003,"mv":10829125,"rtype":0,"rurl":null,"publishTime":1540483200007},{"name":"可乐","id":1340200924,"pst":0,"t":0,"ar":[{"id":1038040,"name":"赵紫骅","tns":[],"alias":[]}],"alia":[],"pop":100.0,"st":0,"rt":"","fee":8,"v":2,"crbt":null,"cf":"","al":{"id":75208295,"name":"可乐","picUrl":"http://p1.music.126.net/tdFk3G18Jd2i83NNE8mJYg==/109951163798571455.jpg","tns":[],"pic_str":"109951163798571455","pic":109951163798571455},"dt":345984,"h":{"br":320000,"fid":0,"size":13841807,"vd":-1.0},"m":{"br":192000,"fid":0,"size":8305102,"vd":-1.0},"l":{"br":128000,"fid":0,"size":5536749,"vd":-1.0},"a":null,"cd":"01","no":1,"rtUrl":null,"ftype":0,"rtUrls":[],"djId":0,"copyright":1,"s_id":0,"mst":9,"cp":22036,"mv":0,"rtype":0,"rurl":null,"publishTime":1547654400007},{"name":"倒数","id":1299550532,"pst":0,"t":0,"ar":[{"id":7763,"name":"G.E.M.邓紫棋","tns":[],"alias":[]}],"alia":[],"pop":100.0,"st":0,"rt":null,"fee":8,"v":15,"crbt":null,"cf":"","al":{"id":72709830,"name":"另一个童话","picUrl":"http://p1.music.126.net/tXCIFsVDK6IKcQ9YWxwOEg==/109951163523944497.jpg","tns":[],"pic_str":"109951163523944497","pic":109951163523944497},"dt":229333,"h":{"br":320000,"fid":0,"size":9176338,"vd":-15900.0},"m":{"br":192000,"fid":0,"size":5505820,"vd":-13400.0},"l":{"br":128000,"fid":0,"size":3670561,"vd":-11799.0},"a":null,"cd":"","no":1,"rtUrl":null,"ftype":0,"rtUrls":[],"djId":0,"copyright":0,"s_id":0,"mst":9,"cp":1415926,"mv":5965351,"rtype":0,"rurl":null,"publishTime":1534348800007},{"name":"2 soon","id":1303019276,"pst":0,"t":0,"ar":[{"id":12544511,"name":"keshi","tns":[],"alias":[]}],"alia":[],"pop":100.0,"st":0,"rt":null,"fee":0,"v":3,"crbt":null,"cf":"","al":{"id":72385710,"name":"2 soon","picUrl":"http://p1.music.126.net/Mvls_K7klzCejS78LREySA==/109951163488957692.jpg","tns":[],"pic_str":"109951163488957692","pic":109951163488957692},"dt":206579,"h":{"br":320000,"fid":0,"size":8265187,"vd":0.0},"m":{"br":192000,"fid":0,"size":4959129,"vd":0.0},"l":{"br":128000,"fid":0,"size":3306101,"vd":0.0},"a":null,"cd":"","no":1,"rtUrl":null,"ftype":0,"rtUrls":[],"djId":0,"copyright":0,"s_id":0,"mst":9,"cp":0,"mv":0,"rtype":0,"rurl":null,"publishTime":1534780800007},{"name":"动物世界","id":468517654,"pst":0,"t":0,"ar":[{"id":5781,"name":"薛之谦","tns":[],"alias":[]}],"alia":[],"pop":100.0,"st":0,"rt":null,"fee":0,"v":26,"crbt":null,"cf":"","al":{"id":36855053,"name":"渡","picUrl":"http://p1.music.126.net/fNbj5uDwltSDLbETdnEYYQ==/109951163069265719.jpg","tns":[],"pic_str":"109951163069265719","pic":109951163069265719},"dt":230457,"h":{"br":320000,"fid":0,"size":9221268,"vd":-2.0},"m":{"br":192000,"fid":0,"size":5532778,"vd":-2.0},"l":{"br":128000,"fid":0,"size":3688533,"vd":-1.0},"a":null,"cd":"","no":1,"rtUrl":null,"ftype":0,"rtUrls":[],"djId":0,"copyright":2,"s_id":0,"mst":9,"cp":14026,"mv":5521812,"rtype":0,"rurl":null,"publishTime":1490716800007},{"name":"我不爱你了","id":1293821535,"pst":0,"t":0,"ar":[{"id":12559141,"name":"孙涵","tns":[],"alias":[]}],"alia":[],"pop":100.0,"st":0,"rt":null,"fee":0,"v":23,"crbt":null,"cf":"","al":{"id":71834629,"name":"我不爱你了","picUrl":"http://p1.music.126.net/qYf8V-eaQ-vbnpUwLAvGPA==/109951163407591135.jpg","tns":[],"pic_str":"109951163407591135","pic":109951163407591135},"dt":378865,"h":{"br":320000,"fid":0,"size":15157333,"vd":0.0},"m":{"br":192000,"fid":0,"size":9094417,"vd":0.0},"l":{"br":128000,"fid":0,"size":6062959,"vd":0.0},"a":null,"cd":"","no":1,"rtUrl":null,"ftype":0,"rtUrls":[],"djId":0,"copyright":0,"s_id":0,"mst":9,"cp":0,"mv":0,"rtype":0,"rurl":null,"publishTime":1531497600000},{"name":"路之遥","id":1341940546,"pst":0,"t":0,"ar":[{"id":166033,"name":"丁丁","tns":[],"alias":[]}],"alia":["电视剧《招摇》片尾曲"],"pop":0.0,"st":0,"rt":"","fee":8,"v":2,"crbt":null,"cf":"","al":{"id":75323086,"name":"路之遥","picUrl":"http://p1.music.126.net/760ZgRAzDD8An9ob9UGRBg==/109951163815997796.jpg","tns":[],"pic_str":"109951163815997796","pic":109951163815997796},"dt":187968,"h":{"br":320000,"fid":0,"size":7521219,"vd":0.0},"m":{"br":192000,"fid":0,"size":4512749,"vd":0.0},"l":{"br":128000,"fid":0,"size":3008514,"vd":0.0},"a":null,"cd":"01","no":1,"rtUrl":null,"ftype":0,"rtUrls":[],"djId":0,"copyright":0,"s_id":0,"mst":9,"cp":417014,"mv":0,"rtype":0,"rurl":null,"publishTime":0},{"name":"只需要你是你","id":1341827166,"pst":0,"t":0,"ar":[{"id":31341445,"name":"Middle J","tns":[],"alias":[]},{"id":31336453,"name":"Zeroone","tns":[],"alias":[]}],"alia":[],"pop":30.0,"st":0,"rt":null,"fee":0,"v":18,"crbt":null,"cf":"","al":{"id":75298670,"name":"只需要你是你","picUrl":"http://p1.music.126.net/UfcLzFwhZGQALAswTiNuxw==/109951163814523585.jpg","tns":[],"pic_str":"109951163814523585","pic":109951163814523585},"dt":193636,"h":{"br":320000,"fid":0,"size":7747962,"vd":-3000.0},"m":{"br":192000,"fid":0,"size":4648795,"vd":-100.0},"l":{"br":128000,"fid":0,"size":3099211,"vd":1500.0},"a":null,"cd":"","no":1,"rtUrl":null,"ftype":0,"rtUrls":[],"djId":0,"copyright":0,"s_id":0,"mst":9,"cp":0,"mv":0,"rtype":0,"rurl":null,"publishTime":1548326259540},{"name":"Girls Like You","id":1341919996,"pst":0,"t":0,"ar":[{"id":96266,"name":"Maroon 5","tns":[],"alias":[]},{"id":12504253,"name":"Cardi B","tns":[],"alias":[]}],"alia":[],"pop":90.0,"st":0,"rt":"","fee":8,"v":3,"crbt":null,"cf":"","al":{"id":75320189,"name":"2019 GRAMMY® Nominees","picUrl":"http://p1.music.126.net/WinWeUhxDSiH0DXQH98QSg==/109951163816233112.jpg","tns":[],"pic_str":"109951163816233112","pic":109951163816233112},"dt":235572,"h":{"br":320000,"fid":0,"size":9423978,"vd":-1.0},"m":{"br":192000,"fid":0,"size":5654404,"vd":-1.0},"l":{"br":128000,"fid":0,"size":3769617,"vd":-1.0},"a":null,"cd":"01","no":19,"rtUrl":null,"ftype":0,"rtUrls":[],"djId":0,"copyright":1,"s_id":0,"mst":9,"cp":7003,"mv":0,"rtype":0,"rurl":null,"publishTime":1548345600000},{"name":"说散就散","id":468513829,"pst":0,"t":0,"ar":[{"id":12347360,"name":"JC陈泳彤","tns":[],"alias":[]}],"alia":[],"pop":100.0,"st":0,"rt":null,"fee":8,"v":25,"crbt":null,"cf":"","al":{"id":35313453,"name":"说散就散","picUrl":"http://p1.music.126.net/LSBrAS5oxxQHouvqLDR4lA==/19095218439644352.jpg","tns":[],"pic_str":"19095218439644352","pic":19095218439644352},"dt":230608,"h":{"br":320000,"fid":0,"size":9225448,"vd":-10200.0},"m":{"br":192000,"fid":0,"size":5535286,"vd":-7500.0},"l":{"br":128000,"fid":0,"size":3690205,"vd":-5899.0},"a":null,"cd":"1","no":1,"rtUrl":null,"ftype":0,"rtUrls":[],"djId":0,"copyright":0,"s_id":0,"mst":9,"cp":1416004,"mv":5540146,"rtype":0,"rurl":null,"publishTime":1465833600007},{"name":"南风北巷","id":1325702742,"pst":0,"t":0,"ar":[{"id":29392693,"name":"解忧邵帅","tns":[],"alias":[]}],"alia":[],"pop":100.0,"st":0,"rt":null,"fee":8,"v":39,"crbt":null,"cf":"","al":{"id":74387689,"name":"借忧 所以然","picUrl":"http://p1.music.126.net/Txr6At7-WyGW16JF_V26Hg==/109951163691637080.jpg","tns":[],"pic_str":"109951163691637080","pic":109951163691637080},"dt":250330,"h":{"br":320000,"fid":0,"size":10015391,"vd":-13099.0},"m":{"br":192000,"fid":0,"size":6009252,"vd":-10300.0},"l":{"br":128000,"fid":0,"size":4006182,"vd":-8400.0},"a":null,"cd":"","no":1,"rtUrl":null,"ftype":0,"rtUrls":[],"djId":0,"copyright":2,"s_id":0,"mst":9,"cp":0,"mv":0,"rtype":0,"rurl":null,"publishTime":1542269706048},{"name":"黄家湖333号","id":1341851347,"pst":0,"t":0,"ar":[{"id":12936069,"name":"Tomblue","tns":[],"alias":[]}],"alia":[],"pop":70.0,"st":0,"rt":null,"fee":0,"v":15,"crbt":null,"cf":"","al":{"id":75298169,"name":"“Hello”","picUrl":"http://p1.music.126.net/lUJ7Yv6LTBSpwPYYOPVZWw==/109951163814869218.jpg","tns":[],"pic_str":"109951163814869218","pic":109951163814869218},"dt":164295,"h":{"br":320000,"fid":0,"size":6574542,"vd":-24100.0},"m":{"br":192000,"fid":0,"size":3944742,"vd":-21700.0},"l":{"br":128000,"fid":0,"size":2629843,"vd":-19700.0},"a":null,"cd":"","no":4,"rtUrl":null,"ftype":0,"rtUrls":[],"djId":0,"copyright":0,"s_id":0,"mst":9,"cp":0,"mv":0,"rtype":0,"rurl":null,"publishTime":1548345600000},{"name":"为了","id":1342076801,"pst":0,"t":0,"ar":[{"id":12287780,"name":"前男友","tns":[],"alias":[]},{"id":30129945,"name":"Zha zhA","tns":[],"alias":[]}],"alia":[],"pop":0.0,"st":0,"rt":"","fee":8,"v":2,"crbt":null,"cf":"","al":{"id":75331637,"name":"为了","picUrl":"http://p1.music.126.net/olyjmGVvEEDiXlcccAYSiQ==/109951163817391408.jpg","tns":[],"pic_str":"109951163817391408","pic":109951163817391408},"dt":185000,"h":{"br":320000,"fid":0,"size":7403146,"vd":0.0},"m":{"br":192000,"fid":0,"size":4441905,"vd":0.0},"l":{"br":128000,"fid":0,"size":2961284,"vd":0.0},"a":null,"cd":"01","no":1,"rtUrl":null,"ftype":0,"rtUrls":[],"djId":0,"copyright":0,"s_id":0,"mst":9,"cp":530019,"mv":0,"rtype":0,"rurl":null,"publishTime":0},{"name":"你的酒馆对我打了烊","id":1341964346,"pst":0,"t":0,"ar":[{"id":12382970,"name":"陈雪凝","tns":[],"alias":[]}],"alia":[],"pop":100.0,"st":0,"rt":null,"fee":8,"v":28,"crbt":null,"cf":"","al":{"id":75302730,"name":"你的酒馆对我打了烊","picUrl":"http://p1.music.126.net/LiRR__0pJHSivqBHZzbMUw==/109951163816225567.jpg","tns":[],"pic_str":"109951163816225567","pic":109951163816225567},"dt":251428,"h":{"br":320000,"fid":0,"size":10060321,"vd":-12200.0},"m":{"br":192000,"fid":0,"size":6036210,"vd":-9600.0},"l":{"br":128000,"fid":0,"size":4024155,"vd":-8000.0},"a":null,"cd":"","no":1,"rtUrl":null,"ftype":0,"rtUrls":[],"djId":0,"copyright":2,"s_id":0,"mst":9,"cp":0,"mv":0,"rtype":0,"rurl":null,"publishTime":1548394617415},{"name":"着迷","id":1310137029,"pst":0,"t":0,"ar":[{"id":12319670,"name":"MAREA","tns":[],"alias":[]},{"id":12605278,"name":"wweimm","tns":[],"alias":[]},{"id":12406709,"name":"Xi3R","tns":[],"alias":[]}],"alia":[],"pop":100.0,"st":0,"rt":null,"fee":0,"v":10,"crbt":null,"cf":"","al":{"id":73295157,"name":"着迷","picUrl":"http://p1.music.126.net/NOvFP2jDd1S4fMAiDKe-7Q==/109951163551235728.jpg","tns":[],"pic_str":"109951163551235728","pic":109951163551235728},"dt":199045,"h":{"br":320000,"fid":0,"size":7964256,"vd":-1.0},"m":{"br":192000,"fid":0,"size":4778571,"vd":-1.0},"l":{"br":128000,"fid":0,"size":3185728,"vd":-1.0},"a":null,"cd":"","no":1,"rtUrl":null,"ftype":0,"rtUrls":[],"djId":0,"copyright":0,"s_id":0,"mst":9,"cp":0,"mv":0,"rtype":0,"rurl":null,"publishTime":1536940800000},{"name":"你是荒野的一寸梦","id":1341152592,"pst":0,"t":0,"ar":[{"id":9808,"name":"胜娚（王胜男）","tns":[],"alias":[]}],"alia":[],"pop":0.0,"st":0,"rt":null,"fee":8,"v":8,"crbt":null,"cf":"","al":{"id":75272660,"name":"你是荒野的一寸梦","picUrl":"http://p1.music.126.net/qqRz0o41BzlW1TfFOUZzPw==/109951163807750643.jpg","tns":[],"pic_str":"109951163807750643","pic":109951163807750643},"dt":154001,"h":{"br":320000,"fid":0,"size":6162852,"vd":-2.0},"m":{"br":192000,"fid":0,"size":3697729,"vd":-2.0},"l":{"br":128000,"fid":0,"size":2465167,"vd":-2.0},"a":null,"cd":"","no":1,"rtUrl":null,"ftype":0,"rtUrls":[],"djId":0,"copyright":0,"s_id":0,"mst":9,"cp":0,"mv":0,"rtype":0,"rurl":null,"publishTime":1548432000000},{"name":"窗","id":573577092,"pst":0,"t":0,"ar":[{"id":187229,"name":"吴青峰","tns":[],"alias":[]}],"alia":["电视剧《扶摇》片尾曲/人物主题曲"],"pop":100.0,"st":0,"rt":null,"fee":8,"v":7,"crbt":null,"cf":"","al":{"id":39719032,"name":"窗","picUrl":"http://p1.music.126.net/R-DcicXbPYdzVUaI2MGpdw==/109951163363701829.jpg","tns":[],"pic_str":"109951163363701829","pic":109951163363701829},"dt":210428,"h":{"br":320000,"fid":0,"size":8419831,"vd":-3.0},"m":{"br":192000,"fid":0,"size":5051916,"vd":-3.0},"l":{"br":128000,"fid":0,"size":3367959,"vd":-3.0},"a":null,"cd":"","no":1,"rtUrl":null,"ftype":0,"rtUrls":[],"djId":0,"copyright":1,"s_id":0,"mst":9,"cp":756015,"mv":5961374,"rtype":0,"rurl":null,"publishTime":1529337600007},{"name":"贝贝","id":1318234987,"pst":0,"t":0,"ar":[{"id":4292,"name":"李荣浩","tns":[],"alias":[]}],"alia":[],"pop":100.0,"st":0,"rt":null,"fee":8,"v":9,"crbt":null,"cf":"","al":{"id":73914415,"name":"耳朵","picUrl":"http://p1.music.126.net/tt8xwK-ASC2iqXNUXYKoDQ==/109951163606377163.jpg","tns":[],"pic_str":"109951163606377163","pic":109951163606377163},"dt":4048,"h":{"br":320000,"fid":0,"size":163048,"vd":1.0},"m":{"br":192000,"fid":0,"size":97846,"vd":1.0},"l":{"br":128000,"fid":0,"size":65245,"vd":2.0},"a":null,"cd":"1","no":10,"rtUrl":null,"ftype":0,"rtUrls":[],"djId":0,"copyright":1,"s_id":0,"mst":9,"cp":7002,"mv":0,"rtype":0,"rurl":null,"publishTime":1539705600007},{"name":"風立ちぬ","id":554241187,"pst":0,"t":0,"ar":[{"id":906077,"name":"和楽器バンド","tns":[],"alias":[]}],"alia":["动画《阴阳师平安物语》主题曲"],"pop":100.0,"st":0,"rt":null,"fee":8,"v":1,"crbt":null,"cf":"","al":{"id":38433069,"name":"オトノエ","picUrl":"http://p1.music.126.net/QnfsvmWAkHURMF1te2keUA==/109951163265420255.jpg","tns":["音之绘"],"pic_str":"109951163265420255","pic":109951163265420255},"dt":248400,"h":{"br":320000,"fid":0,"size":9939113,"vd":-2.0},"m":{"br":192000,"fid":0,"size":5963485,"vd":-2.0},"l":{"br":128000,"fid":0,"size":3975671,"vd":-2.0},"a":null,"cd":"","no":9,"rtUrl":null,"ftype":0,"rtUrls":[],"djId":0,"copyright":0,"s_id":0,"mst":9,"cp":457010,"mv":0,"rtype":0,"rurl":null,"publishTime":1524585600007,"tns":["起风了"]},{"name":"Attention","id":473817398,"pst":0,"t":0,"ar":[{"id":90331,"name":"Charlie Puth","tns":[],"alias":[]}],"alia":[],"pop":100.0,"st":0,"rt":null,"fee":8,"v":281,"crbt":null,"cf":"","al":{"id":38530129,"name":"Voicenotes","picUrl":"http://p1.music.126.net/XWMiED2ryCj2xVovjDRDSQ==/109951163281594877.jpg","tns":[],"pic_str":"109951163281594877","pic":109951163281594877},"dt":208786,"h":{"br":320000,"fid":0,"size":8354003,"vd":-32500.0},"m":{"br":192000,"fid":0,"size":5012419,"vd":-30000.0},"l":{"br":128000,"fid":0,"size":3341627,"vd":-28400.0},"a":null,"cd":"1","no":2,"rtUrl":null,"ftype":0,"rtUrls":[],"djId":0,"copyright":1,"s_id":0,"mst":9,"cp":7002,"mv":5499051,"rtype":0,"rurl":null,"publishTime":1525968000007},{"name":"环游星空","id":1341188360,"pst":0,"t":0,"ar":[{"id":14017398,"name":"Gifty","tns":[],"alias":[]}],"alia":[],"pop":100.0,"st":0,"rt":"","fee":8,"v":2,"crbt":null,"cf":"","al":{"id":75274529,"name":"环游星空","picUrl":"http://p1.music.126.net/py5PvLrbmS2AR_iEadE7kg==/109951163808188461.jpg","tns":[],"pic_str":"109951163808188461","pic":109951163808188461},"dt":160776,"h":{"br":320000,"fid":0,"size":6433480,"vd":0.0},"m":{"br":192000,"fid":0,"size":3860106,"vd":0.0},"l":{"br":128000,"fid":0,"size":2573418,"vd":0.0},"a":null,"cd":"01","no":1,"rtUrl":null,"ftype":0,"rtUrls":[],"djId":0,"copyright":0,"s_id":0,"mst":9,"cp":1385819,"mv":0,"rtype":0,"rurl":null,"publishTime":0},{"name":"心事","id":1294899029,"pst":0,"t":0,"ar":[{"id":1197168,"name":"徐秉龙","tns":[],"alias":[]}],"alia":[],"pop":100.0,"st":0,"rt":null,"fee":8,"v":19,"crbt":null,"cf":"","al":{"id":71855800,"name":"零零","picUrl":"http://p1.music.126.net/UsKpjjfYFBRz9FH_FyWL3w==/109951163414549268.jpg","tns":[],"pic_str":"109951163414549268","pic":109951163414549268},"dt":224000,"h":{"br":320000,"fid":0,"size":8962133,"vd":-18000.0},"m":{"br":192000,"fid":0,"size":5377297,"vd":-15400.0},"l":{"br":128000,"fid":0,"size":3584879,"vd":-13800.0},"a":null,"cd":"","no":1,"rtUrl":null,"ftype":0,"rtUrls":[],"djId":0,"copyright":0,"s_id":0,"mst":9,"cp":0,"mv":10738072,"rtype":0,"rurl":null,"publishTime":1532102400007},{"name":"小确幸","id":1322228868,"pst":0,"t":0,"ar":[{"id":12532848,"name":"小潘潘","tns":[],"alias":[]},{"id":4080,"name":"刘心","tns":[],"alias":[]}],"alia":[],"pop":100.0,"st":0,"rt":null,"fee":8,"v":35,"crbt":null,"cf":"","al":{"id":74186067,"name":"小确幸","picUrl":"http://p1.music.126.net/a8VOEO-cpoHURAQ9zzwihw==/109951163651593655.jpg","tns":[],"pic_str":"109951163651593655","pic":109951163651593655},"dt":253333,"h":{"br":320000,"fid":0,"size":10135554,"vd":-22800.0},"m":{"br":192000,"fid":0,"size":6081350,"vd":-20300.0},"l":{"br":128000,"fid":0,"size":4054248,"vd":-18500.0},"a":null,"cd":"1","no":1,"rtUrl":null,"ftype":0,"rtUrls":[],"djId":0,"copyright":0,"s_id":0,"mst":9,"cp":651010,"mv":10834079,"rtype":0,"rurl":null,"publishTime":1541088000000},{"name":"像生活一样","id":1341249001,"pst":0,"t":0,"ar":[{"id":30134996,"name":"杭异凡","tns":[],"alias":[]}],"alia":[],"pop":45.0,"st":0,"rt":null,"fee":8,"v":20,"crbt":null,"cf":"","al":{"id":75270978,"name":"像生活一样","picUrl":"http://p1.music.126.net/SNfN2zILTrLZb-0-H5axUQ==/109951163808853813.jpg","tns":[],"pic_str":"109951163808853813","pic":109951163808853813},"dt":219998,"h":{"br":320000,"fid":0,"size":8802264,"vd":-32400.0},"m":{"br":192000,"fid":0,"size":5281376,"vd":-29700.0},"l":{"br":128000,"fid":0,"size":3520932,"vd":-28100.0},"a":null,"cd":"","no":1,"rtUrl":null,"ftype":0,"rtUrls":[],"djId":0,"copyright":0,"s_id":0,"mst":9,"cp":0,"mv":0,"rtype":0,"rurl":null,"publishTime":1548079783173},{"name":"Stupid man","id":1342106951,"pst":0,"t":0,"ar":[{"id":12537125,"name":"SHEKINAH","tns":[],"alias":[]}],"alia":[],"pop":0.0,"st":0,"rt":null,"fee":8,"v":38,"crbt":null,"cf":"","al":{"id":75297449,"name":"Underground And Death EP","picUrl":"http://p1.music.126.net/k26sscon8OoNpJIMuX8BXw==/109951163818049995.jpg","tns":[],"pic_str":"109951163818049995","pic":109951163818049995},"dt":179785,"h":{"br":320000,"fid":0,"size":7194166,"vd":-2.0},"m":{"br":192000,"fid":0,"size":4316517,"vd":-2.0},"l":{"br":128000,"fid":0,"size":2877693,"vd":-2.0},"a":null,"cd":"","no":2,"rtUrl":null,"ftype":0,"rtUrls":[],"djId":0,"copyright":2,"s_id":0,"mst":9,"cp":0,"mv":0,"rtype":0,"rurl":null,"publishTime":1548463585118},{"name":"幕后大咖","id":1336088200,"pst":0,"t":0,"ar":[{"id":893259,"name":"金玟岐","tns":[],"alias":[]}],"alia":["电视剧《幕后之王》插曲"],"pop":100.0,"st":0,"rt":"","fee":8,"v":5,"crbt":null,"cf":"","al":{"id":74999382,"name":"幕后之王 电视原声音乐专辑","picUrl":"http://p1.music.126.net/AmEaUMtl8R1Aql12-ydRsg==/109951163754790236.jpg","tns":[],"pic_str":"109951163754790236","pic":109951163754790236},"dt":206253,"h":{"br":320000,"fid":0,"size":8252648,"vd":-2.0},"m":{"br":192000,"fid":0,"size":4951606,"vd":-2.0},"l":{"br":128000,"fid":0,"size":3301085,"vd":-2.0},"a":null,"cd":"01","no":4,"rtUrl":null,"ftype":0,"rtUrls":[],"djId":0,"copyright":0,"s_id":0,"mst":9,"cp":1415997,"mv":0,"rtype":0,"rurl":null,"publishTime":0},{"name":"Lifeline","id":38019092,"pst":0,"t":0,"ar":[{"id":1083104,"name":"Zeraphym","tns":[],"alias":[]}],"alia":[],"pop":100.0,"st":0,"rt":null,"fee":8,"v":7,"crbt":null,"cf":"","al":{"id":3428032,"name":"Lifeline (Original Mix)","picUrl":"http://p1.music.126.net/jxI9-BtlKasm_5NzwNGdwA==/3408486049423414.jpg","tns":[],"pic":3408486049423414},"dt":313234,"h":{"br":320000,"fid":0,"size":12531504,"vd":-9200.0},"m":{"br":192000,"fid":0,"size":7518919,"vd":-6500.0},"l":{"br":128000,"fid":0,"size":5012627,"vd":-5100.0},"a":null,"cd":"1","no":1,"rtUrl":null,"ftype":0,"rtUrls":[],"djId":0,"copyright":0,"s_id":0,"mst":9,"cp":564015,"mv":0,"rtype":0,"rurl":null,"publishTime":1449243865763},{"name":"真的傻","id":1340699001,"pst":0,"t":0,"ar":[{"id":9940,"name":"徐佳莹","tns":[],"alias":[]}],"alia":["电影《一吻定情》追爱版主题曲"],"pop":100.0,"st":0,"rt":"","fee":8,"v":2,"crbt":null,"cf":"","al":{"id":75256957,"name":"真的傻","picUrl":"http://p1.music.126.net/5KjhPr0fFGB4tS6tsWRucw==/109951163802227204.jpg","tns":[],"pic_str":"109951163802227204","pic":109951163802227204},"dt":256000,"h":{"br":320000,"fid":0,"size":10242133,"vd":0.0},"m":{"br":192000,"fid":0,"size":6145297,"vd":0.0},"l":{"br":128000,"fid":0,"size":4096879,"vd":0.0},"a":null,"cd":"01","no":1,"rtUrl":null,"ftype":0,"rtUrls":[],"djId":0,"copyright":0,"s_id":0,"mst":9,"cp":1416005,"mv":10850210,"rtype":0,"rurl":null,"publishTime":0},{"name":"谁","id":1305366729,"pst":0,"t":0,"ar":[{"id":29355291,"name":"李友廷","tns":[],"alias":[]}],"alia":[],"pop":70.0,"st":0,"rt":null,"fee":8,"v":4,"crbt":null,"cf":"","al":{"id":74675619,"name":"找到我","picUrl":"http://p1.music.126.net/XeaR2IaeqSnF2RL3HWplOQ==/109951163695641920.jpg","tns":[],"pic_str":"109951163695641920","pic":109951163695641920},"dt":251076,"h":{"br":320000,"fid":0,"size":10045693,"vd":-2.0},"m":{"br":192000,"fid":0,"size":6027433,"vd":-2.0},"l":{"br":128000,"fid":0,"size":4018303,"vd":-2.0},"a":null,"cd":"","no":3,"rtUrl":null,"ftype":0,"rtUrls":[],"djId":0,"copyright":0,"s_id":0,"mst":9,"cp":677020,"mv":0,"rtype":0,"rurl":null,"publishTime":1535644800007},{"name":"Telescope","id":522444650,"pst":0,"t":0,"ar":[{"id":12006158,"name":"Tim Legend","tns":[],"alias":[]},{"id":1122080,"name":"Transviolet","tns":[],"alias":[]}],"alia":[],"pop":100.0,"st":0,"rt":null,"fee":8,"v":6,"crbt":null,"cf":"","al":{"id":36901220,"name":"Telescope","picUrl":"http://p1.music.126.net/uluFjyJX3eEwvEvFdSu9XQ==/18445407067839059.jpg","tns":[],"pic_str":"18445407067839059","pic":18445407067839059},"dt":175777,"h":{"br":320000,"fid":0,"size":7031162,"vd":-2.71},"m":{"br":192000,"fid":0,"size":4218715,"vd":-2.5},"l":{"br":128000,"fid":0,"size":2812491,"vd":-2.38},"a":null,"cd":"1","no":1,"rtUrl":null,"ftype":0,"rtUrls":[],"djId":0,"copyright":1,"s_id":0,"mst":9,"cp":7001,"mv":0,"rtype":0,"rurl":null,"publishTime":1512662400007},{"name":"私の愛はずっと存在しなかった","id":1342080039,"pst":0,"t":0,"ar":[{"id":12345474,"name":"几鱼","tns":[],"alias":[]},{"id":12771007,"name":"Steve Tist","tns":[],"alias":[]}],"alia":[],"pop":0.0,"st":0,"rt":"","fee":8,"v":2,"crbt":null,"cf":"","al":{"id":75329543,"name":"爱","picUrl":"http://p1.music.126.net/CxvOwYk_8wbUpenNhdIeFg==/109951163817467053.jpg","tns":[],"pic_str":"109951163817467053","pic":109951163817467053},"dt":299081,"h":{"br":320000,"fid":0,"size":11966215,"vd":0.0},"m":{"br":192000,"fid":0,"size":7179746,"vd":0.0},"l":{"br":128000,"fid":0,"size":4786512,"vd":0.0},"a":null,"cd":"01","no":2,"rtUrl":null,"ftype":0,"rtUrls":[],"djId":0,"copyright":0,"s_id":0,"mst":9,"cp":530019,"mv":0,"rtype":0,"rurl":null,"publishTime":0},{"name":"想象 (Live)","id":1308782761,"pst":0,"t":0,"ar":[{"id":1094010,"name":"摩登兄弟","tns":[],"alias":[]}],"alia":[],"pop":100.0,"st":0,"rt":null,"fee":0,"v":6,"crbt":null,"cf":"","al":{"id":72796144,"name":"中国音乐公告牌 第二期 ","picUrl":"http://p1.music.126.net/f2JYJHONZPZa08d6aOeDvQ==/109951163561062632.jpg","tns":[],"pic_str":"109951163561062632","pic":109951163561062632},"dt":273093,"h":{"br":320000,"fid":0,"size":10926542,"vd":-30700.0},"m":{"br":192000,"fid":0,"size":6555942,"vd":-28100.0},"l":{"br":128000,"fid":0,"size":4370643,"vd":-26800.0},"a":null,"cd":"","no":2,"rtUrl":null,"ftype":0,"rtUrls":[],"djId":0,"copyright":2,"s_id":0,"mst":9,"cp":1403820,"mv":0,"rtype":0,"rurl":null,"publishTime":1536854400007},{"name":"杀死那个石家庄人","id":386844,"pst":0,"t":0,"ar":[{"id":13223,"name":"万能青年旅店","tns":[],"alias":[]}],"alia":[],"pop":100.0,"st":0,"rt":"","fee":0,"v":15,"crbt":null,"cf":"","al":{"id":38306,"name":"万能青年旅店 同名专辑","picUrl":"http://p1.music.126.net/W1kczDCB4-r-uNAznD1ljg==/108851651165850.jpg","tns":[],"pic":108851651165850},"dt":344253,"h":{"br":320000,"fid":0,"size":13774907,"vd":-2.42},"m":{"br":160000,"fid":0,"size":6887985,"vd":-2.0},"l":{"br":96000,"fid":0,"size":4133216,"vd":-2.06},"a":null,"cd":"1","no":9,"rtUrl":null,"ftype":0,"rtUrls":[],"djId":0,"copyright":2,"s_id":0,"mst":9,"cp":0,"mv":384356,"rtype":0,"rurl":null,"publishTime":1289491200007},{"name":"An Unusual Guest (Instrumental) (From \"Angels\")","id":1316014279,"pst":0,"t":0,"ar":[{"id":104700,"name":"Various Artists","tns":[],"alias":[]}],"alia":[],"pop":85.0,"st":0,"rt":null,"fee":8,"v":2,"crbt":null,"cf":"","al":{"id":73804645,"name":"Instrumental Hits of Film Songs","picUrl":"http://p1.music.126.net/pTRkCaUXp7ugJowARb3dWg==/109951163590877189.jpg","tns":[],"pic_str":"109951163590877189","pic":109951163590877189},"dt":329473,"h":{"br":320000,"fid":0,"size":13181431,"vd":0.0},"m":{"br":192000,"fid":0,"size":7908876,"vd":0.0},"l":{"br":128000,"fid":0,"size":5272599,"vd":0.0},"a":null,"cd":"1","no":2,"rtUrl":null,"ftype":0,"rtUrls":[],"djId":0,"copyright":1,"s_id":0,"mst":9,"cp":405025,"mv":0,"rtype":0,"rurl":null,"publishTime":1538496000007},{"name":"少读红楼 (Live)","id":1341972518,"pst":0,"t":0,"ar":[{"id":13058501,"name":"秦子墨","tns":[],"alias":[]}],"alia":[],"pop":0.0,"st":0,"rt":"","fee":0,"v":2,"crbt":null,"cf":"","al":{"id":75325132,"name":"国风美少年 第九期","picUrl":"http://p1.music.126.net/B1kXWw42fSxezos3WQU2Nw==/109951163816398389.jpg","tns":[],"pic_str":"109951163816398389","pic":109951163816398389},"dt":123401,"h":{"br":320000,"fid":0,"size":4938231,"vd":-1.0},"m":{"br":192000,"fid":0,"size":2962956,"vd":-1.0},"l":{"br":128000,"fid":0,"size":1975319,"vd":-1.0},"a":null,"cd":"01","no":3,"rtUrl":null,"ftype":0,"rtUrls":[],"djId":0,"copyright":0,"s_id":0,"mst":9,"cp":1415903,"mv":0,"rtype":0,"rurl":null,"publishTime":0},{"name":"Funky Friday","id":1315398144,"pst":0,"t":0,"ar":[{"id":14054255,"name":"Dave","tns":[],"alias":[]},{"id":147533,"name":"Fredo","tns":[],"alias":[]}],"alia":[],"pop":100.0,"st":0,"rt":null,"fee":8,"v":8,"crbt":null,"cf":"","al":{"id":73778340,"name":"Funky Friday","picUrl":"http://p1.music.126.net/NQQdg_BlnVi9QQwQ-gb_dw==/109951163588033047.jpg","tns":[],"pic_str":"109951163588033047","pic":109951163588033047},"dt":182778,"h":{"br":320000,"fid":0,"size":7312240,"vd":-1.0},"m":{"br":192000,"fid":0,"size":4387361,"vd":-1.0},"l":{"br":128000,"fid":0,"size":2924922,"vd":-1.0},"a":null,"cd":"1","no":1,"rtUrl":null,"ftype":0,"rtUrls":[],"djId":0,"copyright":1,"s_id":0,"mst":9,"cp":7003,"mv":10805072,"rtype":0,"rurl":null,"publishTime":1538582400007}],"trackIds":[{"id":1338695683,"v":3,"lr":1,"ratio":1022},{"id":1317457960,"v":26,"lr":31,"ratio":247},{"id":1342168955,"v":7,"ratio":85},{"id":1313354324,"v":25,"lr":4,"ratio":80},{"id":1340543049,"v":2,"ratio":65},{"id":1326907224,"v":11,"ratio":50},{"id":1338146682,"v":9,"lr":72,"ratio":43},{"id":1340558332,"v":5,"ratio":41},{"id":1335270566,"v":2,"lr":91,"ratio":41},{"id":1340698526,"v":2,"ratio":34},{"id":1323099451,"v":4,"ratio":34},{"id":518686034,"v":14,"ratio":33},{"id":1307186170,"v":8,"ratio":30},{"id":1336866134,"v":6,"ratio":28},{"id":1340179483,"v":4,"ratio":26},{"id":1306507878,"v":29,"ratio":25},{"id":1319655594,"v":24,"lr":28,"ratio":24},{"id":1338355334,"v":10,"lr":84,"ratio":23},{"id":1330348068,"v":2,"lr":3,"ratio":23},{"id":569213220,"v":95,"ratio":22},{"id":1340757816,"v":3,"ratio":21},{"id":1323087028,"v":33,"ratio":21},{"id":479422828,"v":23,"ratio":21},{"id":1341578197,"v":2,"ratio":18},{"id":1316563427,"v":7,"lr":65,"ratio":17},{"id":1334270729,"v":11,"ratio":17},{"id":1339725941,"v":6,"ratio":17},{"id":1340382538,"v":7,"ratio":16},{"id":1342152395,"v":11,"ratio":16},{"id":1340529135,"v":3,"ratio":15},{"id":1326798980,"v":25,"ratio":15},{"id":487885426,"v":39,"ratio":14},{"id":1341512161,"v":2,"ratio":14},{"id":1341147684,"v":2,"ratio":14},{"id":1341158180,"v":5,"ratio":14},{"id":441491828,"v":19,"ratio":13},{"id":1293886117,"v":13,"ratio":12},{"id":562594319,"v":16,"ratio":12},{"id":1341972519,"v":2,"ratio":12},{"id":1340620864,"v":2,"ratio":11},{"id":571340283,"v":5,"ratio":11},{"id":1342144209,"v":16,"ratio":11},{"id":1340774788,"v":5,"ratio":11},{"id":1330346904,"v":1,"lr":68,"ratio":10},{"id":531811191,"v":12,"ratio":10},{"id":1337205804,"v":9,"ratio":10},{"id":574566207,"v":22,"ratio":9},{"id":1335968312,"v":5,"ratio":9},{"id":526464293,"v":12,"ratio":9},{"id":37955044,"v":35,"ratio":9},{"id":1297532278,"v":18,"ratio":8},{"id":1342081044,"v":2,"ratio":8},{"id":1321392802,"v":4,"lr":83,"ratio":8},{"id":1308818970,"v":26,"ratio":8},{"id":1341974286,"v":2,"ratio":7},{"id":1320097340,"v":6,"ratio":7},{"id":1311319058,"v":10,"ratio":7},{"id":543988435,"v":5,"ratio":7},{"id":1297750769,"v":13,"ratio":7},{"id":1313052287,"v":5,"ratio":7},{"id":1341776114,"v":2,"lr":41,"ratio":7},{"id":865048551,"v":20,"ratio":6},{"id":863046037,"v":7,"ratio":6},{"id":1342091220,"v":25,"ratio":6},{"id":1320557369,"v":6,"ratio":6},{"id":1340200924,"v":2,"lr":33,"ratio":6},{"id":1299550532,"v":15,"ratio":6},{"id":1303019276,"v":3,"ratio":6},{"id":468517654,"v":26,"ratio":6},{"id":1293821535,"v":23,"ratio":5},{"id":1341940546,"v":2,"ratio":5},{"id":1341827166,"v":18,"ratio":5},{"id":1341919996,"v":3,"ratio":5},{"id":468513829,"v":25,"ratio":5},{"id":1325702742,"v":39,"ratio":5},{"id":1341851347,"v":15,"ratio":5},{"id":1342076801,"v":2,"ratio":5},{"id":1341964346,"v":28,"lr":24,"ratio":5},{"id":1310137029,"v":10,"ratio":5},{"id":1341152592,"v":8,"ratio":4},{"id":573577092,"v":7,"ratio":4},{"id":1318234987,"v":9,"ratio":4},{"id":554241187,"v":1,"ratio":4},{"id":473817398,"v":281,"ratio":4},{"id":1341188360,"v":2,"lr":52,"ratio":4},{"id":1294899029,"v":19,"ratio":4},{"id":1322228868,"v":35,"ratio":4},{"id":1341249001,"v":20,"ratio":4},{"id":1342106951,"v":38,"ratio":4},{"id":1336088200,"v":5,"ratio":4},{"id":38019092,"v":7,"ratio":4},{"id":1340699001,"v":2,"ratio":4},{"id":1305366729,"v":4,"ratio":4},{"id":522444650,"v":6,"ratio":4},{"id":1342080039,"v":2,"ratio":4},{"id":1308782761,"v":6,"ratio":4},{"id":386844,"v":15,"ratio":3},{"id":1316014279,"v":2,"ratio":3},{"id":1341972518,"v":2,"ratio":3},{"id":1315398144,"v":8,"ratio":3}],"ordered":true,"tags":[],"createTime":1404115136883,"highQuality":false,"userId":1,"privacy":0,"newImported":false,"trackUpdateTime":1548548450129,"trackCount":100,"playCount":1608842112,"coverImgUrl":"http://p3.music.126.net/DrRIg6CrgDfVLEph9SNh7w==/18696095720518497.jpg","specialType":10,"updateTime":1548548450103,"commentThreadId":"A_PL_0_19723756","coverImgId":18696095720518497,"status":0,"trackNumberUpdateTime":1548548449990,"adType":0,"subscribedCount":1519421,"cloudTrackCount":0,"description":"云音乐中每天热度上升最快的100首单曲，每日更新。","name":"云音乐飙升榜","id":19723756,"shareCount":4910,"coverImgId_str":"18696095720518497","ToplistType":"S","commentCount":147789},"code":200,"privileges":[{"id":1338695683,"fee":8,"payed":0,"st":0,"pl":128000,"dl":0,"sp":7,"cp":1,"subp":1,"cs":false,"maxbr":999000,"fl":128000,"toast":false,"flag":4,"preSell":false},{"id":1317457960,"fee":8,"payed":0,"st":0,"pl":128000,"dl":0,"sp":7,"cp":1,"subp":1,"cs":false,"maxbr":999000,"fl":128000,"toast":false,"flag":0,"preSell":false},{"id":1342168955,"fee":0,"payed":0,"st":0,"pl":320000,"dl":320000,"sp":7,"cp":1,"subp":1,"cs":false,"maxbr":999000,"fl":320000,"toast":false,"flag":0,"preSell":false},{"id":1313354324,"fee":8,"payed":0,"st":0,"pl":128000,"dl":0,"sp":7,"cp":1,"subp":1,"cs":false,"maxbr":999000,"fl":128000,"toast":false,"flag":0,"preSell":false},{"id":1340543049,"fee":1,"payed":0,"st":0,"pl":0,"dl":0,"sp":0,"cp":0,"subp":0,"cs":false,"maxbr":999000,"fl":0,"toast":false,"flag":1028,"preSell":false},{"id":1326907224,"fee":8,"payed":0,"st":0,"pl":128000,"dl":0,"sp":7,"cp":1,"subp":1,"cs":false,"maxbr":999000,"fl":128000,"toast":false,"flag":0,"preSell":false},{"id":1338146682,"fee":8,"payed":0,"st":0,"pl":128000,"dl":0,"sp":7,"cp":1,"subp":1,"cs":false,"maxbr":999000,"fl":128000,"toast":false,"flag":0,"preSell":false},{"id":1340558332,"fee":8,"payed":0,"st":0,"pl":128000,"dl":0,"sp":7,"cp":1,"subp":1,"cs":false,"maxbr":999000,"fl":128000,"toast":false,"flag":4,"preSell":false},{"id":1335270566,"fee":8,"payed":0,"st":0,"pl":128000,"dl":0,"sp":7,"cp":1,"subp":1,"cs":false,"maxbr":999000,"fl":128000,"toast":false,"flag":4,"preSell":false},{"id":1340698526,"fee":1,"payed":0,"st":0,"pl":0,"dl":0,"sp":0,"cp":0,"subp":0,"cs":false,"maxbr":999000,"fl":0,"toast":false,"flag":1028,"preSell":false},{"id":1323099451,"fee":0,"payed":0,"st":0,"pl":320000,"dl":320000,"sp":7,"cp":1,"subp":1,"cs":false,"maxbr":320000,"fl":320000,"toast":false,"flag":128,"preSell":false},{"id":518686034,"fee":8,"payed":0,"st":0,"pl":128000,"dl":0,"sp":7,"cp":1,"subp":1,"cs":false,"maxbr":320000,"fl":128000,"toast":false,"flag":128,"preSell":false},{"id":1307186170,"fee":8,"payed":0,"st":0,"pl":128000,"dl":0,"sp":7,"cp":1,"subp":1,"cs":false,"maxbr":999000,"fl":128000,"toast":false,"flag":2,"preSell":false},{"id":1336866134,"fee":8,"payed":0,"st":0,"pl":128000,"dl":0,"sp":7,"cp":1,"subp":1,"cs":false,"maxbr":999000,"fl":128000,"toast":false,"flag":0,"preSell":false},{"id":1340179483,"fee":8,"payed":0,"st":0,"pl":128000,"dl":0,"sp":7,"cp":1,"subp":1,"cs":false,"maxbr":999000,"fl":128000,"toast":false,"flag":4,"preSell":false},{"id":1306507878,"fee":8,"payed":0,"st":0,"pl":128000,"dl":0,"sp":7,"cp":1,"subp":1,"cs":false,"maxbr":999000,"fl":128000,"toast":false,"flag":128,"preSell":false},{"id":1319655594,"fee":0,"payed":0,"st":0,"pl":320000,"dl":320000,"sp":7,"cp":1,"subp":1,"cs":false,"maxbr":999000,"fl":320000,"toast":false,"flag":0,"preSell":false},{"id":1338355334,"fee":8,"payed":0,"st":0,"pl":128000,"dl":0,"sp":7,"cp":1,"subp":1,"cs":false,"maxbr":999000,"fl":128000,"toast":false,"flag":4,"preSell":false},{"id":1330348068,"fee":8,"payed":0,"st":0,"pl":128000,"dl":0,"sp":7,"cp":1,"subp":1,"cs":false,"maxbr":999000,"fl":128000,"toast":false,"flag":4,"preSell":false},{"id":569213220,"fee":8,"payed":0,"st":0,"pl":128000,"dl":0,"sp":7,"cp":1,"subp":1,"cs":false,"maxbr":999000,"fl":128000,"toast":false,"flag":4,"preSell":false},{"id":1340757816,"fee":8,"payed":0,"st":0,"pl":128000,"dl":0,"sp":7,"cp":1,"subp":1,"cs":false,"maxbr":999000,"fl":128000,"toast":false,"flag":4,"preSell":false},{"id":1323087028,"fee":0,"payed":0,"st":0,"pl":320000,"dl":320000,"sp":7,"cp":1,"subp":1,"cs":false,"maxbr":999000,"fl":320000,"toast":false,"flag":0,"preSell":false},{"id":479422828,"fee":8,"payed":0,"st":0,"pl":128000,"dl":0,"sp":7,"cp":1,"subp":1,"cs":false,"maxbr":999000,"fl":128000,"toast":false,"flag":128,"preSell":false},{"id":1341578197,"fee":8,"payed":0,"st":0,"pl":128000,"dl":0,"sp":7,"cp":1,"subp":1,"cs":false,"maxbr":999000,"fl":128000,"toast":false,"flag":0,"preSell":false},{"id":1316563427,"fee":8,"payed":0,"st":0,"pl":128000,"dl":0,"sp":7,"cp":1,"subp":1,"cs":false,"maxbr":999000,"fl":128000,"toast":false,"flag":132,"preSell":false},{"id":1334270729,"fee":8,"payed":0,"st":0,"pl":128000,"dl":0,"sp":7,"cp":1,"subp":1,"cs":false,"maxbr":999000,"fl":128000,"toast":false,"flag":0,"preSell":false},{"id":1339725941,"fee":8,"payed":0,"st":0,"pl":128000,"dl":0,"sp":7,"cp":1,"subp":1,"cs":false,"maxbr":999000,"fl":128000,"toast":false,"flag":0,"preSell":false},{"id":1340382538,"fee":8,"payed":0,"st":0,"pl":128000,"dl":0,"sp":7,"cp":1,"subp":1,"cs":false,"maxbr":320000,"fl":128000,"toast":false,"flag":4,"preSell":false},{"id":1342152395,"fee":8,"payed":0,"st":0,"pl":128000,"dl":0,"sp":7,"cp":1,"subp":1,"cs":false,"maxbr":999000,"fl":128000,"toast":false,"flag":0,"preSell":false},{"id":1340529135,"fee":8,"payed":0,"st":0,"pl":128000,"dl":0,"sp":7,"cp":1,"subp":1,"cs":false,"maxbr":999000,"fl":128000,"toast":false,"flag":4,"preSell":false},{"id":1326798980,"fee":8,"payed":0,"st":0,"pl":128000,"dl":0,"sp":7,"cp":1,"subp":1,"cs":false,"maxbr":999000,"fl":128000,"toast":false,"flag":128,"preSell":false},{"id":487885426,"fee":0,"payed":0,"st":0,"pl":320000,"dl":320000,"sp":7,"cp":1,"subp":1,"cs":false,"maxbr":320000,"fl":320000,"toast":false,"flag":2,"preSell":false},{"id":1341512161,"fee":8,"payed":0,"st":0,"pl":128000,"dl":0,"sp":7,"cp":1,"subp":1,"cs":false,"maxbr":320000,"fl":128000,"toast":false,"flag":4,"preSell":false},{"id":1341147684,"fee":8,"payed":0,"st":0,"pl":128000,"dl":0,"sp":7,"cp":1,"subp":1,"cs":false,"maxbr":999000,"fl":128000,"toast":false,"flag":1,"preSell":false},{"id":1341158180,"fee":8,"payed":0,"st":0,"pl":128000,"dl":0,"sp":7,"cp":1,"subp":1,"cs":false,"maxbr":999000,"fl":128000,"toast":false,"flag":4,"preSell":false},{"id":441491828,"fee":8,"payed":0,"st":0,"pl":128000,"dl":0,"sp":7,"cp":1,"subp":1,"cs":false,"maxbr":999000,"fl":128000,"toast":false,"flag":132,"preSell":false},{"id":1293886117,"fee":8,"payed":0,"st":0,"pl":128000,"dl":0,"sp":7,"cp":1,"subp":1,"cs":false,"maxbr":320000,"fl":128000,"toast":false,"flag":132,"preSell":false},{"id":562594319,"fee":8,"payed":0,"st":0,"pl":128000,"dl":0,"sp":7,"cp":1,"subp":1,"cs":false,"maxbr":999000,"fl":128000,"toast":false,"flag":2,"preSell":false},{"id":1341972519,"fee":0,"payed":0,"st":0,"pl":320000,"dl":320000,"sp":7,"cp":1,"subp":1,"cs":false,"maxbr":999000,"fl":320000,"toast":false,"flag":0,"preSell":false},{"id":1340620864,"fee":8,"payed":0,"st":0,"pl":128000,"dl":0,"sp":7,"cp":1,"subp":1,"cs":false,"maxbr":999000,"fl":128000,"toast":false,"flag":0,"preSell":false},{"id":571340283,"fee":0,"payed":0,"st":0,"pl":320000,"dl":320000,"sp":7,"cp":1,"subp":1,"cs":false,"maxbr":999000,"fl":320000,"toast":false,"flag":0,"preSell":false},{"id":1342144209,"fee":8,"payed":0,"st":0,"pl":128000,"dl":0,"sp":7,"cp":1,"subp":1,"cs":false,"maxbr":999000,"fl":128000,"toast":false,"flag":0,"preSell":false},{"id":1340774788,"fee":8,"payed":0,"st":0,"pl":128000,"dl":0,"sp":7,"cp":1,"subp":1,"cs":false,"maxbr":320000,"fl":128000,"toast":false,"flag":4,"preSell":false},{"id":1330346904,"fee":8,"payed":0,"st":0,"pl":128000,"dl":0,"sp":7,"cp":1,"subp":1,"cs":false,"maxbr":999000,"fl":128000,"toast":false,"flag":4,"preSell":false},{"id":531811191,"fee":0,"payed":0,"st":0,"pl":320000,"dl":320000,"sp":7,"cp":1,"subp":1,"cs":false,"maxbr":999000,"fl":320000,"toast":false,"flag":2,"preSell":false},{"id":1337205804,"fee":8,"payed":0,"st":0,"pl":128000,"dl":0,"sp":7,"cp":1,"subp":1,"cs":false,"maxbr":999000,"fl":128000,"toast":false,"flag":0,"preSell":false},{"id":574566207,"fee":8,"payed":0,"st":0,"pl":128000,"dl":0,"sp":7,"cp":1,"subp":1,"cs":false,"maxbr":999000,"fl":128000,"toast":false,"flag":0,"preSell":false},{"id":1335968312,"fee":8,"payed":0,"st":0,"pl":128000,"dl":0,"sp":7,"cp":1,"subp":1,"cs":false,"maxbr":999000,"fl":128000,"toast":false,"flag":2,"preSell":false},{"id":526464293,"fee":8,"payed":0,"st":0,"pl":128000,"dl":0,"sp":7,"cp":1,"subp":1,"cs":false,"maxbr":999000,"fl":128000,"toast":false,"flag":128,"preSell":false},{"id":37955044,"fee":8,"payed":0,"st":0,"pl":128000,"dl":0,"sp":7,"cp":1,"subp":1,"cs":false,"maxbr":999000,"fl":128000,"toast":false,"flag":4,"preSell":false},{"id":1297532278,"fee":8,"payed":0,"st":0,"pl":128000,"dl":0,"sp":7,"cp":1,"subp":1,"cs":false,"maxbr":999000,"fl":128000,"toast":false,"flag":128,"preSell":false},{"id":1342081044,"fee":8,"payed":0,"st":0,"pl":128000,"dl":0,"sp":7,"cp":1,"subp":1,"cs":false,"maxbr":999000,"fl":128000,"toast":false,"flag":0,"preSell":false},{"id":1321392802,"fee":8,"payed":0,"st":0,"pl":128000,"dl":0,"sp":7,"cp":1,"subp":1,"cs":false,"maxbr":999000,"fl":128000,"toast":false,"flag":0,"preSell":false},{"id":1308818970,"fee":1,"payed":0,"st":0,"pl":0,"dl":0,"sp":0,"cp":0,"subp":0,"cs":false,"maxbr":999000,"fl":0,"toast":false,"flag":1028,"preSell":false},{"id":1341974286,"fee":0,"payed":0,"st":0,"pl":320000,"dl":320000,"sp":7,"cp":1,"subp":1,"cs":false,"maxbr":999000,"fl":320000,"toast":false,"flag":0,"preSell":false},{"id":1320097340,"fee":8,"payed":0,"st":0,"pl":128000,"dl":0,"sp":7,"cp":1,"subp":1,"cs":false,"maxbr":999000,"fl":128000,"toast":false,"flag":256,"preSell":false},{"id":1311319058,"fee":8,"payed":0,"st":0,"pl":128000,"dl":0,"sp":7,"cp":1,"subp":1,"cs":false,"maxbr":999000,"fl":128000,"toast":false,"flag":0,"preSell":false},{"id":543988435,"fee":0,"payed":0,"st":0,"pl":320000,"dl":320000,"sp":7,"cp":1,"subp":1,"cs":false,"maxbr":320000,"fl":320000,"toast":false,"flag":128,"preSell":false},{"id":1297750769,"fee":8,"payed":0,"st":0,"pl":128000,"dl":0,"sp":7,"cp":1,"subp":1,"cs":false,"maxbr":999000,"fl":128000,"toast":false,"flag":2,"preSell":false},{"id":1313052287,"fee":8,"payed":0,"st":0,"pl":128000,"dl":0,"sp":7,"cp":1,"subp":1,"cs":false,"maxbr":999000,"fl":128000,"toast":false,"flag":0,"preSell":false},{"id":1341776114,"fee":8,"payed":0,"st":0,"pl":128000,"dl":0,"sp":7,"cp":1,"subp":1,"cs":false,"maxbr":320000,"fl":128000,"toast":false,"flag":4,"preSell":false},{"id":865048551,"fee":0,"payed":0,"st":0,"pl":320000,"dl":320000,"sp":7,"cp":1,"subp":1,"cs":false,"maxbr":999000,"fl":320000,"toast":false,"flag":128,"preSell":false},{"id":863046037,"fee":8,"payed":0,"st":0,"pl":128000,"dl":0,"sp":7,"cp":1,"subp":1,"cs":false,"maxbr":320000,"fl":128000,"toast":false,"flag":132,"preSell":false},{"id":1342091220,"fee":8,"payed":0,"st":0,"pl":128000,"dl":0,"sp":7,"cp":1,"subp":1,"cs":false,"maxbr":320000,"fl":128000,"toast":false,"flag":0,"preSell":false},{"id":1320557369,"fee":8,"payed":0,"st":0,"pl":128000,"dl":0,"sp":7,"cp":1,"subp":1,"cs":false,"maxbr":320000,"fl":128000,"toast":false,"flag":132,"preSell":false},{"id":1340200924,"fee":8,"payed":0,"st":0,"pl":128000,"dl":0,"sp":7,"cp":1,"subp":1,"cs":false,"maxbr":999000,"fl":128000,"toast":false,"flag":0,"preSell":false},{"id":1299550532,"fee":8,"payed":0,"st":0,"pl":128000,"dl":0,"sp":7,"cp":1,"subp":1,"cs":false,"maxbr":999000,"fl":128000,"toast":false,"flag":0,"preSell":false},{"id":1303019276,"fee":0,"payed":0,"st":0,"pl":320000,"dl":320000,"sp":7,"cp":1,"subp":1,"cs":false,"maxbr":320000,"fl":320000,"toast":false,"flag":128,"preSell":false},{"id":468517654,"fee":0,"payed":0,"st":0,"pl":320000,"dl":320000,"sp":7,"cp":1,"subp":1,"cs":false,"maxbr":999000,"fl":320000,"toast":false,"flag":0,"preSell":false},{"id":1293821535,"fee":0,"payed":0,"st":0,"pl":320000,"dl":320000,"sp":7,"cp":1,"subp":1,"cs":false,"maxbr":999000,"fl":320000,"toast":false,"flag":128,"preSell":false},{"id":1341940546,"fee":8,"payed":0,"st":0,"pl":128000,"dl":0,"sp":7,"cp":1,"subp":1,"cs":false,"maxbr":999000,"fl":128000,"toast":false,"flag":256,"preSell":false},{"id":1341827166,"fee":0,"payed":0,"st":0,"pl":320000,"dl":320000,"sp":7,"cp":1,"subp":1,"cs":false,"maxbr":999000,"fl":320000,"toast":false,"flag":128,"preSell":false},{"id":1341919996,"fee":8,"payed":0,"st":0,"pl":128000,"dl":0,"sp":7,"cp":1,"subp":1,"cs":false,"maxbr":320000,"fl":128000,"toast":false,"flag":4,"preSell":false},{"id":468513829,"fee":8,"payed":0,"st":0,"pl":128000,"dl":0,"sp":7,"cp":1,"subp":1,"cs":false,"maxbr":320000,"fl":128000,"toast":false,"flag":4,"preSell":false},{"id":1325702742,"fee":8,"payed":0,"st":0,"pl":128000,"dl":0,"sp":7,"cp":1,"subp":1,"cs":false,"maxbr":999000,"fl":128000,"toast":false,"flag":2,"preSell":false},{"id":1341851347,"fee":0,"payed":0,"st":0,"pl":320000,"dl":320000,"sp":7,"cp":1,"subp":1,"cs":false,"maxbr":999000,"fl":320000,"toast":false,"flag":0,"preSell":false},{"id":1342076801,"fee":8,"payed":0,"st":0,"pl":128000,"dl":0,"sp":7,"cp":1,"subp":1,"cs":false,"maxbr":999000,"fl":128000,"toast":false,"flag":0,"preSell":false},{"id":1341964346,"fee":8,"payed":0,"st":0,"pl":128000,"dl":0,"sp":7,"cp":1,"subp":1,"cs":false,"maxbr":999000,"fl":128000,"toast":false,"flag":0,"preSell":false},{"id":1310137029,"fee":0,"payed":0,"st":0,"pl":320000,"dl":320000,"sp":7,"cp":1,"subp":1,"cs":false,"maxbr":999000,"fl":320000,"toast":false,"flag":128,"preSell":false},{"id":1341152592,"fee":8,"payed":0,"st":0,"pl":128000,"dl":0,"sp":7,"cp":1,"subp":1,"cs":false,"maxbr":999000,"fl":128000,"toast":false,"flag":0,"preSell":false},{"id":573577092,"fee":8,"payed":0,"st":0,"pl":128000,"dl":0,"sp":7,"cp":1,"subp":1,"cs":false,"maxbr":999000,"fl":128000,"toast":false,"flag":0,"preSell":false},{"id":1318234987,"fee":8,"payed":0,"st":0,"pl":128000,"dl":0,"sp":7,"cp":1,"subp":1,"cs":false,"maxbr":320000,"fl":128000,"toast":false,"flag":132,"preSell":false},{"id":554241187,"fee":8,"payed":0,"st":0,"pl":128000,"dl":0,"sp":7,"cp":1,"subp":1,"cs":false,"maxbr":999000,"fl":128000,"toast":false,"flag":1,"preSell":false},{"id":473817398,"fee":8,"payed":0,"st":0,"pl":128000,"dl":0,"sp":7,"cp":1,"subp":1,"cs":false,"maxbr":999000,"fl":128000,"toast":false,"flag":132,"preSell":false},{"id":1341188360,"fee":8,"payed":0,"st":0,"pl":128000,"dl":0,"sp":7,"cp":1,"subp":1,"cs":false,"maxbr":999000,"fl":128000,"toast":false,"flag":0,"preSell":false},{"id":1294899029,"fee":8,"payed":0,"st":0,"pl":128000,"dl":0,"sp":7,"cp":1,"subp":1,"cs":false,"maxbr":999000,"fl":128000,"toast":false,"flag":0,"preSell":false},{"id":1322228868,"fee":8,"payed":0,"st":0,"pl":128000,"dl":0,"sp":7,"cp":1,"subp":1,"cs":false,"maxbr":999000,"fl":128000,"toast":false,"flag":128,"preSell":false},{"id":1341249001,"fee":8,"payed":0,"st":0,"pl":128000,"dl":0,"sp":7,"cp":1,"subp":1,"cs":false,"maxbr":999000,"fl":128000,"toast":false,"flag":0,"preSell":false},{"id":1342106951,"fee":8,"payed":0,"st":0,"pl":128000,"dl":0,"sp":7,"cp":1,"subp":1,"cs":false,"maxbr":999000,"fl":128000,"toast":false,"flag":0,"preSell":false},{"id":1336088200,"fee":8,"payed":0,"st":0,"pl":128000,"dl":0,"sp":7,"cp":1,"subp":1,"cs":false,"maxbr":999000,"fl":128000,"toast":false,"flag":4,"preSell":false},{"id":38019092,"fee":8,"payed":0,"st":0,"pl":128000,"dl":0,"sp":7,"cp":1,"subp":1,"cs":false,"maxbr":320000,"fl":128000,"toast":false,"flag":128,"preSell":false},{"id":1340699001,"fee":8,"payed":0,"st":0,"pl":128000,"dl":0,"sp":7,"cp":1,"subp":1,"cs":false,"maxbr":999000,"fl":128000,"toast":false,"flag":4,"preSell":false},{"id":1305366729,"fee":8,"payed":0,"st":0,"pl":128000,"dl":0,"sp":7,"cp":1,"subp":1,"cs":false,"maxbr":999000,"fl":128000,"toast":false,"flag":4,"preSell":false},{"id":522444650,"fee":8,"payed":0,"st":0,"pl":128000,"dl":0,"sp":7,"cp":1,"subp":1,"cs":false,"maxbr":320000,"fl":128000,"toast":false,"flag":128,"preSell":false},{"id":1342080039,"fee":8,"payed":0,"st":0,"pl":128000,"dl":0,"sp":7,"cp":1,"subp":1,"cs":false,"maxbr":999000,"fl":128000,"toast":false,"flag":0,"preSell":false},{"id":1308782761,"fee":0,"payed":0,"st":0,"pl":320000,"dl":320000,"sp":7,"cp":1,"subp":1,"cs":false,"maxbr":999000,"fl":320000,"toast":false,"flag":128,"preSell":false},{"id":386844,"fee":0,"payed":0,"st":0,"pl":320000,"dl":320000,"sp":7,"cp":1,"subp":1,"cs":false,"maxbr":999000,"fl":320000,"toast":false,"flag":128,"preSell":false},{"id":1316014279,"fee":8,"payed":0,"st":0,"pl":128000,"dl":0,"sp":7,"cp":1,"subp":1,"cs":false,"maxbr":999000,"fl":128000,"toast":false,"flag":256,"preSell":false},{"id":1341972518,"fee":0,"payed":0,"st":0,"pl":320000,"dl":320000,"sp":7,"cp":1,"subp":1,"cs":false,"maxbr":999000,"fl":320000,"toast":false,"flag":0,"preSell":false},{"id":1315398144,"fee":8,"payed":0,"st":0,"pl":128000,"dl":0,"sp":7,"cp":1,"subp":1,"cs":false,"maxbr":320000,"fl":128000,"toast":false,"flag":132,"preSell":false}]}