{"playlist":{"subscribers":[],"subscribed":false,"creator":{"defaultAvatar":false,"province":110000,"authStatus":1,"followed":false,"avatarUrl":"http://p1.music.126.net/QWMV-Ru_6149AKe0mCBXKg==/1420569024374784.jpg","accountStatus":0,"gender":1,"city":110101,"birthday":-2209017600000,"userId":1,"userType":2,"nickname":"网易云音乐","signature":"网易云音乐是6亿人都在使用的音乐平台，致力于帮助用户发现音乐惊喜，帮助音乐人实现梦想。\n客服在线时间：9：00 - 24：00，如您在使用过程中遇到任何问题，欢迎私信咨询@云音乐客服 ，我们会尽快回复。\n如果仍然不能解决您的问题，请邮件我们：\n用户：ncm5990@163.com\n音乐人：yyr599@163.com\n","description":"网易云音乐官方账号","detailDescription":"网易云音乐官方账号","avatarImgId":1420569024374784,"backgroundImgId":2002210674180202,"backgroundUrl":"http://p1.music.126.net/pmHS4fcQtcNEGewNb5HRhg==/2002210674180202.jpg","authority":3,"mutual":false,"expertTags":null,"experts":null,"djStatus":10,"vipType":11,"remarkName":null,"backgroundImgIdStr":"2002210674180202","avatarImgIdStr":"1420569024374784"},"tracks":[{"name":"起风了","id":1338695683,"pst":0,"t":0,"ar":[{"id":187229,"name":"吴青峰","tns":[],"alias":[]}],"alia":["电视剧《加油，你是最棒的》主题曲"],"pop":100.0,"st":0,"rt":"","fee":8,"v":3,"crbt":null,"cf":"","al":{"id":75116936,"name":"起风了","picUrl":"http://p1.music.126.net/aMVPsO00OqlVTS2yMH8RgA==/109951163785600029.jpg","tns":[],"pic_str":"109951163785600029","pic":109951163785600029},"dt":313565,"h":{"br":320000,"fid":0,"size":12545089,"vd":-1.0},"m":{"br":192000,"fid":0,"size":7527071,"vd":-1.0},"l":{"br":128000,"fid":0,"size":5018062,"vd":0.0},"a":null,"cd":"01","no":1,"rtUrl":null,"ftype":0,"rtUrls":[],"djId":0,"copyright":0,"s_id":0,"rtype":0,"rurl":null,"mst":9,"cp":1416018,"mv":10851179,"publishTime":0},{"name":"i'm so tired...","id":1339216146,"pst":0,"t":0,"ar":[{"id":1057226,"name":"Lauv","tns":[],"alias":[]},{"id":45129,"name":"Troye Sivan","tns":[],"alias":[]}],"alia":[],"pop":0.0,"st":0,"rt":"","fee":8,"v":6,"crbt":null,"cf":"","al":{"id":75163674,"name":"i'm so tired...","picUrl":"http://p1.music.126.net/XnjFt4mks7xKE-snUwhGLw==/109951163817255340.jpg","tns":[],"pic_str":"109951163817255340","pic":109951163817255340},"dt":162582,"h":{"br":320000,"fid":0,"size":6505578,"vd":0.0},"m":{"br":192000,"fid":0,"size":3903364,"vd":0.0},"l":{"br":128000,"fid":0,"size":2602257,"vd":0.0},"a":null,"cd":"01","no":1,"rtUrl":null,"ftype":0,"rtUrls":[],"djId":0,"copyright":1,"s_id":0,"rtype":0,"rurl":null,"mst":9,"cp":631010,"mv":10848691,"publishTime":1548432000007},{"name":"写给黄淮","id":1334295185,"pst":0,"t":0,"ar":[{"id":29392693,"name":"解忧邵帅","tns":[],"alias":[]}],"alia":[],"pop":100.0,"st":0,"rt":null,"fee":8,"v":10,"crbt":null,"cf":"","al":{"id":74935701,"name":"写给黄淮","picUrl":"http://p1.music.126.net/CG8hLG4To_TZum0rIGk7WA==/109951163764772334.jpg","tns":[],"pic_str":"109951163764772334","pic":109951163764772334},"dt":241848,"h":{"br":320000,"fid":0,"size":9676844,"vd":-2.0},"m":{"br":192000,"fid":0,"size":5806124,"vd":-1.0},"l":{"br":128000,"fid":0,"size":3870764,"vd":-1.0},"a":null,"cd":"","no":0,"rtUrl":null,"ftype":0,"rtUrls":[],"djId":0,"copyright":0,"s_id":0,"rtype":0,"rurl":null,"mst":9,"cp":1372820,"mv":10846238,"publishTime":1546444800007},{"name":"天份","id":1334647784,"pst":0,"t":0,"ar":[{"id":5781,"name":"薛之谦","tns":[],"alias":[]}],"alia":[],"pop":100.0,"st":0,"rt":"","fee":0,"v":5,"crbt":null,"cf":"","al":{"id":74999481,"name":"怪咖","picUrl":"http://p1.music.126.net/TOkRGd59o3hAOKsnMMmMMA==/109951163755246383.jpg","tns":[],"pic_str":"109951163755246383","pic":109951163755246383},"dt":248109,"h":{"br":320000,"fid":0,"size":9926574,"vd":0.0},"m":{"br":192000,"fid":0,"size":5955962,"vd":0.0},"l":{"br":128000,"fid":0,"size":3970656,"vd":0.0},"a":null,"cd":"01","no":5,"rtUrl":null,"ftype":0,"rtUrls":[],"djId":0,"copyright":0,"s_id":0,"rtype":0,"rurl":null,"mst":9,"cp":22036,"mv":0,"publishTime":0},{"name":"口是心非","id":1338414233,"pst":0,"t":0,"ar":[{"id":29999237,"name":"丫蛋蛋","tns":[],"alias":[]},{"id":13681463,"name":"崔铭嘉","tns":[],"alias":[]}],"alia":["原唱：张雨生"],"pop":100.0,"st":0,"rt":"","fee":8,"v":6,"crbt":null,"cf":"","al":{"id":75093470,"name":"口是心非","picUrl":"http://p1.music.126.net/anZ5nJuAe6rsxDFmi1nG3g==/109951163783500767.jpg","tns":[],"pic_str":"109951163783500767","pic":109951163783500767},"dt":187216,"h":{"br":320000,"fid":0,"size":7490917,"vd":-3.0},"m":{"br":192000,"fid":0,"size":4494568,"vd":-3.0},"l":{"br":128000,"fid":0,"size":2996393,"vd":-2.0},"a":null,"cd":"01","no":1,"rtUrl":null,"ftype":0,"rtUrls":[],"djId":0,"copyright":0,"s_id":0,"rtype":0,"rurl":null,"mst":9,"cp":1372818,"mv":0,"publishTime":0},{"name":"7 rings","id":1340558332,"pst":0,"t":0,"ar":[{"id":48161,"name":"Ariana Grande","tns":[],"alias":[]}],"alia":[],"pop":100.0,"st":0,"rt":"","fee":8,"v":5,"crbt":null,"cf":"","al":{"id":75231666,"name":"7 rings","picUrl":"http://p1.music.126.net/FPs5S8EadUV8MbGEvi9Pbw==/109951163801685482.jpg","tns":[],"pic_str":"109951163801685482","pic":109951163801685482},"dt":178640,"h":{"br":320000,"fid":0,"size":7148191,"vd":0.0},"m":{"br":192000,"fid":0,"size":4288932,"vd":0.0},"l":{"br":128000,"fid":0,"size":2859302,"vd":0.0},"a":null,"cd":"01","no":1,"rtUrl":null,"ftype":0,"rtUrls":[],"djId":0,"copyright":0,"s_id":0,"rtype":0,"rurl":null,"mst":9,"cp":7003,"mv":10851159,"publishTime":0},{"name":"告白","id":1336856449,"pst":0,"t":0,"ar":[{"id":12002248,"name":"沈以诚","tns":[],"alias":[]}],"alia":["原唱：王欣宇"],"pop":100.0,"st":0,"rt":null,"fee":8,"v":6,"crbt":null,"cf":"","al":{"id":75019881,"name":"告白","picUrl":"http://p1.music.126.net/4xF8d6QNMy-TKYMy2AUwCQ==/109951163803974764.jpg","tns":[],"pic_str":"109951163803974764","pic":109951163803974764},"dt":250798,"h":{"br":320000,"fid":0,"size":10034199,"vd":0.0},"m":{"br":192000,"fid":0,"size":6020537,"vd":0.0},"l":{"br":128000,"fid":0,"size":4013706,"vd":0.0},"a":null,"cd":"","no":1,"rtUrl":null,"ftype":0,"rtUrls":[],"djId":0,"copyright":2,"s_id":0,"rtype":0,"rurl":null,"mst":9,"cp":0,"mv":0,"publishTime":1547913600007},{"name":"宝贝","id":1336871144,"pst":0,"t":0,"ar":[{"id":1197168,"name":"徐秉龙","tns":[],"alias":[]}],"alia":[],"pop":100.0,"st":0,"rt":null,"fee":8,"v":6,"crbt":null,"cf":"","al":{"id":75016703,"name":"宝贝","picUrl":"http://p1.music.126.net/AFM2wu_5j2hz1rOhCFtw9Q==/109951163783615009.jpg","tns":[],"pic_str":"109951163783615009","pic":109951163783615009},"dt":223027,"h":{"br":320000,"fid":0,"size":8923472,"vd":0.0},"m":{"br":192000,"fid":0,"size":5354101,"vd":0.0},"l":{"br":128000,"fid":0,"size":3569415,"vd":0.0},"a":null,"cd":"","no":1,"rtUrl":null,"ftype":0,"rtUrls":[],"djId":0,"copyright":2,"s_id":0,"rtype":0,"rurl":null,"mst":9,"cp":0,"mv":0,"publishTime":1547308800007},{"name":"真的傻","id":1340699001,"pst":0,"t":0,"ar":[{"id":9940,"name":"徐佳莹","tns":[],"alias":[]}],"alia":["电影《一吻定情》追爱版主题曲"],"pop":100.0,"st":0,"rt":"","fee":8,"v":2,"crbt":null,"cf":"","al":{"id":75256957,"name":"真的傻","picUrl":"http://p1.music.126.net/5KjhPr0fFGB4tS6tsWRucw==/109951163802227204.jpg","tns":[],"pic_str":"109951163802227204","pic":109951163802227204},"dt":256000,"h":{"br":320000,"fid":0,"size":10242133,"vd":0.0},"m":{"br":192000,"fid":0,"size":6145297,"vd":0.0},"l":{"br":128000,"fid":0,"size":4096879,"vd":0.0},"a":null,"cd":"01","no":1,"rtUrl":null,"ftype":0,"rtUrls":[],"djId":0,"copyright":0,"s_id":0,"rtype":0,"rurl":null,"mst":9,"cp":1416005,"mv":10850210,"publishTime":0},{"name":"爱在","id":1336866134,"pst":0,"t":0,"ar":[{"id":30000763,"name":"杨梓霖","tns":[],"alias":[]}],"alia":[],"pop":100.0,"st":0,"rt":null,"fee":8,"v":6,"crbt":null,"cf":"","al":{"id":75018692,"name":"爱在","picUrl":"http://p1.music.126.net/fUDlcusARqZYg7nLcyidEw==/109951163780116444.jpg","tns":[],"pic_str":"109951163780116444","pic":109951163780116444},"dt":190000,"h":{"br":320000,"fid":0,"size":7602721,"vd":0.0},"m":{"br":192000,"fid":0,"size":4561650,"vd":0.0},"l":{"br":128000,"fid":0,"size":3041115,"vd":0.0},"a":null,"cd":"","no":1,"rtUrl":null,"ftype":0,"rtUrls":[],"djId":0,"copyright":2,"s_id":0,"rtype":0,"rurl":null,"mst":9,"cp":0,"mv":0,"publishTime":1546876800007},{"name":"一半人生","id":1339725941,"pst":0,"t":0,"ar":[{"id":1875,"name":"阿信","tns":[],"alias":[]}],"alia":["电影《飞驰人生》主题曲"],"pop":100.0,"st":0,"rt":null,"fee":8,"v":6,"crbt":null,"cf":"","al":{"id":75136874,"name":"一半人生","picUrl":"http://p1.music.126.net/FVQEtY_jFt9LEasuHtjy5Q==/109951163800058970.jpg","tns":[],"pic_str":"109951163800058970","pic":109951163800058970},"dt":278665,"h":{"br":320000,"fid":0,"size":11149105,"vd":-2.0},"m":{"br":192000,"fid":0,"size":6689480,"vd":-1.0},"l":{"br":128000,"fid":0,"size":4459668,"vd":-1.0},"a":null,"cd":"1","no":1,"rtUrl":null,"ftype":0,"rtUrls":[],"djId":0,"copyright":2,"s_id":0,"rtype":0,"rurl":null,"mst":9,"cp":0,"mv":0,"publishTime":1547481600000},{"name":"Awaken","id":1341733740,"pst":0,"t":0,"ar":[{"id":11999108,"name":"Valerie Broussard","tns":[],"alias":[]},{"id":533062,"name":"Ray Chen","tns":[],"alias":[]}],"alia":["英雄联盟2019新赛季宣传曲：觉醒"],"pop":100.0,"st":0,"rt":"","fee":0,"v":9,"crbt":null,"cf":"","al":{"id":75311647,"name":"Awaken","picUrl":"http://p1.music.126.net/0hFq4ilMDpCjObjr7O0aIA==/109951163813679906.jpg","tns":[],"pic_str":"109951163813679906","pic":109951163813679906},"dt":198187,"h":{"br":320000,"fid":0,"size":7929774,"vd":-2.0},"m":{"br":192000,"fid":0,"size":4757882,"vd":-1.0},"l":{"br":128000,"fid":0,"size":3171936,"vd":-1.0},"a":null,"cd":"0","no":1,"rtUrl":null,"ftype":0,"rtUrls":[],"djId":0,"copyright":0,"s_id":0,"rtype":0,"rurl":null,"mst":9,"cp":0,"mv":10850236,"publishTime":0},{"name":"谁的现在没有藏着过往","id":1340529135,"pst":0,"t":0,"ar":[{"id":1081635,"name":"二珂","tns":[],"alias":[]}],"alia":["网剧《独家记忆》插曲"],"pop":100.0,"st":0,"rt":"","fee":8,"v":3,"crbt":null,"cf":"","al":{"id":75228147,"name":"谁的现在没有藏着过往","picUrl":"http://p1.music.126.net/_I_2sZHZHBbJ1xV932l0vQ==/109951163801475106.jpg","tns":[],"pic_str":"109951163801475106","pic":109951163801475106},"dt":248845,"h":{"br":320000,"fid":0,"size":9956876,"vd":0.0},"m":{"br":192000,"fid":0,"size":5974143,"vd":0.0},"l":{"br":128000,"fid":0,"size":3982777,"vd":0.0},"a":null,"cd":"01","no":2,"rtUrl":null,"ftype":0,"rtUrls":[],"djId":0,"copyright":0,"s_id":0,"rtype":0,"rurl":null,"mst":9,"cp":1415969,"mv":0,"publishTime":0},{"name":"看好你的女友","id":1336259464,"pst":0,"t":0,"ar":[{"id":12227290,"name":"BigYear大年","tns":[],"alias":[]}],"alia":[],"pop":100.0,"st":0,"rt":null,"fee":8,"v":14,"crbt":null,"cf":"","al":{"id":74996432,"name":"看好你的女友","picUrl":"http://p1.music.126.net/pTdLO_2xXgFkvhmIdbxuYw==/109951163757218745.jpg","tns":[],"pic_str":"109951163757218745","pic":109951163757218745},"dt":205396,"h":{"br":320000,"fid":0,"size":8218166,"vd":-15900.0},"m":{"br":192000,"fid":0,"size":4930917,"vd":-13300.0},"l":{"br":128000,"fid":0,"size":3287293,"vd":-11200.0},"a":null,"cd":"","no":1,"rtUrl":null,"ftype":0,"rtUrls":[],"djId":0,"copyright":0,"s_id":0,"rtype":0,"rurl":null,"mst":9,"cp":1415984,"mv":0,"publishTime":1546146609219},{"name":"绘笔江南","id":1342168955,"pst":0,"t":0,"ar":[{"id":1115075,"name":"西瓜JUN","tns":[],"alias":[]},{"id":990051,"name":"泥鳅Niko","tns":[],"alias":[]},{"id":1049276,"name":"知性的小方块","tns":[],"alias":[]},{"id":975714,"name":"叶洛洛","tns":[],"alias":[]}],"alia":[],"pop":0.0,"st":0,"rt":null,"fee":0,"v":7,"crbt":null,"cf":"","al":{"id":75301793,"name":"绘笔江南","picUrl":"http://p1.music.126.net/6tvg1NLlV-p6ENzcHBNgcw==/109951163818638126.jpg","tns":[],"pic_str":"109951163818638126","pic":109951163818638126},"dt":218751,"h":{"br":320000,"fid":0,"size":8753154,"vd":-3.0},"m":{"br":192000,"fid":0,"size":5251910,"vd":-3.0},"l":{"br":128000,"fid":0,"size":3501288,"vd":-3.0},"a":null,"cd":"","no":1,"rtUrl":null,"ftype":0,"rtUrls":[],"djId":0,"copyright":0,"s_id":0,"rtype":0,"rurl":null,"mst":9,"cp":0,"mv":0,"publishTime":1548483340176},{"name":"天亮以前说再见","id":1336789644,"pst":0,"t":0,"ar":[{"id":12419710,"name":"曲肖冰","tns":[],"alias":[]}],"alia":[],"pop":100.0,"st":0,"rt":null,"fee":8,"v":10,"crbt":null,"cf":"","al":{"id":74992125,"name":"天亮以前说再见","picUrl":"http://p1.music.126.net/_P71psYXWlTrEWEuyyN7QA==/109951163770392080.jpg","tns":[],"pic_str":"109951163770392080","pic":109951163770392080},"dt":252000,"h":{"br":320000,"fid":0,"size":10082264,"vd":-2.0},"m":{"br":192000,"fid":0,"size":6049376,"vd":-2.0},"l":{"br":128000,"fid":0,"size":4032932,"vd":-1.0},"a":null,"cd":"1","no":1,"rtUrl":null,"ftype":0,"rtUrls":[],"djId":0,"copyright":0,"s_id":0,"rtype":0,"rurl":null,"mst":9,"cp":650011,"mv":0,"publishTime":1546531200000},{"name":"怎么了","id":1336990251,"pst":0,"t":0,"ar":[{"id":980025,"name":"周兴哲","tns":[],"alias":[]}],"alia":["What's Wrong"],"pop":100.0,"st":0,"rt":"","fee":8,"v":3,"crbt":null,"cf":"","al":{"id":75023652,"name":"终于了解自由","picUrl":"http://p1.music.126.net/CXKsMcx7O-BYEPBbbkBEdw==/109951163766379624.jpg","tns":[],"pic_str":"109951163766379624","pic":109951163766379624},"dt":321097,"h":{"br":320000,"fid":0,"size":12843929,"vd":0.0},"m":{"br":192000,"fid":0,"size":7706375,"vd":0.0},"l":{"br":128000,"fid":0,"size":5137598,"vd":0.0},"a":null,"cd":"01","no":3,"rtUrl":null,"ftype":0,"rtUrls":[],"djId":0,"copyright":1,"s_id":0,"rtype":0,"rurl":null,"mst":9,"cp":7001,"mv":0,"publishTime":1547049600007},{"name":"哑巴","id":557583281,"pst":0,"t":0,"ar":[{"id":5781,"name":"薛之谦","tns":[],"alias":[]}],"alia":[],"pop":100.0,"st":0,"rt":null,"fee":0,"v":7,"crbt":null,"cf":"","al":{"id":74999481,"name":"怪咖","picUrl":"http://p1.music.126.net/TOkRGd59o3hAOKsnMMmMMA==/109951163755246383.jpg","tns":[],"pic_str":"109951163755246383","pic":109951163755246383},"dt":261043,"h":{"br":320000,"fid":0,"size":10444844,"vd":0.0},"m":{"br":192000,"fid":0,"size":6266924,"vd":0.0},"l":{"br":128000,"fid":0,"size":4177964,"vd":0.0},"a":null,"cd":"01","no":8,"rtUrl":null,"ftype":0,"rtUrls":[],"djId":0,"copyright":0,"s_id":0,"rtype":0,"rurl":null,"mst":9,"cp":22036,"mv":0,"publishTime":1525881600007},{"name":"狂浪","id":1331819040,"pst":0,"t":0,"ar":[{"id":14099603,"name":"花姐","tns":[],"alias":[]}],"alia":[],"pop":100.0,"st":0,"rt":null,"fee":8,"v":7,"crbt":null,"cf":"","al":{"id":74793624,"name":"狂浪","picUrl":"http://p1.music.126.net/vdy1as4EPuoYSHlZ36M7sg==/109951163752938123.jpg","tns":[],"pic_str":"109951163752938123","pic":109951163752938123},"dt":181339,"h":{"br":320000,"fid":0,"size":7255815,"vd":-2.0},"m":{"br":192000,"fid":0,"size":4353506,"vd":-2.0},"l":{"br":128000,"fid":0,"size":2902352,"vd":-2.0},"a":null,"cd":"01","no":1,"rtUrl":null,"ftype":0,"rtUrls":[],"djId":0,"copyright":0,"s_id":0,"rtype":0,"rurl":null,"mst":9,"cp":698013,"mv":10850220,"publishTime":1544025600000},{"name":"手腕","id":1336866556,"pst":0,"t":0,"ar":[{"id":12270575,"name":"孟凡明","tns":[],"alias":[]}],"alia":[],"pop":0.0,"st":0,"rt":null,"fee":8,"v":9,"crbt":null,"cf":"","al":{"id":75018978,"name":"手腕","picUrl":"http://p1.music.126.net/ubAKNJknEFCbW6yFsvYtYg==/109951163814039803.jpg","tns":[],"pic_str":"109951163814039803","pic":109951163814039803},"dt":254421,"h":{"br":320000,"fid":0,"size":10179440,"vd":-1.0},"m":{"br":192000,"fid":0,"size":6107681,"vd":-1.0},"l":{"br":128000,"fid":0,"size":4071802,"vd":-1.0},"a":null,"cd":"","no":1,"rtUrl":null,"ftype":0,"rtUrls":[],"djId":0,"copyright":2,"s_id":0,"rtype":0,"rurl":null,"mst":9,"cp":0,"mv":0,"publishTime":1548345600007},{"name":"九万字","id":1335942780,"pst":0,"t":0,"ar":[{"id":12308369,"name":"黄诗扶","tns":[],"alias":[]}],"alia":[],"pop":100.0,"st":0,"rt":"","fee":0,"v":11,"crbt":null,"cf":"","al":{"id":75228515,"name":"人间不值得","picUrl":"http://p1.music.126.net/oVCpfPtfAqNcAbRWMU7ffA==/109951163801547166.jpg","tns":[],"pic_str":"109951163801547166","pic":109951163801547166},"dt":232060,"h":{"br":320000,"fid":0,"size":9285007,"vd":0.0},"m":{"br":192000,"fid":0,"size":5571022,"vd":0.0},"l":{"br":128000,"fid":0,"size":3714029,"vd":0.0},"a":null,"cd":"1","no":2,"rtUrl":null,"ftype":0,"rtUrls":[],"djId":0,"copyright":0,"s_id":0,"rtype":0,"rurl":null,"mst":9,"cp":1415925,"mv":0,"publishTime":0},{"name":"Red","id":1339422595,"pst":0,"t":0,"ar":[{"id":1083118,"name":"王嘉尔","tns":[],"alias":[]},{"id":13145283,"name":"ICE","tns":[],"alias":[]}],"alia":[],"pop":100.0,"st":0,"rt":"","fee":8,"v":9,"crbt":null,"cf":"","al":{"id":75173031,"name":"Red","picUrl":"http://p1.music.126.net/usSorelEtg5xDPLj_eK5nQ==/109951163800092721.jpg","tns":[],"pic_str":"109951163800092721","pic":109951163800092721},"dt":168463,"h":{"br":320000,"fid":0,"size":6740680,"vd":-3.0},"m":{"br":192000,"fid":0,"size":4044426,"vd":-3.0},"l":{"br":128000,"fid":0,"size":2696298,"vd":-3.0},"a":null,"cd":"01","no":1,"rtUrl":null,"ftype":0,"rtUrls":[],"djId":0,"copyright":1,"s_id":0,"rtype":0,"rurl":null,"mst":9,"cp":405025,"mv":0,"publishTime":1547395200007},{"name":"Open It Up","id":1339066481,"pst":0,"t":0,"ar":[{"id":12002201,"name":"Higher Brothers","tns":[],"alias":[]}],"alia":[],"pop":100.0,"st":0,"rt":"","fee":8,"v":5,"crbt":null,"cf":"","al":{"id":75153240,"name":"Open It Up","picUrl":"http://p1.music.126.net/f_aabj4t1UUNFWRAbGNcig==/109951163788218279.jpg","tns":[],"pic_str":"109951163788218279","pic":109951163788218279},"dt":275862,"h":{"br":320000,"fid":0,"size":11037301,"vd":-2.0},"m":{"br":192000,"fid":0,"size":6622398,"vd":-2.0},"l":{"br":128000,"fid":0,"size":4414946,"vd":-1.0},"a":null,"cd":"01","no":1,"rtUrl":null,"ftype":0,"rtUrls":[],"djId":0,"copyright":1,"s_id":0,"rtype":0,"rurl":null,"mst":9,"cp":722012,"mv":10850120,"publishTime":1547481600007},{"name":"火炎","id":1341323866,"pst":0,"t":0,"ar":[{"id":22492,"name":"女王蜂","tns":[],"alias":[]}],"alia":["TV动画《多罗罗》片头曲 / TVアニメ「どろろ」OPテーマ"],"pop":100.0,"st":0,"rt":"","fee":0,"v":3,"crbt":null,"cf":"","al":{"id":75285004,"name":"火炎","picUrl":"http://p1.music.126.net/H3nPLAFPdHu35CHaMwmQMw==/109951163809615689.jpg","tns":[],"pic_str":"109951163809615689","pic":109951163809615689},"dt":216038,"h":{"br":320000,"fid":0,"size":8642395,"vd":-22500.0},"m":{"br":192000,"fid":0,"size":5185454,"vd":-19900.0},"l":{"br":128000,"fid":0,"size":3456984,"vd":-18400.0},"a":null,"cd":"01","no":1,"rtUrl":null,"ftype":0,"rtUrls":[],"djId":0,"copyright":0,"s_id":0,"rtype":0,"rurl":null,"mst":9,"cp":663018,"mv":10847485,"publishTime":1548086400000},{"name":"不甘心的甘愿","id":1340678372,"pst":0,"t":0,"ar":[{"id":29392693,"name":"解忧邵帅","tns":[],"alias":[]}],"alia":[],"pop":5.0,"st":0,"rt":null,"fee":8,"v":10,"crbt":null,"cf":"","al":{"id":75248759,"name":"不甘心的甘愿","picUrl":"http://p1.music.126.net/vL06kKKdCRfs9yQegKKg6A==/109951163817323881.jpg","tns":[],"pic_str":"109951163817323881","pic":109951163817323881},"dt":270637,"h":{"br":320000,"fid":0,"size":10828321,"vd":-2.0},"m":{"br":192000,"fid":0,"size":6497010,"vd":-2.0},"l":{"br":128000,"fid":0,"size":4331355,"vd":-1.0},"a":null,"cd":"","no":1,"rtUrl":null,"ftype":0,"rtUrls":[],"djId":0,"copyright":0,"s_id":0,"rtype":0,"rurl":null,"mst":9,"cp":0,"mv":0,"publishTime":1548259200000},{"name":"真的走了","id":1340620864,"pst":0,"t":0,"ar":[{"id":12094099,"name":"徐真真","tns":[],"alias":[]}],"alia":[],"pop":100.0,"st":0,"rt":"","fee":8,"v":2,"crbt":null,"cf":"","al":{"id":75256808,"name":"真的走了","picUrl":"http://p1.music.126.net/5OLKryKQye-y3SEBkJNVIQ==/109951163802157737.jpg","tns":[],"pic_str":"109951163802157737","pic":109951163802157737},"dt":235324,"h":{"br":320000,"fid":0,"size":9415619,"vd":0.0},"m":{"br":192000,"fid":0,"size":5649389,"vd":0.0},"l":{"br":128000,"fid":0,"size":3766274,"vd":0.0},"a":null,"cd":"01","no":1,"rtUrl":null,"ftype":0,"rtUrls":[],"djId":0,"copyright":0,"s_id":0,"rtype":0,"rurl":null,"mst":9,"cp":530019,"mv":0,"publishTime":0},{"name":"就当他没来过","id":1337205804,"pst":0,"t":0,"ar":[{"id":12077204,"name":"陈壹千","tns":[],"alias":[]}],"alia":[],"pop":100.0,"st":0,"rt":null,"fee":8,"v":9,"crbt":null,"cf":"","al":{"id":75024758,"name":"就当他没来过","picUrl":"http://p1.music.126.net/7ftAI7noVo6Iyr25PanSew==/109951163811671833.jpg","tns":[],"pic_str":"109951163811671833","pic":109951163811671833},"dt":281690,"h":{"br":320000,"fid":0,"size":11270313,"vd":-1.0},"m":{"br":192000,"fid":0,"size":6762205,"vd":-1.0},"l":{"br":128000,"fid":0,"size":4508151,"vd":-1.0},"a":null,"cd":"","no":1,"rtUrl":null,"ftype":0,"rtUrls":[],"djId":0,"copyright":0,"s_id":0,"rtype":0,"rurl":null,"mst":9,"cp":0,"mv":0,"publishTime":1546579938889},{"name":"肆无忌惮","id":557581967,"pst":0,"t":0,"ar":[{"id":5781,"name":"薛之谦","tns":[],"alias":[]}],"alia":[],"pop":100.0,"st":0,"rt":null,"fee":0,"v":8,"crbt":null,"cf":"","al":{"id":74999481,"name":"怪咖","picUrl":"http://p1.music.126.net/TOkRGd59o3hAOKsnMMmMMA==/109951163755246383.jpg","tns":[],"pic_str":"109951163755246383","pic":109951163755246383},"dt":259937,"h":{"br":320000,"fid":0,"size":10399913,"vd":0.0},"m":{"br":192000,"fid":0,"size":6239965,"vd":0.0},"l":{"br":128000,"fid":0,"size":4159991,"vd":0.0},"a":null,"cd":"01","no":3,"rtUrl":null,"ftype":0,"rtUrls":[],"djId":0,"copyright":0,"s_id":0,"rtype":0,"rurl":null,"mst":9,"cp":22036,"mv":10850182,"publishTime":1526400000007},{"name":"Hello My Love","id":1338728670,"pst":0,"t":0,"ar":[{"id":45839,"name":"Westlife","tns":[],"alias":[]}],"alia":[],"pop":100.0,"st":0,"rt":"","fee":8,"v":11,"crbt":null,"cf":"","al":{"id":75119241,"name":"Hello My Love","picUrl":"http://p1.music.126.net/P2_COhPmlhsOpoj31DDLeA==/109951163785867445.jpg","tns":[],"pic_str":"109951163785867445","pic":109951163785867445},"dt":214211,"h":{"br":320000,"fid":0,"size":8571342,"vd":-3.0},"m":{"br":192000,"fid":0,"size":5142822,"vd":-3.0},"l":{"br":128000,"fid":0,"size":3428563,"vd":-3.0},"a":null,"cd":"01","no":1,"rtUrl":null,"ftype":0,"rtUrls":[],"djId":0,"copyright":0,"s_id":0,"rtype":0,"rurl":null,"mst":9,"cp":7003,"mv":10850065,"publishTime":0},{"name":"Swan Song","id":1341188256,"pst":0,"t":0,"ar":[{"id":1135086,"name":"Dua Lipa","tns":[],"alias":[]}],"alia":["电影《阿丽塔：战斗天使》主题曲"],"pop":0.0,"st":0,"rt":"","fee":8,"v":3,"crbt":null,"cf":"","al":{"id":75274499,"name":"Swan Song (From Alita: Battle Angel)","picUrl":"http://p1.music.126.net/HgHIDrU0zVjrlAoUHe1ybQ==/109951163812408389.jpg","tns":[],"pic_str":"109951163812408389","pic":109951163812408389},"dt":182125,"h":{"br":320000,"fid":0,"size":7286117,"vd":-1.0},"m":{"br":192000,"fid":0,"size":4371688,"vd":-1.0},"l":{"br":128000,"fid":0,"size":2914473,"vd":-1.0},"a":null,"cd":"01","no":1,"rtUrl":null,"ftype":0,"rtUrls":[],"djId":0,"copyright":1,"s_id":0,"rtype":0,"rurl":null,"mst":9,"cp":7002,"mv":10850249,"publishTime":1548259200007},{"name":"茉莉花","id":1340543049,"pst":0,"t":0,"ar":[{"id":906118,"name":"洛天依","tns":[],"alias":[]}],"alia":[],"pop":100.0,"st":0,"rt":"","fee":1,"v":2,"crbt":null,"cf":"","al":{"id":75228493,"name":"茉莉花","picUrl":"http://p1.music.126.net/IBmP16vUyfYqOE3_f4eIgw==/109951163801541873.jpg","tns":[],"pic_str":"109951163801541873","pic":109951163801541873},"dt":243926,"h":{"br":320000,"fid":0,"size":9759391,"vd":-1.0},"m":{"br":192000,"fid":0,"size":5855652,"vd":-1.0},"l":{"br":128000,"fid":0,"size":3903782,"vd":-1.0},"a":null,"cd":"01","no":1,"rtUrl":null,"ftype":0,"rtUrls":[],"djId":0,"copyright":0,"s_id":0,"rtype":0,"rurl":null,"mst":9,"cp":471011,"mv":0,"publishTime":0},{"name":"无骨无花，无我无他","id":863706084,"pst":0,"t":0,"ar":[{"id":1145036,"name":"尚东峰","tns":[],"alias":[]}],"alia":[],"pop":100.0,"st":0,"rt":null,"fee":8,"v":38,"crbt":null,"cf":"","al":{"id":74674748,"name":"迷雾中的夜场巡礼","picUrl":"http://p1.music.126.net/MuaU4peQraP081eWHQnYkA==/109951163731558785.jpg","tns":[],"pic_str":"109951163731558785","pic":109951163731558785},"dt":214120,"h":{"br":320000,"fid":0,"size":8567162,"vd":-2100.0},"m":{"br":192000,"fid":0,"size":5140315,"vd":500.0},"l":{"br":128000,"fid":0,"size":3426891,"vd":2200.0},"a":null,"cd":"1","no":5,"rtUrl":null,"ftype":0,"rtUrls":[],"djId":0,"copyright":2,"s_id":0,"rtype":0,"rurl":null,"mst":9,"cp":0,"mv":0,"publishTime":1530316800000},{"name":"有梦可待","id":1336077464,"pst":0,"t":0,"ar":[{"id":13056440,"name":"陈立农","tns":[],"alias":[]}],"alia":["电视剧《幕后之王》片头曲"],"pop":100.0,"st":0,"rt":"","fee":8,"v":8,"crbt":null,"cf":"","al":{"id":74999382,"name":"幕后之王 电视原声音乐专辑","picUrl":"http://p1.music.126.net/AmEaUMtl8R1Aql12-ydRsg==/109951163754790236.jpg","tns":[],"pic_str":"109951163754790236","pic":109951163754790236},"dt":228986,"h":{"br":320000,"fid":0,"size":9161709,"vd":-3.0},"m":{"br":192000,"fid":0,"size":5497043,"vd":-3.0},"l":{"br":128000,"fid":0,"size":3664710,"vd":-3.0},"a":null,"cd":"01","no":2,"rtUrl":null,"ftype":0,"rtUrls":[],"djId":0,"copyright":0,"s_id":0,"rtype":0,"rurl":null,"mst":9,"cp":1415997,"mv":10785924,"publishTime":0},{"name":"爱爱爱","id":1341571206,"pst":0,"t":0,"ar":[{"id":9255,"name":"任然","tns":[],"alias":[]}],"alia":[],"pop":5.0,"st":0,"rt":"","fee":8,"v":1,"crbt":null,"cf":"","al":{"id":75293013,"name":"爱爱爱","picUrl":"http://p1.music.126.net/kZHZ3grPlbm2lpaPV7uBsA==/109951163811872735.jpg","tns":[],"pic_str":"109951163811872735","pic":109951163811872735},"dt":201176,"h":{"br":320000,"fid":0,"size":8049938,"vd":0.0},"m":{"br":192000,"fid":0,"size":4829980,"vd":-1.0},"l":{"br":128000,"fid":0,"size":3220001,"vd":-1.0},"a":null,"cd":"01","no":1,"rtUrl":null,"ftype":0,"rtUrls":[],"djId":0,"copyright":0,"s_id":0,"rtype":0,"rurl":null,"mst":9,"cp":650011,"mv":0,"publishTime":0},{"name":"醉仙美","id":1338146682,"pst":0,"t":0,"ar":[{"id":31156285,"name":"娜美","tns":[],"alias":[]}],"alia":[],"pop":100.0,"st":0,"rt":null,"fee":8,"v":9,"crbt":null,"cf":"","al":{"id":74992506,"name":"醉仙美","picUrl":"http://p1.music.126.net/dO-vmpg7WULDoWuGxqiMzg==/109951163787819385.jpg","tns":[],"pic_str":"109951163787819385","pic":109951163787819385},"dt":201038,"h":{"br":320000,"fid":0,"size":8043668,"vd":0.0},"m":{"br":192000,"fid":0,"size":4826218,"vd":0.0},"l":{"br":128000,"fid":0,"size":3217493,"vd":0.0},"a":null,"cd":"1","no":1,"rtUrl":null,"ftype":0,"rtUrls":[],"djId":0,"copyright":2,"s_id":0,"rtype":0,"rurl":null,"mst":9,"cp":1415887,"mv":0,"publishTime":1547049600000},{"name":"Do The Fight","id":1341578203,"pst":0,"t":0,"ar":[{"id":12003134,"name":"三畿道","tns":[],"alias":[]},{"id":12760859,"name":"林乔","tns":[],"alias":[]},{"id":12293867,"name":"杨秉音","tns":[],"alias":[]}],"alia":["《凹凸世界》第三季OP"],"pop":0.0,"st":0,"rt":"","fee":0,"v":3,"crbt":null,"cf":"","al":{"id":75292587,"name":"凹凸世界 第三季","picUrl":"http://p1.music.126.net/PTSG1U2tDei3YNYfQ7ELqQ==/109951163811959573.jpg","tns":[],"pic_str":"109951163811959573","pic":109951163811959573},"dt":202226,"h":{"br":320000,"fid":0,"size":8091733,"vd":-2.0},"m":{"br":192000,"fid":0,"size":4855057,"vd":-2.0},"l":{"br":128000,"fid":0,"size":3236719,"vd":-2.0},"a":null,"cd":"01","no":1,"rtUrl":null,"ftype":0,"rtUrls":[],"djId":0,"copyright":0,"s_id":0,"rtype":0,"rurl":null,"mst":9,"cp":714012,"mv":10850234,"publishTime":0},{"name":"人设","id":1336866049,"pst":0,"t":0,"ar":[{"id":12270575,"name":"孟凡明","tns":[],"alias":[]}],"alia":[],"pop":100.0,"st":0,"rt":null,"fee":8,"v":3,"crbt":null,"cf":"","al":{"id":75018638,"name":"人设","picUrl":"http://p1.music.126.net/qfaT7EFsb56hFyHZ6kieww==/109951163766637873.jpg","tns":[],"pic_str":"109951163766637873","pic":109951163766637873},"dt":217133,"h":{"br":320000,"fid":0,"size":8688370,"vd":-1.0},"m":{"br":192000,"fid":0,"size":5213040,"vd":-1.0},"l":{"br":128000,"fid":0,"size":3475374,"vd":-1.0},"a":null,"cd":"","no":1,"rtUrl":null,"ftype":0,"rtUrls":[],"djId":0,"copyright":2,"s_id":0,"rtype":0,"rurl":null,"mst":9,"cp":0,"mv":0,"publishTime":1546876800007},{"name":"不过是爱情","id":1337918800,"pst":0,"t":0,"ar":[{"id":8334,"name":"刘惜君","tns":[],"alias":[]}],"alia":["网剧《独家记忆》主题曲"],"pop":100.0,"st":0,"rt":"","fee":8,"v":4,"crbt":null,"cf":"","al":{"id":75070961,"name":"不过是爱情","picUrl":"http://p1.music.126.net/29yPwp9FeAWt0nSkYO07Vg==/109951163778828167.jpg","tns":[],"pic_str":"109951163778828167","pic":109951163778828167},"dt":249230,"h":{"br":320000,"fid":0,"size":9971505,"vd":-3.0},"m":{"br":192000,"fid":0,"size":5982920,"vd":-3.0},"l":{"br":128000,"fid":0,"size":3988628,"vd":-2.0},"a":null,"cd":"01","no":1,"rtUrl":null,"ftype":0,"rtUrls":[],"djId":0,"copyright":0,"s_id":0,"rtype":0,"rurl":null,"mst":9,"cp":1415969,"mv":10782997,"publishTime":0},{"name":"最好","id":1294910785,"pst":0,"t":0,"ar":[{"id":5781,"name":"薛之谦","tns":[],"alias":[]}],"alia":[],"pop":100.0,"st":0,"rt":null,"fee":0,"v":7,"crbt":null,"cf":"","al":{"id":74999481,"name":"怪咖","picUrl":"http://p1.music.126.net/TOkRGd59o3hAOKsnMMmMMA==/109951163755246383.jpg","tns":[],"pic_str":"109951163755246383","pic":109951163755246383},"dt":255501,"h":{"br":320000,"fid":0,"size":10222280,"vd":-1.0},"m":{"br":192000,"fid":0,"size":6133386,"vd":0.0},"l":{"br":128000,"fid":0,"size":4088938,"vd":0.0},"a":null,"cd":"01","no":6,"rtUrl":null,"ftype":0,"rtUrls":[],"djId":0,"copyright":0,"s_id":0,"rtype":0,"rurl":null,"mst":9,"cp":22036,"mv":10850070,"publishTime":1532534400007},{"name":"新鲜感","id":1340698526,"pst":0,"t":0,"ar":[{"id":13923085,"name":"伍嘉成","tns":[],"alias":[]},{"id":12643557,"name":"Yamy","tns":[],"alias":[]}],"alia":[],"pop":100.0,"st":0,"rt":"","fee":1,"v":2,"crbt":null,"cf":"","al":{"id":75260078,"name":"新鲜感","picUrl":"http://p1.music.126.net/gXgkBt7dfSZPg4kxJXCp5g==/109951163806061582.jpg","tns":[],"pic_str":"109951163806061582","pic":109951163806061582},"dt":198103,"h":{"br":320000,"fid":0,"size":7926640,"vd":-1.0},"m":{"br":192000,"fid":0,"size":4756001,"vd":0.0},"l":{"br":128000,"fid":0,"size":3170682,"vd":0.0},"a":null,"cd":"01","no":1,"rtUrl":null,"ftype":0,"rtUrls":[],"djId":0,"copyright":0,"s_id":0,"rtype":0,"rurl":null,"mst":9,"cp":1415934,"mv":0,"publishTime":0},{"name":"四海","id":1340001872,"pst":0,"t":0,"ar":[{"id":1007170,"name":"陈粒","tns":[],"alias":[]}],"alia":["电影《七里地》主题曲"],"pop":100.0,"st":0,"rt":null,"fee":0,"v":12,"crbt":null,"cf":"","al":{"id":75137189,"name":"四海","picUrl":"http://p1.music.126.net/QRtLhcwMEH3wgqZ9aP3l3g==/109951163809989660.jpg","tns":[],"pic_str":"109951163809989660","pic":109951163809989660},"dt":191780,"h":{"br":320000,"fid":0,"size":7673774,"vd":0.0},"m":{"br":192000,"fid":0,"size":4604282,"vd":0.0},"l":{"br":128000,"fid":0,"size":3069536,"vd":0.0},"a":null,"cd":"1","no":1,"rtUrl":null,"ftype":0,"rtUrls":[],"djId":0,"copyright":2,"s_id":0,"rtype":0,"rurl":null,"mst":9,"cp":417014,"mv":0,"publishTime":1547913600000},{"name":"Crashing","id":1341919847,"pst":0,"t":0,"ar":[{"id":1050518,"name":"ILLENIUM","tns":[],"alias":[]},{"id":1044218,"name":"Bahari","tns":[],"alias":[]}],"alia":[],"pop":0.0,"st":0,"rt":"","fee":8,"v":5,"crbt":null,"cf":"","al":{"id":75320139,"name":"Crashing","picUrl":"http://p1.music.126.net/8yRdzdzU5JsSKyOFru0sTA==/109951163815714487.jpg","tns":[],"pic_str":"109951163815714487","pic":109951163815714487},"dt":230034,"h":{"br":320000,"fid":0,"size":9202460,"vd":-1.0},"m":{"br":192000,"fid":0,"size":5521493,"vd":-1.0},"l":{"br":128000,"fid":0,"size":3681010,"vd":0.0},"a":null,"cd":"01","no":1,"rtUrl":null,"ftype":0,"rtUrls":[],"djId":0,"copyright":1,"s_id":0,"rtype":0,"rurl":null,"mst":9,"cp":7003,"mv":10848705,"publishTime":1548345600000},{"name":"时间简史","id":1334297185,"pst":0,"t":0,"ar":[{"id":1050282,"name":"房东的猫","tns":[],"alias":[]},{"id":11318,"name":"晨曦光廊","tns":[],"alias":[]}],"alia":[],"pop":100.0,"st":0,"rt":null,"fee":8,"v":9,"crbt":null,"cf":"","al":{"id":74928688,"name":"时间简史","picUrl":"http://p1.music.126.net/eOwIZxk3uB0ccs4WsUGX4g==/109951163758084767.jpg","tns":[],"pic_str":"109951163758084767","pic":109951163758084767},"dt":464810,"h":{"br":320000,"fid":0,"size":18595048,"vd":-5500.0},"m":{"br":192000,"fid":0,"size":11157046,"vd":-3000.0},"l":{"br":128000,"fid":0,"size":7438045,"vd":-2000.0},"a":null,"cd":"","no":1,"rtUrl":null,"ftype":0,"rtUrls":[],"djId":0,"copyright":0,"s_id":0,"rtype":0,"rurl":null,"mst":9,"cp":0,"mv":0,"publishTime":1546099200007},{"name":"岩石里的花","id":1331535573,"pst":0,"t":0,"ar":[{"id":7763,"name":"G.E.M.邓紫棋","tns":[],"alias":[]}],"alia":[],"pop":100.0,"st":0,"rt":"","fee":8,"v":4,"crbt":null,"cf":"","al":{"id":74989312,"name":"睡皇后","picUrl":"http://p1.music.126.net/fI5OPx5-0G4g384rGNQftA==/109951163751293472.jpg","tns":[],"pic_str":"109951163751293472","pic":109951163751293472},"dt":294120,"h":{"br":320000,"fid":0,"size":11767685,"vd":-1.0},"m":{"br":192000,"fid":0,"size":7060628,"vd":0.0},"l":{"br":128000,"fid":0,"size":4707100,"vd":0.0},"a":null,"cd":"01","no":1,"rtUrl":null,"ftype":0,"rtUrls":[],"djId":0,"copyright":0,"s_id":0,"rtype":0,"rurl":null,"mst":9,"cp":1415926,"mv":10782293,"publishTime":0},{"name":"Born Again","id":1341956452,"pst":0,"t":0,"ar":[{"id":126009,"name":"Tiffany Young","tns":[],"alias":[]}],"alia":[],"pop":0.0,"st":0,"rt":"","fee":8,"v":8,"crbt":null,"cf":"","al":{"id":75322434,"name":"Born Again","picUrl":"http://p1.music.126.net/7AllYx9a_x1TmH2go2WyUQ==/109951163816568342.jpg","tns":[],"pic_str":"109951163816568342","pic":109951163816568342},"dt":193018,"h":{"br":320000,"fid":0,"size":7721840,"vd":-2.0},"m":{"br":192000,"fid":0,"size":4633121,"vd":-2.0},"l":{"br":128000,"fid":0,"size":3088762,"vd":-2.0},"a":null,"cd":"01","no":1,"rtUrl":null,"ftype":0,"rtUrls":[],"djId":0,"copyright":1,"s_id":0,"rtype":0,"rurl":null,"mst":9,"cp":7003,"mv":10851220,"publishTime":1548345600000},{"name":"Anxiety","id":1341884585,"pst":0,"t":0,"ar":[{"id":12097049,"name":"Julia Michaels","tns":[],"alias":[]},{"id":140196,"name":"Selena Gomez","tns":[],"alias":[]}],"alia":[],"pop":0.0,"st":0,"rt":"","fee":8,"v":3,"crbt":null,"cf":"","al":{"id":75318414,"name":"Inner Monologue Part 1","picUrl":"http://p1.music.126.net/Tsoj0JMJRy8fXObWo3tAkA==/109951163817435956.jpg","tns":[],"pic_str":"109951163817435956","pic":109951163817435956},"dt":210181,"h":{"br":320000,"fid":0,"size":8408338,"vd":-1.0},"m":{"br":192000,"fid":0,"size":5045020,"vd":-1.0},"l":{"br":128000,"fid":0,"size":3363361,"vd":0.0},"a":null,"cd":"01","no":1,"rtUrl":null,"ftype":0,"rtUrls":[],"djId":0,"copyright":1,"s_id":0,"rtype":0,"rurl":null,"mst":9,"cp":7003,"mv":0,"publishTime":1548259200000},{"name":"环游星空","id":1341188360,"pst":0,"t":0,"ar":[{"id":14017398,"name":"Gifty","tns":[],"alias":[]}],"alia":[],"pop":100.0,"st":0,"rt":"","fee":8,"v":2,"crbt":null,"cf":"","al":{"id":75274529,"name":"环游星空","picUrl":"http://p1.music.126.net/py5PvLrbmS2AR_iEadE7kg==/109951163808188461.jpg","tns":[],"pic_str":"109951163808188461","pic":109951163808188461},"dt":160776,"h":{"br":320000,"fid":0,"size":6433480,"vd":0.0},"m":{"br":192000,"fid":0,"size":3860106,"vd":0.0},"l":{"br":128000,"fid":0,"size":2573418,"vd":0.0},"a":null,"cd":"01","no":1,"rtUrl":null,"ftype":0,"rtUrls":[],"djId":0,"copyright":0,"s_id":0,"rtype":0,"rurl":null,"mst":9,"cp":1385819,"mv":0,"publishTime":0},{"name":"平安喜乐 ","id":1336866612,"pst":0,"t":0,"ar":[{"id":1008034,"name":"鬼卞","tns":[],"alias":[]}],"alia":[],"pop":0.0,"st":0,"rt":null,"fee":8,"v":6,"crbt":null,"cf":"","al":{"id":75020004,"name":"平安喜乐","picUrl":"http://p1.music.126.net/HXmk-pEFOeQn11kb3EhyrA==/109951163816737384.jpg","tns":[],"pic_str":"109951163816737384","pic":109951163816737384},"dt":184031,"h":{"br":320000,"fid":0,"size":7363440,"vd":-19100.0},"m":{"br":192000,"fid":0,"size":4418081,"vd":-16500.0},"l":{"br":128000,"fid":0,"size":2945402,"vd":-14600.0},"a":null,"cd":"","no":1,"rtUrl":null,"ftype":0,"rtUrls":[],"djId":0,"copyright":0,"s_id":0,"rtype":0,"rurl":null,"mst":9,"cp":0,"mv":0,"publishTime":1548345600007},{"name":"坚持奔跑的人","id":1341800341,"pst":0,"t":0,"ar":[{"id":31348086,"name":"陆宇鹏","tns":[],"alias":[]}],"alia":[],"pop":0.0,"st":0,"rt":"","fee":0,"v":4,"crbt":null,"cf":"","al":{"id":75316700,"name":"坚持奔跑的人","picUrl":"http://p1.music.126.net/bNMdrJi_oh-kcyftq2mQlw==/109951163814371645.jpg","tns":[],"pic_str":"109951163814371645","pic":109951163814371645},"dt":236569,"h":{"br":320000,"fid":0,"size":9465774,"vd":-1.0},"m":{"br":192000,"fid":0,"size":5679482,"vd":-1.0},"l":{"br":128000,"fid":0,"size":3786336,"vd":-1.0},"a":null,"cd":"01","no":1,"rtUrl":null,"ftype":0,"rtUrls":[],"djId":0,"copyright":0,"s_id":0,"rtype":0,"rurl":null,"mst":9,"cp":619010,"mv":0,"publishTime":0},{"name":"平凡的你我","id":1334296172,"pst":0,"t":0,"ar":[{"id":13609637,"name":"马良","tns":[],"alias":[]}],"alia":[],"pop":100.0,"st":0,"rt":null,"fee":8,"v":6,"crbt":null,"cf":"","al":{"id":74937696,"name":"平凡的你我","picUrl":"http://p1.music.126.net/jcNZndJyZJNhTn16sif6dA==/109951163755198254.jpg","tns":[],"pic_str":"109951163755198254","pic":109951163755198254},"dt":239996,"h":{"br":320000,"fid":0,"size":9602656,"vd":-29700.0},"m":{"br":192000,"fid":0,"size":5761611,"vd":-27100.0},"l":{"br":128000,"fid":0,"size":3841088,"vd":-25300.0},"a":null,"cd":"","no":1,"rtUrl":null,"ftype":0,"rtUrls":[],"djId":0,"copyright":0,"s_id":0,"rtype":0,"rurl":null,"mst":9,"cp":0,"mv":10843386,"publishTime":1546099200007},{"name":"你的酒馆对我打了烊","id":1341964346,"pst":0,"t":0,"ar":[{"id":12382970,"name":"陈雪凝","tns":[],"alias":[]}],"alia":[],"pop":0.0,"st":0,"rt":null,"fee":8,"v":28,"crbt":null,"cf":"","al":{"id":75302730,"name":"你的酒馆对我打了烊","picUrl":"http://p1.music.126.net/LiRR__0pJHSivqBHZzbMUw==/109951163816225567.jpg","tns":[],"pic_str":"109951163816225567","pic":109951163816225567},"dt":251428,"h":{"br":320000,"fid":0,"size":10060321,"vd":-12200.0},"m":{"br":192000,"fid":0,"size":6036210,"vd":-9600.0},"l":{"br":128000,"fid":0,"size":4024155,"vd":-8000.0},"a":null,"cd":"","no":1,"rtUrl":null,"ftype":0,"rtUrls":[],"djId":0,"copyright":2,"s_id":0,"rtype":0,"rurl":null,"mst":9,"cp":0,"mv":0,"publishTime":1548394617415},{"name":"Sauce!","id":1340759125,"pst":0,"t":0,"ar":[{"id":12107961,"name":"XXXTENTACION","tns":[],"alias":[]}],"alia":[],"pop":100.0,"st":0,"rt":"","fee":8,"v":2,"crbt":null,"cf":"","al":{"id":75263648,"name":"XXXTENTACION Presents: Members Only, Vol. 4","picUrl":"http://p1.music.126.net/vMlB59CvHbZ0W4476fJ6CQ==/109951163803284902.jpg","tns":[],"pic_str":"109951163803284902","pic":109951163803284902},"dt":144724,"h":{"br":320000,"fid":0,"size":5791913,"vd":0.0},"m":{"br":192000,"fid":0,"size":3475165,"vd":0.0},"l":{"br":128000,"fid":0,"size":2316791,"vd":0.0},"a":null,"cd":"01","no":3,"rtUrl":null,"ftype":0,"rtUrls":[],"djId":0,"copyright":1,"s_id":0,"rtype":0,"rurl":null,"mst":9,"cp":1415966,"mv":0,"publishTime":1548172800007},{"name":"MIDDLE CHILD","id":1341722986,"pst":0,"t":0,"ar":[{"id":36910,"name":"J. Cole","tns":[],"alias":[]}],"alia":[],"pop":100.0,"st":0,"rt":"","fee":8,"v":2,"crbt":null,"cf":"","al":{"id":75310423,"name":"MIDDLE CHILD","picUrl":"http://p1.music.126.net/N0ZjPPcc2EarIjpsk36eVA==/109951163813596987.jpg","tns":[],"pic_str":"109951163813596987","pic":109951163813596987},"dt":213629,"h":{"br":320000,"fid":0,"size":8546264,"vd":0.0},"m":{"br":192000,"fid":0,"size":5127776,"vd":0.0},"l":{"br":128000,"fid":0,"size":3418532,"vd":0.0},"a":null,"cd":"01","no":1,"rtUrl":null,"ftype":0,"rtUrls":[],"djId":0,"copyright":1,"s_id":0,"rtype":0,"rurl":null,"mst":9,"cp":7003,"mv":0,"publishTime":1548172800007},{"name":"神之将至","id":1341108266,"pst":0,"t":0,"ar":[{"id":12359437,"name":"李常超 (Lao乾妈)","tns":[],"alias":[]}],"alia":[],"pop":100.0,"st":0,"rt":null,"fee":0,"v":13,"crbt":null,"cf":"","al":{"id":75248342,"name":"神之将至","picUrl":"http://p1.music.126.net/qLOkLelmyXRXyB4X23lcJA==/109951163807902140.jpg","tns":[],"pic_str":"109951163807902140","pic":109951163807902140},"dt":202992,"h":{"br":320000,"fid":0,"size":8122036,"vd":2.0},"m":{"br":192000,"fid":0,"size":4873239,"vd":1.0},"l":{"br":128000,"fid":0,"size":3248840,"vd":1.0},"a":null,"cd":"","no":1,"rtUrl":null,"ftype":0,"rtUrls":[],"djId":0,"copyright":0,"s_id":0,"rtype":0,"rurl":null,"mst":9,"cp":0,"mv":10848688,"publishTime":1548000953864},{"name":"是否","id":1340133226,"pst":0,"t":0,"ar":[{"id":12472506,"name":"习谱予","tns":[],"alias":[]}],"alia":[],"pop":100.0,"st":0,"rt":"","fee":8,"v":2,"crbt":null,"cf":"","al":{"id":75205586,"name":"是否","picUrl":"http://p1.music.126.net/yTnn5r683dKWbbNLeYsy6A==/109951163797946379.jpg","tns":[],"pic_str":"109951163797946379","pic":109951163797946379},"dt":171349,"h":{"br":320000,"fid":0,"size":6856664,"vd":0.0},"m":{"br":192000,"fid":0,"size":4114016,"vd":0.0},"l":{"br":128000,"fid":0,"size":2742692,"vd":0.0},"a":null,"cd":"01","no":1,"rtUrl":null,"ftype":0,"rtUrls":[],"djId":0,"copyright":0,"s_id":0,"rtype":0,"rurl":null,"mst":9,"cp":534013,"mv":0,"publishTime":0},{"name":"这就是我","id":1340180365,"pst":0,"t":0,"ar":[{"id":3272,"name":"韩庚","tns":[],"alias":[]}],"alia":["电影《大侦探霍桑》主题曲"],"pop":100.0,"st":0,"rt":"","fee":8,"v":1,"crbt":null,"cf":"","al":{"id":75207867,"name":"这就是我","picUrl":"http://p1.music.126.net/9eviQB10k5mmXpRZ9nB20Q==/109951163798423054.jpg","tns":[],"pic_str":"109951163798423054","pic":109951163798423054},"dt":260553,"h":{"br":320000,"fid":0,"size":10424991,"vd":-1.0},"m":{"br":192000,"fid":0,"size":6255012,"vd":-1.0},"l":{"br":128000,"fid":0,"size":4170022,"vd":-1.0},"a":null,"cd":"01","no":1,"rtUrl":null,"ftype":0,"rtUrls":[],"djId":0,"copyright":0,"s_id":0,"rtype":0,"rurl":null,"mst":9,"cp":1374822,"mv":0,"publishTime":0},{"name":"joy. (R3HAB Remix)","id":1336001679,"pst":0,"t":0,"ar":[{"id":92967,"name":"For King & Country","tns":[],"alias":[]},{"id":197248,"name":"R3hab","tns":[],"alias":[]}],"alia":[],"pop":0.0,"st":0,"rt":"","fee":8,"v":2,"crbt":null,"cf":"","al":{"id":74998103,"name":"joy. (R3HAB Remix)","picUrl":"http://p1.music.126.net/KHGscC6r2sLbzS7HvGC7Cg==/109951163767808138.jpg","tns":[],"pic_str":"109951163767808138","pic":109951163767808138},"dt":171500,"h":{"br":320000,"fid":0,"size":6862933,"vd":-2.0},"m":{"br":192000,"fid":0,"size":4117777,"vd":-2.0},"l":{"br":128000,"fid":0,"size":2745199,"vd":-2.0},"a":null,"cd":"01","no":1,"rtUrl":null,"ftype":0,"rtUrls":[],"djId":0,"copyright":1,"s_id":0,"rtype":0,"rurl":null,"mst":9,"cp":743010,"mv":0,"publishTime":1548345600007},{"name":"哪吒闹","id":1341384673,"pst":0,"t":0,"ar":[{"id":2524,"name":"大张伟","tns":[],"alias":[]}],"alia":[],"pop":100.0,"st":0,"rt":"","fee":-1,"v":2,"crbt":null,"cf":"","al":{"id":75286941,"name":"哪吒闹","picUrl":"http://p1.music.126.net/CwSdu2W21Pjv0lnaqB5whg==/109951163810096661.jpg","tns":[],"pic_str":"109951163810096661","pic":109951163810096661},"dt":181237,"h":{"br":320000,"fid":0,"size":7250591,"vd":-2.0},"m":{"br":192000,"fid":0,"size":4350372,"vd":-2.0},"l":{"br":128000,"fid":0,"size":2900262,"vd":-2.0},"a":null,"cd":"01","no":1,"rtUrl":null,"ftype":0,"rtUrls":[],"djId":0,"copyright":0,"s_id":0,"rtype":0,"rurl":null,"mst":9,"cp":1415996,"mv":0,"publishTime":0},{"name":"Fences","id":1339221426,"pst":0,"t":0,"ar":[{"id":747030,"name":"Vicetone","tns":[],"alias":[]},{"id":38873,"name":"Matt Wertz","tns":[],"alias":[]}],"alia":[],"pop":100.0,"st":0,"rt":"","fee":8,"v":5,"crbt":null,"cf":"","al":{"id":75164996,"name":"Fences","picUrl":"http://p1.music.126.net/vyFZN3UxyLCv0cAbQPwV2w==/109951163789368049.jpg","tns":[],"pic_str":"109951163789368049","pic":109951163789368049},"dt":211557,"h":{"br":320000,"fid":0,"size":8464762,"vd":-3.0},"m":{"br":192000,"fid":0,"size":5078875,"vd":-3.0},"l":{"br":128000,"fid":0,"size":3385931,"vd":-3.0},"a":null,"cd":"01","no":1,"rtUrl":null,"ftype":0,"rtUrls":[],"djId":0,"copyright":1,"s_id":0,"rtype":0,"rurl":null,"mst":9,"cp":729016,"mv":10846524,"publishTime":1547740800007},{"name":"으음으음(U Um U Um)","id":1341158180,"pst":0,"t":0,"ar":[{"id":956382,"name":"孝敏","tns":[],"alias":[]}],"alia":[],"pop":100.0,"st":0,"rt":"","fee":8,"v":5,"crbt":null,"cf":"","al":{"id":75270601,"name":"으음으음(U Um U Um)","picUrl":"http://p1.music.126.net/MXCXsrY2Jcbf_yLlSqCvyA==/109951163807994457.jpg","tns":["U Um U Um"],"pic_str":"109951163807994457","pic":109951163807994457},"dt":175971,"h":{"br":320000,"fid":0,"size":7041611,"vd":-3.0},"m":{"br":192000,"fid":0,"size":4224984,"vd":-3.0},"l":{"br":128000,"fid":0,"size":2816671,"vd":-2.0},"a":null,"cd":"01","no":1,"rtUrl":null,"ftype":0,"rtUrls":[],"djId":0,"copyright":1,"s_id":0,"rtype":0,"rurl":null,"mst":9,"cp":1410822,"mv":10848524,"publishTime":1547913600007,"tns":["U Um U Um"]},{"name":"小船","id":1336856283,"pst":0,"t":0,"ar":[{"id":1198010,"name":"暗杠","tns":[],"alias":[]}],"alia":[],"pop":100.0,"st":0,"rt":null,"fee":8,"v":8,"crbt":null,"cf":"","al":{"id":75016761,"name":"小船","picUrl":"http://p1.music.126.net/-fZYblOOUrbBHpuzFauIvw==/109951163796331469.jpg","tns":[],"pic_str":"109951163796331469","pic":109951163796331469},"dt":185753,"h":{"br":320000,"fid":0,"size":7432403,"vd":-1.0},"m":{"br":192000,"fid":0,"size":4459459,"vd":-1.0},"l":{"br":128000,"fid":0,"size":2972987,"vd":0.0},"a":null,"cd":"","no":1,"rtUrl":null,"ftype":0,"rtUrls":[],"djId":0,"copyright":2,"s_id":0,"rtype":0,"rurl":null,"mst":9,"cp":0,"mv":0,"publishTime":1547568000007},{"name":"Hat Trick","id":1340180344,"pst":0,"t":0,"ar":[{"id":1124151,"name":"刘柏辛Lexie","tns":[],"alias":[]}],"alia":[],"pop":5.0,"st":0,"rt":"","fee":8,"v":5,"crbt":null,"cf":"","al":{"id":75207289,"name":"Hat Trick","picUrl":"http://p1.music.126.net/1NZYHSUlxm9M7DtF6gVuaw==/109951163798407103.jpg","tns":[],"pic_str":"109951163798407103","pic":109951163798407103},"dt":169108,"h":{"br":320000,"fid":0,"size":6766803,"vd":-3.0},"m":{"br":192000,"fid":0,"size":4060099,"vd":-3.0},"l":{"br":128000,"fid":0,"size":2706747,"vd":-2.0},"a":null,"cd":"01","no":1,"rtUrl":null,"ftype":0,"rtUrls":[],"djId":0,"copyright":1,"s_id":0,"rtype":0,"rurl":null,"mst":9,"cp":1415983,"mv":10850241,"publishTime":1548259200007},{"name":"火炎 (TV Size)","id":1340426151,"pst":0,"t":0,"ar":[{"id":22492,"name":"女王蜂","tns":[],"alias":[]}],"alia":["TV动画《多罗罗》片头曲 / TVアニメ「どろろ」OPテーマ"],"pop":100.0,"st":0,"rt":"","fee":0,"v":9,"crbt":null,"cf":"","al":{"id":75221754,"name":"火炎 (TV Size)","picUrl":"http://p1.music.126.net/eanfcxkwntfR0QlBpyY6Gg==/109951163807799739.jpg","tns":[],"pic_str":"109951163807799739","pic":109951163807799739},"dt":89051,"h":null,"m":{"br":192000,"fid":0,"size":2137905,"vd":9.0},"l":{"br":128000,"fid":0,"size":1425284,"vd":9.0},"a":null,"cd":"01","no":0,"rtUrl":null,"ftype":0,"rtUrls":[],"djId":0,"copyright":2,"s_id":0,"rtype":0,"rurl":null,"mst":9,"cp":663018,"mv":10847485,"publishTime":1546704000000},{"name":"红昭愿 (Live)","id":1335952551,"pst":0,"t":0,"ar":[{"id":1032298,"name":"鞠婧祎","tns":[],"alias":[]}],"alia":[],"pop":100.0,"st":0,"rt":"","fee":0,"v":2,"crbt":null,"cf":"","al":{"id":74994595,"name":"国风美少年 第五期","picUrl":"http://p1.music.126.net/WnUyz9DEueAka69kgEAMWA==/109951163753267720.jpg","tns":[],"pic_str":"109951163753267720","pic":109951163753267720},"dt":186432,"h":{"br":320000,"fid":0,"size":7459570,"vd":-2.0},"m":{"br":192000,"fid":0,"size":4475760,"vd":-2.0},"l":{"br":128000,"fid":0,"size":2983854,"vd":-1.0},"a":null,"cd":"01","no":1,"rtUrl":null,"ftype":0,"rtUrls":[],"djId":0,"copyright":0,"s_id":0,"rtype":0,"rurl":null,"mst":9,"cp":1415903,"mv":0,"publishTime":0},{"name":"Hello My Love (Acoustic)","id":1341926181,"pst":0,"t":0,"ar":[{"id":45839,"name":"Westlife","tns":[],"alias":[]}],"alia":[],"pop":0.0,"st":0,"rt":"","fee":8,"v":2,"crbt":null,"cf":"","al":{"id":75320385,"name":"Hello My Love (Acoustic)","picUrl":"http://p1.music.126.net/dhE2mgy3QL3ddkasqoTkDQ==/109951163815777045.jpg","tns":[],"pic_str":"109951163815777045","pic":109951163815777045},"dt":253884,"h":{"br":320000,"fid":0,"size":10156452,"vd":0.0},"m":{"br":192000,"fid":0,"size":6093889,"vd":0.0},"l":{"br":128000,"fid":0,"size":4062607,"vd":0.0},"a":null,"cd":"01","no":1,"rtUrl":null,"ftype":0,"rtUrls":[],"djId":0,"copyright":1,"s_id":0,"rtype":0,"rurl":null,"mst":9,"cp":7003,"mv":0,"publishTime":1548345600000},{"name":"%%(응응)","id":1337964733,"pst":0,"t":0,"ar":[{"id":126277,"name":"Apink","tns":[],"alias":[]}],"alia":[],"pop":100.0,"st":0,"rt":"","fee":8,"v":9,"crbt":null,"cf":"","al":{"id":75072586,"name":"PERCENT","picUrl":"http://p1.music.126.net/Jm9qXWu35-CYKLw6o1KifQ==/109951163800101837.jpg","tns":[],"pic_str":"109951163800101837","pic":109951163800101837},"dt":208104,"h":{"br":320000,"fid":0,"size":8326836,"vd":-3.0},"m":{"br":192000,"fid":0,"size":4996119,"vd":-3.0},"l":{"br":128000,"fid":0,"size":3330760,"vd":-3.0},"a":null,"cd":"01","no":1,"rtUrl":null,"ftype":0,"rtUrls":[],"djId":0,"copyright":1,"s_id":0,"rtype":0,"rurl":null,"mst":9,"cp":1410822,"mv":10849126,"publishTime":1546790400007,"tns":["%%(Eung Eung)"]},{"name":"漂亮男孩","id":1335952588,"pst":0,"t":0,"ar":[{"id":12472506,"name":"习谱予","tns":[],"alias":[]}],"alia":[],"pop":100.0,"st":0,"rt":"","fee":8,"v":5,"crbt":null,"cf":"","al":{"id":74997767,"name":"漂亮男孩","picUrl":"http://p1.music.126.net/Z5Qcxdgso5fm2rNQvquJ0w==/109951163753361794.jpg","tns":[],"pic_str":"109951163753361794","pic":109951163753361794},"dt":228689,"h":{"br":320000,"fid":0,"size":9150215,"vd":-1.0},"m":{"br":192000,"fid":0,"size":5490146,"vd":0.0},"l":{"br":128000,"fid":0,"size":3660112,"vd":0.0},"a":null,"cd":"01","no":1,"rtUrl":null,"ftype":0,"rtUrls":[],"djId":0,"copyright":0,"s_id":0,"rtype":0,"rurl":null,"mst":9,"cp":534013,"mv":0,"publishTime":0},{"name":"爸爸妈妈","id":1341501900,"pst":0,"t":0,"ar":[{"id":1086078,"name":"Ty.","tns":[],"alias":[]},{"id":29824334,"name":"李尔新","tns":[],"alias":[]},{"id":31331091,"name":"邓典果","tns":[],"alias":[]},{"id":12345162,"name":"Andreyun","tns":[],"alias":[]}],"alia":[],"pop":0.0,"st":0,"rt":"","fee":8,"v":3,"crbt":null,"cf":"","al":{"id":75290811,"name":"爸爸妈妈","picUrl":"http://p1.music.126.net/wKeTGgn1uXFSQQHPjXCQZg==/109951163811283149.jpg","tns":[],"pic_str":"109951163811283149","pic":109951163811283149},"dt":161071,"h":{"br":320000,"fid":0,"size":6443929,"vd":-1.0},"m":{"br":192000,"fid":0,"size":3866375,"vd":-1.0},"l":{"br":128000,"fid":0,"size":2577598,"vd":-1.0},"a":null,"cd":"01","no":1,"rtUrl":null,"ftype":0,"rtUrls":[],"djId":0,"copyright":1,"s_id":0,"rtype":0,"rurl":null,"mst":9,"cp":7002,"mv":10851199,"publishTime":1548345600007},{"name":"更发光","id":1339537605,"pst":0,"t":0,"ar":[{"id":31269978,"name":"以团之名","tns":[],"alias":[]}],"alia":["综艺《以团之名》主题曲"],"pop":100.0,"st":0,"rt":"","fee":8,"v":3,"crbt":null,"cf":"","al":{"id":75178485,"name":"更发光","picUrl":"http://p1.music.126.net/N7Kw5hMkadkDdNrepVO88A==/109951163792500350.jpg","tns":[],"pic_str":"109951163792500350","pic":109951163792500350},"dt":251594,"h":{"br":320000,"fid":0,"size":10066591,"vd":-1.0},"m":{"br":192000,"fid":0,"size":6039972,"vd":-1.0},"l":{"br":128000,"fid":0,"size":4026662,"vd":0.0},"a":null,"cd":"01","no":1,"rtUrl":null,"ftype":0,"rtUrls":[],"djId":0,"copyright":0,"s_id":0,"rtype":0,"rurl":null,"mst":9,"cp":1374822,"mv":10851065,"publishTime":0},{"name":"Touch off (short ver.)","id":1338938561,"pst":0,"t":0,"ar":[{"id":22300,"name":"UVERworld","tns":[],"alias":[]}],"alia":["TV动画《约定的梦幻岛》片头曲 / TVアニメ「約束のネバーランド」OPテーマ"],"pop":100.0,"st":0,"rt":"","fee":0,"v":6,"crbt":null,"cf":"","al":{"id":75134410,"name":"Touch off (short ver.)","picUrl":"http://p1.music.126.net/3r3VcFXhRebYEMveJYPaPA==/109951163787378969.jpg","tns":[],"pic_str":"109951163787378969","pic":109951163787378969},"dt":89303,"h":{"br":320000,"fid":0,"size":3572550,"vd":-16600.0},"m":{"br":192000,"fid":0,"size":2143547,"vd":-14100.0},"l":{"br":128000,"fid":0,"size":1429046,"vd":-13200.0},"a":null,"cd":"01","no":1,"rtUrl":null,"ftype":0,"rtUrls":[],"djId":0,"copyright":0,"s_id":0,"rtype":0,"rurl":null,"mst":9,"cp":663018,"mv":10849267,"publishTime":1547136000000},{"name":"해야 (Sunrise)","id":1339755070,"pst":0,"t":0,"ar":[{"id":1046043,"name":"GFRIEND","tns":[],"alias":[]}],"alia":[],"pop":100.0,"st":0,"rt":"","fee":8,"v":2,"crbt":null,"cf":"","al":{"id":75186527,"name":"여자친구 The 2nd Album 'Time for us'","picUrl":"http://p1.music.126.net/fA8huP078iPDTtLR2xM8Eg==/109951163794667716.jpg","tns":["GFRIEND The 2nd Album 'Time for us'"],"pic_str":"109951163794667716","pic":109951163794667716},"dt":216488,"h":{"br":320000,"fid":0,"size":8662248,"vd":-5.0},"m":{"br":192000,"fid":0,"size":5197366,"vd":-5.0},"l":{"br":128000,"fid":0,"size":3464925,"vd":-5.0},"a":null,"cd":"01","no":1,"rtUrl":null,"ftype":0,"rtUrls":[],"djId":0,"copyright":1,"s_id":0,"rtype":0,"rurl":null,"mst":9,"cp":1410822,"mv":10847381,"publishTime":1547395200007},{"name":"Kimagure Gumo","id":1341580497,"pst":0,"t":0,"ar":[{"id":31328211,"name":"大野奈々","tns":[],"alias":[]}],"alia":["电影《DAY AND NIGHT》主题曲"],"pop":0.0,"st":0,"rt":"","fee":1,"v":2,"crbt":null,"cf":"","al":{"id":75293190,"name":"Kimagure Gumo","picUrl":"http://p1.music.126.net/_-Z9X-_pyt4_-ufNbubxPQ==/109951163812079872.jpg","tns":["気まぐれ雲"],"pic_str":"109951163812079872","pic":109951163812079872},"dt":356400,"h":{"br":320000,"fid":0,"size":14258721,"vd":-3.0},"m":{"br":192000,"fid":0,"size":8555250,"vd":-3.0},"l":{"br":128000,"fid":0,"size":5703515,"vd":-2.0},"a":null,"cd":"01","no":1,"rtUrl":null,"ftype":0,"rtUrls":[],"djId":0,"copyright":0,"s_id":0,"rtype":0,"rurl":null,"mst":9,"cp":587012,"mv":10851201,"publishTime":0},{"name":"20岁30岁40岁","id":1335968312,"pst":0,"t":0,"ar":[{"id":1146112,"name":"曾婕Joey.Z","tns":[],"alias":[]}],"alia":[],"pop":100.0,"st":0,"rt":"","fee":8,"v":5,"crbt":null,"cf":"","al":{"id":74997746,"name":"20岁30岁40岁","picUrl":"http://p1.music.126.net/-HrOFDdHaCg-_bl6MlqFQw==/109951163753269739.jpg","tns":[],"pic_str":"109951163753269739","pic":109951163753269739},"dt":224240,"h":{"br":320000,"fid":0,"size":8972582,"vd":-2.0},"m":{"br":192000,"fid":0,"size":5383567,"vd":-2.0},"l":{"br":128000,"fid":0,"size":3589059,"vd":-1.0},"a":null,"cd":"01","no":1,"rtUrl":null,"ftype":0,"rtUrls":[],"djId":0,"copyright":0,"s_id":0,"rtype":0,"rurl":null,"mst":9,"cp":1415925,"mv":0,"publishTime":0},{"name":"可乐","id":1340200924,"pst":0,"t":0,"ar":[{"id":1038040,"name":"赵紫骅","tns":[],"alias":[]}],"alia":[],"pop":100.0,"st":0,"rt":"","fee":8,"v":2,"crbt":null,"cf":"","al":{"id":75208295,"name":"可乐","picUrl":"http://p1.music.126.net/tdFk3G18Jd2i83NNE8mJYg==/109951163798571455.jpg","tns":[],"pic_str":"109951163798571455","pic":109951163798571455},"dt":345984,"h":{"br":320000,"fid":0,"size":13841807,"vd":-1.0},"m":{"br":192000,"fid":0,"size":8305102,"vd":-1.0},"l":{"br":128000,"fid":0,"size":5536749,"vd":-1.0},"a":null,"cd":"01","no":1,"rtUrl":null,"ftype":0,"rtUrls":[],"djId":0,"copyright":1,"s_id":0,"rtype":0,"rurl":null,"mst":9,"cp":22036,"mv":0,"publishTime":1547654400007},{"name":"Don't Go Breaking My Heart","id":1341776114,"pst":0,"t":0,"ar":[{"id":88148,"name":"Backstreet Boys","tns":[],"alias":[]}],"alia":[],"pop":0.0,"st":0,"rt":"","fee":8,"v":2,"crbt":null,"cf":"","al":{"id":75312512,"name":"DNA","picUrl":"http://p1.music.126.net/Vx13htQOb-CYYgzBsupAfQ==/109951163814044337.jpg","tns":[],"pic_str":"109951163814044337","pic":109951163814044337},"dt":215771,"h":{"br":320000,"fid":0,"size":8631946,"vd":-1.0},"m":{"br":192000,"fid":0,"size":5179185,"vd":-1.0},"l":{"br":128000,"fid":0,"size":3452804,"vd":-1.0},"a":null,"cd":"01","no":1,"rtUrl":null,"ftype":0,"rtUrls":[],"djId":0,"copyright":1,"s_id":0,"rtype":0,"rurl":null,"mst":9,"cp":7001,"mv":0,"publishTime":1548345600007},{"name":"shadowgraph - 试听版","id":1337938362,"pst":0,"t":0,"ar":[{"id":1137126,"name":"MYTH & ROID","tns":[],"alias":[]}],"alia":["TV动画《不吉波普不笑》片头曲 / TVアニメ「ブギーポップは笑わない」OPテーマ"],"pop":100.0,"st":0,"rt":"","fee":0,"v":7,"crbt":null,"cf":"","al":{"id":75072200,"name":"shadowgraph (试听版)","picUrl":"http://p1.music.126.net/jjRD2sJ8Uz8pgZS47Kz0lw==/109951163792738412.jpg","tns":[],"pic_str":"109951163792738412","pic":109951163792738412},"dt":141662,"h":null,"m":null,"l":{"br":128000,"fid":0,"size":2267054,"vd":0.0},"a":null,"cd":"01","no":0,"rtUrl":null,"ftype":0,"rtUrls":[],"djId":0,"copyright":2,"s_id":0,"rtype":0,"rurl":null,"mst":9,"cp":663018,"mv":10846108,"publishTime":1546617600000},{"name":"이 마음","id":1340165689,"pst":0,"t":0,"ar":[{"id":1043105,"name":"Punch","tns":[],"alias":[]}],"alia":[],"pop":100.0,"st":0,"rt":"","fee":8,"v":4,"crbt":null,"cf":"","al":{"id":75207158,"name":"Dream of You","picUrl":"http://p1.music.126.net/yPweNnxKMXdJGHmQaYI7SA==/109951163798319691.jpg","tns":[],"pic_str":"109951163798319691","pic":109951163798319691},"dt":230284,"h":{"br":320000,"fid":0,"size":9213954,"vd":-2.0},"m":{"br":192000,"fid":0,"size":5528390,"vd":-2.0},"l":{"br":128000,"fid":0,"size":3685608,"vd":-2.0},"a":null,"cd":"01","no":1,"rtUrl":null,"ftype":0,"rtUrls":[],"djId":0,"copyright":1,"s_id":0,"rtype":0,"rurl":null,"mst":9,"cp":1410822,"mv":10846417,"publishTime":1547568000007,"tns":["Heart"]},{"name":"Corey's Intro","id":1340757816,"pst":0,"t":0,"ar":[{"id":31333378,"name":"corey","tns":[],"alias":[]}],"alia":[],"pop":100.0,"st":0,"rt":"","fee":8,"v":3,"crbt":null,"cf":"","al":{"id":75263648,"name":"XXXTENTACION Presents: Members Only, Vol. 4","picUrl":"http://p1.music.126.net/vMlB59CvHbZ0W4476fJ6CQ==/109951163803284902.jpg","tns":[],"pic_str":"109951163803284902","pic":109951163803284902},"dt":112464,"h":{"br":320000,"fid":0,"size":4501464,"vd":0.0},"m":{"br":192000,"fid":0,"size":2700896,"vd":0.0},"l":{"br":128000,"fid":0,"size":1800612,"vd":0.0},"a":null,"cd":"01","no":1,"rtUrl":null,"ftype":0,"rtUrls":[],"djId":0,"copyright":1,"s_id":0,"rtype":0,"rurl":null,"mst":9,"cp":1415966,"mv":0,"publishTime":1548172800007},{"name":"I Got You","id":1341502587,"pst":0,"t":0,"ar":[{"id":302020,"name":"Mike Williams","tns":[],"alias":[]}],"alia":[],"pop":0.0,"st":0,"rt":"","fee":8,"v":2,"crbt":null,"cf":"","al":{"id":75290826,"name":"I Got You","picUrl":"http://p1.music.126.net/FMVeAOSwE3MfCjVrV-EK9g==/109951163811270961.jpg","tns":[],"pic_str":"109951163811270961","pic":109951163811270961},"dt":176222,"h":{"br":320000,"fid":0,"size":7049970,"vd":-3.0},"m":{"br":192000,"fid":0,"size":4230000,"vd":-3.0},"l":{"br":128000,"fid":0,"size":2820014,"vd":-3.0},"a":null,"cd":"01","no":1,"rtUrl":null,"ftype":0,"rtUrls":[],"djId":0,"copyright":1,"s_id":0,"rtype":0,"rurl":null,"mst":9,"cp":7002,"mv":0,"publishTime":1548345600007},{"name":"Dancing With A Stranger","id":1338962014,"pst":0,"t":0,"ar":[{"id":740216,"name":"Sam Smith","tns":[],"alias":[]},{"id":12330142,"name":"Normani","tns":[],"alias":[]}],"alia":[],"pop":100.0,"st":0,"rt":"","fee":8,"v":4,"crbt":null,"cf":"","al":{"id":75135397,"name":"Dancing With A Stranger","picUrl":"http://p1.music.126.net/V2JAnfiWwecxHwe9zYoKxQ==/109951163787566358.jpg","tns":[],"pic_str":"109951163787566358","pic":109951163787566358},"dt":171075,"h":{"br":320000,"fid":0,"size":6844125,"vd":-1.0},"m":{"br":192000,"fid":0,"size":4106493,"vd":-1.0},"l":{"br":320000,"fid":0,"size":6844125,"vd":-1.0},"a":null,"cd":"01","no":1,"rtUrl":null,"ftype":0,"rtUrls":[],"djId":0,"copyright":1,"s_id":0,"rtype":0,"rurl":null,"mst":9,"cp":7003,"mv":0,"publishTime":1547136000007},{"name":"REBELLION","id":1341578197,"pst":0,"t":0,"ar":[{"id":17028,"name":"水樹奈々","tns":[],"alias":[]}],"alia":["RPG手游《叛逆性百万亚瑟王》主题曲 / オンラインRPG『叛逆性ミリオンアーサー』主題歌"],"pop":100.0,"st":0,"rt":"","fee":8,"v":2,"crbt":null,"cf":"","al":{"id":75292586,"name":"REBELLION","picUrl":"http://p1.music.126.net/ankcIREsX8yMplseQ02Qyg==/109951163811942476.jpg","tns":[],"pic_str":"109951163811942476","pic":109951163811942476},"dt":286156,"h":{"br":320000,"fid":0,"size":11448991,"vd":-4.0},"m":{"br":192000,"fid":0,"size":6869412,"vd":-4.0},"l":{"br":128000,"fid":0,"size":4579622,"vd":-4.0},"a":null,"cd":"01","no":1,"rtUrl":null,"ftype":0,"rtUrls":[],"djId":0,"copyright":0,"s_id":0,"rtype":0,"rurl":null,"mst":9,"cp":756010,"mv":0,"publishTime":0},{"name":"Nothing Breaks Like a Heart (Don Diablo Remix)","id":1341759144,"pst":0,"t":0,"ar":[{"id":38898,"name":"Mark Ronson","tns":[],"alias":[]},{"id":66361,"name":"Miley Cyrus","tns":[],"alias":[]},{"id":139072,"name":"Don Diablo","tns":[],"alias":[]}],"alia":[],"pop":0.0,"st":0,"rt":"","fee":8,"v":2,"crbt":null,"cf":"","al":{"id":75311389,"name":"Nothing Breaks Like a Heart (Don Diablo Remix)","picUrl":"http://p1.music.126.net/lxVM2WbZz49Np0fxSo2gEw==/109951163813937331.jpg","tns":[],"pic_str":"109951163813937331","pic":109951163813937331},"dt":216816,"h":{"br":320000,"fid":0,"size":8673742,"vd":-4.0},"m":{"br":192000,"fid":0,"size":5204262,"vd":-3.0},"l":{"br":128000,"fid":0,"size":3469523,"vd":-3.0},"a":null,"cd":"01","no":1,"rtUrl":null,"ftype":0,"rtUrls":[],"djId":0,"copyright":1,"s_id":0,"rtype":0,"rurl":null,"mst":9,"cp":7001,"mv":0,"publishTime":1548345600007},{"name":"有种","id":1339725674,"pst":0,"t":0,"ar":[{"id":12098023,"name":"火箭少女101孟美岐","tns":[],"alias":[]}],"alia":["电影《流浪地球》推广曲"],"pop":100.0,"st":0,"rt":null,"fee":0,"v":15,"crbt":null,"cf":"","al":{"id":75136775,"name":"有种","picUrl":"http://p1.music.126.net/ZnHm8l8ChAlQv1LSM8EnnQ==/109951163800361827.jpg","tns":[],"pic_str":"109951163800361827","pic":109951163800361827},"dt":285564,"h":{"br":320000,"fid":0,"size":11424958,"vd":-1.0},"m":{"br":192000,"fid":0,"size":6854992,"vd":-1.0},"l":{"br":128000,"fid":0,"size":4570009,"vd":-1.0},"a":null,"cd":"1","no":1,"rtUrl":null,"ftype":0,"rtUrls":[],"djId":0,"copyright":2,"s_id":0,"rtype":0,"rurl":null,"mst":9,"cp":1399823,"mv":10850168,"publishTime":1547481600000},{"name":"最动听的情话是票买好了","id":1340660989,"pst":0,"t":0,"ar":[{"id":30207301,"name":"蓝心羽","tns":[],"alias":[]}],"alia":[],"pop":100.0,"st":0,"rt":null,"fee":8,"v":36,"crbt":null,"cf":"","al":{"id":75246728,"name":"最动听的情话是票买好了","picUrl":null,"tns":[],"pic":0},"dt":90971,"h":{"br":320000,"fid":0,"size":3641513,"vd":0.0},"m":{"br":192000,"fid":0,"size":2184925,"vd":441.0},"l":{"br":128000,"fid":0,"size":1456631,"vd":-2.0},"a":null,"cd":"","no":1,"rtUrl":null,"ftype":0,"rtUrls":[],"djId":0,"copyright":2,"s_id":0,"rtype":0,"rurl":null,"mst":9,"cp":0,"mv":0,"publishTime":1547817567787},{"name":"半壶纱","id":1341621836,"pst":0,"t":0,"ar":[{"id":918054,"name":"刘珂矣","tns":[],"alias":[]}],"alia":["电视剧《小女花不弃》插曲"],"pop":5.0,"st":0,"rt":"","fee":8,"v":4,"crbt":null,"cf":"","al":{"id":75305977,"name":"半壶纱","picUrl":"http://p1.music.126.net/Kn7bB9bDpaKIS4W35WYSHw==/109951163813188291.jpg","tns":[],"pic_str":"109951163813188291","pic":109951163813188291},"dt":267008,"h":{"br":320000,"fid":0,"size":10683080,"vd":-1.0},"m":{"br":192000,"fid":0,"size":6409866,"vd":-1.0},"l":{"br":128000,"fid":0,"size":4273258,"vd":-1.0},"a":null,"cd":"01","no":1,"rtUrl":null,"ftype":0,"rtUrls":[],"djId":0,"copyright":0,"s_id":0,"rtype":0,"rurl":null,"mst":9,"cp":1415841,"mv":0,"publishTime":0},{"name":"Love Scenario (Live)","id":1340439917,"pst":0,"t":0,"ar":[{"id":1122024,"name":"杨桐（Toarey Yang)","tns":[],"alias":[]},{"id":31287504,"name":"宋文鑫","tns":[],"alias":[]},{"id":31287505,"name":"朱勇健","tns":[],"alias":[]},{"id":31287512,"name":"希尔力","tns":[],"alias":[]},{"id":31287513,"name":"万家麟","tns":[],"alias":[]},{"id":31287514,"name":"陆羽","tns":[],"alias":[]},{"id":31287517,"name":"孙胤嘉","tns":[],"alias":[]}],"alia":["原唱：iKON"],"pop":100.0,"st":0,"rt":"","fee":8,"v":7,"crbt":null,"cf":"","al":{"id":75222040,"name":"以团之名 第一期","picUrl":"http://p1.music.126.net/Z5uah_XCmazapxCrolQWMQ==/109951163800697687.jpg","tns":[],"pic_str":"109951163800697687","pic":109951163800697687},"dt":143933,"h":{"br":320000,"fid":0,"size":5759521,"vd":-3.0},"m":{"br":192000,"fid":0,"size":3455730,"vd":-3.0},"l":{"br":128000,"fid":0,"size":2303835,"vd":-2.0},"a":null,"cd":"01","no":6,"rtUrl":null,"ftype":0,"rtUrls":[],"djId":0,"copyright":2,"s_id":0,"rtype":0,"rurl":null,"mst":9,"cp":1374822,"mv":0,"publishTime":1547740800000},{"name":"雨后彩虹","id":1338737882,"pst":0,"t":0,"ar":[{"id":7063,"name":"A-Lin","tns":[],"alias":[]}],"alia":[],"pop":100.0,"st":0,"rt":"","fee":8,"v":4,"crbt":null,"cf":"","al":{"id":75119512,"name":"雨后彩虹","picUrl":"http://p1.music.126.net/B2gPRzrExeqVmWq0apiA6w==/109951163803903378.jpg","tns":[],"pic_str":"109951163803903378","pic":109951163803903378},"dt":207151,"h":{"br":320000,"fid":0,"size":8287129,"vd":-2.0},"m":{"br":192000,"fid":0,"size":4972295,"vd":-2.0},"l":{"br":128000,"fid":0,"size":3314878,"vd":-2.0},"a":null,"cd":"01","no":1,"rtUrl":null,"ftype":0,"rtUrls":[],"djId":0,"copyright":1,"s_id":0,"rtype":0,"rurl":null,"mst":9,"cp":7001,"mv":0,"publishTime":1547481600007},{"name":"Lie","id":1342152395,"pst":0,"t":0,"ar":[{"id":12119569,"name":"李迦南Doc","tns":[],"alias":[]}],"alia":[],"pop":0.0,"st":0,"rt":null,"fee":8,"v":11,"crbt":null,"cf":"","al":{"id":75329688,"name":"Lie","picUrl":"http://p1.music.126.net/5d5FfcQ7cfgDrLqRfe2J0g==/109951163818398778.jpg","tns":[],"pic_str":"109951163818398778","pic":109951163818398778},"dt":169450,"h":{"br":320000,"fid":0,"size":6780387,"vd":-6300.0},"m":{"br":192000,"fid":0,"size":4068249,"vd":-3800.0},"l":{"br":128000,"fid":0,"size":2712181,"vd":-2400.0},"a":null,"cd":"","no":1,"rtUrl":null,"ftype":0,"rtUrls":[],"djId":0,"copyright":0,"s_id":0,"rtype":0,"rurl":null,"mst":9,"cp":0,"mv":0,"publishTime":1548476057389},{"name":"With you","id":1341771911,"pst":0,"t":0,"ar":[{"id":124209,"name":"梁耀燮","tns":[],"alias":[]}],"alia":[],"pop":95.0,"st":0,"rt":"","fee":8,"v":2,"crbt":null,"cf":"","al":{"id":75314633,"name":"20 Full Moons","picUrl":"http://p1.music.126.net/foU5lSineGq5cGI3rhMkcg==/109951163814111300.jpg","tns":[],"pic_str":"109951163814111300","pic":109951163814111300},"dt":231668,"h":{"br":320000,"fid":0,"size":9269333,"vd":-3.0},"m":{"br":192000,"fid":0,"size":5561617,"vd":-3.0},"l":{"br":128000,"fid":0,"size":3707759,"vd":-2.0},"a":null,"cd":"01","no":1,"rtUrl":null,"ftype":0,"rtUrls":[],"djId":0,"copyright":1,"s_id":0,"rtype":0,"rurl":null,"mst":9,"cp":1410822,"mv":0,"publishTime":1548259200007},{"name":"如果你从不曾爱过我","id":1340616493,"pst":0,"t":0,"ar":[{"id":12174521,"name":"音阙诗听","tns":[],"alias":[]},{"id":12048239,"name":"王梓钰","tns":[],"alias":[]}],"alia":[],"pop":100.0,"st":0,"rt":"","fee":8,"v":4,"crbt":null,"cf":"","al":{"id":75232378,"name":"如果你从不曾爱过我","picUrl":"http://p1.music.126.net/6EXMgojHmEyB2Hu32h3LRw==/109951163802007548.jpg","tns":[],"pic_str":"109951163802007548","pic":109951163802007548},"dt":231176,"h":{"br":320000,"fid":0,"size":9249480,"vd":-2.0},"m":{"br":192000,"fid":0,"size":5549706,"vd":-2.0},"l":{"br":128000,"fid":0,"size":3699818,"vd":-2.0},"a":null,"cd":"01","no":1,"rtUrl":null,"ftype":0,"rtUrls":[],"djId":0,"copyright":0,"s_id":0,"rtype":0,"rurl":null,"mst":9,"cp":733010,"mv":0,"publishTime":0},{"name":"狂おしいほど僕には美しい","id":1338355334,"pst":0,"t":0,"ar":[{"id":191316,"name":"majiko","tns":[],"alias":[]}],"alia":[],"pop":100.0,"st":0,"rt":"","fee":8,"v":10,"crbt":null,"cf":"","al":{"id":75291452,"name":"Color","picUrl":"http://p1.music.126.net/qdaktuZnG_rPFnlSzXa0XA==/109951163811354022.jpg","tns":[],"pic_str":"109951163811354022","pic":109951163811354022},"dt":259900,"h":{"br":320000,"fid":0,"size":10398868,"vd":-4.0},"m":{"br":192000,"fid":0,"size":6239338,"vd":-4.0},"l":{"br":128000,"fid":0,"size":4159573,"vd":-4.0},"a":null,"cd":"01","no":1,"rtUrl":null,"ftype":0,"rtUrls":[],"djId":0,"copyright":1,"s_id":0,"rtype":0,"rurl":null,"mst":9,"cp":7003,"mv":10850250,"publishTime":1546963200007},{"name":"Face My Fears (English Version)","id":1340179483,"pst":0,"t":0,"ar":[{"id":18122,"name":"宇多田ヒカル","tns":[],"alias":[]},{"id":43755,"name":"Skrillex","tns":[],"alias":[]}],"alia":["PS4游戏《王国之心3》英文版片头曲"],"pop":100.0,"st":0,"rt":"","fee":8,"v":4,"crbt":null,"cf":"","al":{"id":75207317,"name":"Face My Fears","picUrl":"http://p1.music.126.net/vmdlo92xK3dSbkyjWQ7pKA==/109951163798447008.jpg","tns":[],"pic_str":"109951163798447008","pic":109951163798447008},"dt":222017,"h":{"br":4631000,"fid":0,"size":8883766,"vd":0.0},"m":{"br":192000,"fid":0,"size":5330277,"vd":0.0},"l":{"br":128000,"fid":0,"size":3553533,"vd":0.0},"a":null,"cd":"01","no":1,"rtUrl":null,"ftype":0,"rtUrls":[],"djId":0,"copyright":1,"s_id":0,"rtype":0,"rurl":null,"mst":9,"cp":7001,"mv":0,"publishTime":1547740800007},{"name":"想都没想过","id":1336862163,"pst":0,"t":0,"ar":[{"id":8325,"name":"梁静茹","tns":[],"alias":[]}],"alia":["电影《寒单》主题曲"],"pop":100.0,"st":0,"rt":"","fee":8,"v":4,"crbt":null,"cf":"","al":{"id":75286309,"name":"寒单 电影原声带","picUrl":"http://p1.music.126.net/1nvSrlSRKWK1qMXjAWu1qQ==/109951163809975739.jpg","tns":[],"pic_str":"109951163809975739","pic":109951163809975739},"dt":308845,"h":{"br":320000,"fid":0,"size":12355962,"vd":0.0},"m":{"br":192000,"fid":0,"size":7413595,"vd":0.0},"l":{"br":128000,"fid":0,"size":4942411,"vd":0.0},"a":null,"cd":"01","no":1,"rtUrl":null,"ftype":0,"rtUrls":[],"djId":0,"copyright":0,"s_id":0,"rtype":0,"rurl":null,"mst":9,"cp":1416005,"mv":10850179,"publishTime":0},{"name":"Awesome","id":1340412152,"pst":0,"t":0,"ar":[{"id":8791,"name":"李斯丹妮","tns":[],"alias":[]}],"alia":[],"pop":100.0,"st":0,"rt":"","fee":8,"v":2,"crbt":null,"cf":"","al":{"id":75219490,"name":"Awesome","picUrl":"http://p1.music.126.net/8Z7NRp5DjUPQVAbprrJ2MQ==/109951163800322498.jpg","tns":[],"pic_str":"109951163800322498","pic":109951163800322498},"dt":153858,"h":{"br":320000,"fid":0,"size":6156582,"vd":-3.0},"m":{"br":192000,"fid":0,"size":3693967,"vd":-3.0},"l":{"br":128000,"fid":0,"size":2462659,"vd":-3.0},"a":null,"cd":"01","no":1,"rtUrl":null,"ftype":0,"rtUrls":[],"djId":0,"copyright":0,"s_id":0,"rtype":0,"rurl":null,"mst":9,"cp":1384818,"mv":0,"publishTime":0},{"name":"旧岛看月亮","id":1335640994,"pst":0,"t":0,"ar":[{"id":12085562,"name":"买辣椒也用券","tns":[],"alias":[]}],"alia":[],"pop":100.0,"st":0,"rt":"","fee":8,"v":2,"crbt":null,"cf":"","al":{"id":74986157,"name":"旧岛看月亮","picUrl":"http://p1.music.126.net/rWjFaHnPYET-W0_Z4fM6xA==/109951163749433938.jpg","tns":[],"pic_str":"109951163749433938","pic":109951163749433938},"dt":281804,"h":{"br":320000,"fid":0,"size":11274493,"vd":-3.0},"m":{"br":192000,"fid":0,"size":6764713,"vd":-3.0},"l":{"br":128000,"fid":0,"size":4509823,"vd":-3.0},"a":null,"cd":"01","no":1,"rtUrl":null,"ftype":0,"rtUrls":[],"djId":0,"copyright":0,"s_id":0,"rtype":0,"rurl":null,"mst":9,"cp":1415923,"mv":0,"publishTime":0},{"name":"阅春秋","id":1341324171,"pst":0,"t":0,"ar":[{"id":12108564,"name":"圈9","tns":[],"alias":[]}],"alia":[],"pop":5.0,"st":0,"rt":"","fee":8,"v":1,"crbt":null,"cf":"","al":{"id":75284419,"name":"阅春秋","picUrl":"http://p1.music.126.net/E45K3mcrRRgqJrXfpjDSmA==/109951163809526912.jpg","tns":[],"pic_str":"109951163809526912","pic":109951163809526912},"dt":279000,"h":{"br":320000,"fid":0,"size":11162689,"vd":-1.0},"m":{"br":192000,"fid":0,"size":6697631,"vd":-1.0},"l":{"br":128000,"fid":0,"size":4465102,"vd":0.0},"a":null,"cd":"01","no":1,"rtUrl":null,"ftype":0,"rtUrls":[],"djId":0,"copyright":0,"s_id":0,"rtype":0,"rurl":null,"mst":9,"cp":636011,"mv":0,"publishTime":0},{"name":"Q&A","id":1341188366,"pst":0,"t":0,"ar":[{"id":30615644,"name":"Cherry Bullet","tns":[],"alias":[]}],"alia":[],"pop":100.0,"st":0,"rt":"","fee":8,"v":4,"crbt":null,"cf":"","al":{"id":75274532,"name":"Cherry Bullet 1st Single Album Let's Play Cherry Bullet","picUrl":"http://p1.music.126.net/3Okp_YCrVJaR9hPrg0ZxaQ==/109951163808215568.jpg","tns":[],"pic_str":"109951163808215568","pic":109951163808215568},"dt":206163,"h":{"br":320000,"fid":0,"size":8249513,"vd":-4.0},"m":{"br":192000,"fid":0,"size":4949725,"vd":-4.0},"l":{"br":128000,"fid":0,"size":3299831,"vd":-4.0},"a":null,"cd":"01","no":1,"rtUrl":null,"ftype":0,"rtUrls":[],"djId":0,"copyright":1,"s_id":0,"rtype":0,"rurl":null,"mst":9,"cp":1410822,"mv":10848567,"publishTime":1548000000007},{"name":"昨日的未来","id":1341578211,"pst":0,"t":0,"ar":[{"id":12118711,"name":"韦伯恩","tns":[],"alias":[]},{"id":12479606,"name":"申名利","tns":[],"alias":[]},{"id":12293867,"name":"杨秉音","tns":[],"alias":[]}],"alia":["《凹凸世界》第三季ED"],"pop":0.0,"st":0,"rt":"","fee":0,"v":3,"crbt":null,"cf":"","al":{"id":75292587,"name":"凹凸世界 第三季","picUrl":"http://p1.music.126.net/PTSG1U2tDei3YNYfQ7ELqQ==/109951163811959573.jpg","tns":[],"pic_str":"109951163811959573","pic":109951163811959573},"dt":187578,"h":{"br":320000,"fid":0,"size":7505546,"vd":-2.0},"m":{"br":192000,"fid":0,"size":4503345,"vd":-2.0},"l":{"br":128000,"fid":0,"size":3002244,"vd":-2.0},"a":null,"cd":"01","no":2,"rtUrl":null,"ftype":0,"rtUrls":[],"djId":0,"copyright":0,"s_id":0,"rtype":0,"rurl":null,"mst":9,"cp":714012,"mv":10850235,"publishTime":0},{"name":"Love You Anymore (Cook Classics Remix)","id":1340093879,"pst":0,"t":0,"ar":[{"id":38855,"name":"Michael Bublé","tns":[],"alias":[]}],"alia":[],"pop":0.0,"st":0,"rt":"","fee":8,"v":2,"crbt":null,"cf":"","al":{"id":75203075,"name":"Love You Anymore (Cook Classics Remix)","picUrl":"http://p1.music.126.net/p4bfwgCVgYRMLktd6JwyQQ==/109951163797687409.jpg","tns":[],"pic_str":"109951163797687409","pic":109951163797687409},"dt":175438,"h":{"br":320000,"fid":0,"size":7018623,"vd":-1.0},"m":{"br":192000,"fid":0,"size":4211191,"vd":-1.0},"l":{"br":128000,"fid":0,"size":2807475,"vd":-1.0},"a":null,"cd":"01","no":1,"rtUrl":null,"ftype":0,"rtUrls":[],"djId":0,"copyright":1,"s_id":0,"rtype":0,"rurl":null,"mst":9,"cp":7002,"mv":0,"publishTime":1548345600007},{"name":"睡皇后","id":1335819187,"pst":0,"t":0,"ar":[{"id":7763,"name":"G.E.M.邓紫棋","tns":[],"alias":[]}],"alia":[],"pop":100.0,"st":0,"rt":"","fee":8,"v":7,"crbt":null,"cf":"","al":{"id":74989312,"name":"睡皇后","picUrl":"http://p1.music.126.net/fI5OPx5-0G4g384rGNQftA==/109951163751293472.jpg","tns":[],"pic_str":"109951163751293472","pic":109951163751293472},"dt":236466,"h":{"br":320000,"fid":0,"size":9461595,"vd":0.0},"m":{"br":192000,"fid":0,"size":5676974,"vd":0.0},"l":{"br":128000,"fid":0,"size":3784664,"vd":0.0},"a":null,"cd":"01","no":3,"rtUrl":null,"ftype":0,"rtUrls":[],"djId":0,"copyright":0,"s_id":0,"rtype":0,"rurl":null,"mst":9,"cp":1415926,"mv":10785842,"publishTime":0}],"trackIds":[{"id":1338695683,"v":3,"lr":1},{"id":1339216146,"v":6,"lr":0},{"id":1334295185,"v":10,"lr":2},{"id":1334647784,"v":5,"lr":3},{"id":1338414233,"v":6,"lr":5},{"id":1340558332,"v":5,"lr":4},{"id":1336856449,"v":6,"lr":6},{"id":1336871144,"v":6,"lr":8},{"id":1340699001,"v":2,"lr":7},{"id":1336866134,"v":6,"lr":12},{"id":1339725941,"v":6,"lr":10},{"id":1341733740,"v":9,"lr":9},{"id":1340529135,"v":3,"lr":11},{"id":1336259464,"v":14,"lr":13},{"id":1342168955,"v":7},{"id":1336789644,"v":10,"lr":17},{"id":1336990251,"v":3,"lr":16},{"id":557583281,"v":7,"lr":18},{"id":1331819040,"v":7,"lr":22},{"id":1336866556,"v":9,"lr":14},{"id":1335942780,"v":11,"lr":24},{"id":1339422595,"v":9,"lr":15},{"id":1339066481,"v":5,"lr":20},{"id":1341323866,"v":3,"lr":23},{"id":1340678372,"v":10,"lr":21},{"id":1340620864,"v":2,"lr":19},{"id":1337205804,"v":9,"lr":31},{"id":557581967,"v":8,"lr":30},{"id":1338728670,"v":11,"lr":27},{"id":1341188256,"v":3,"lr":28},{"id":1340543049,"v":2,"lr":35},{"id":863706084,"v":38,"lr":32},{"id":1336077464,"v":8,"lr":34},{"id":1341571206,"v":1,"lr":26},{"id":1338146682,"v":9,"lr":53},{"id":1341578203,"v":3,"lr":29},{"id":1336866049,"v":3,"lr":42},{"id":1337918800,"v":4,"lr":41},{"id":1294910785,"v":7,"lr":43},{"id":1340698526,"v":2,"lr":44},{"id":1340001872,"v":12,"lr":37},{"id":1341919847,"v":5,"lr":25},{"id":1334297185,"v":9,"lr":46},{"id":1331535573,"v":4,"lr":52},{"id":1341956452,"v":8,"lr":47},{"id":1341884585,"v":3,"lr":40},{"id":1341188360,"v":2,"lr":61},{"id":1336866612,"v":6,"lr":36},{"id":1341800341,"v":4,"lr":33},{"id":1334296172,"v":6,"lr":62},{"id":1341964346,"v":28,"lr":58},{"id":1340759125,"v":2,"lr":48},{"id":1341722986,"v":2,"lr":45},{"id":1341108266,"v":13,"lr":59},{"id":1340133226,"v":2,"lr":57},{"id":1340180365,"v":1,"lr":64},{"id":1336001679,"v":2,"lr":39},{"id":1341384673,"v":2,"lr":60},{"id":1339221426,"v":5,"lr":50},{"id":1341158180,"v":5,"lr":70},{"id":1336856283,"v":8,"lr":66},{"id":1340180344,"v":5,"lr":55},{"id":1340426151,"v":9,"lr":69},{"id":1335952551,"v":2,"lr":75},{"id":1341926181,"v":2,"lr":51},{"id":1337964733,"v":9,"lr":74},{"id":1335952588,"v":5,"lr":73},{"id":1341501900,"v":3,"lr":56},{"id":1339537605,"v":3,"lr":72},{"id":1338938561,"v":6,"lr":78},{"id":1339755070,"v":2,"lr":68},{"id":1341580497,"v":2,"lr":54},{"id":1335968312,"v":5,"lr":84},{"id":1340200924,"v":2},{"id":1341776114,"v":2,"lr":90},{"id":1337938362,"v":7},{"id":1340165689,"v":4,"lr":76},{"id":1340757816,"v":3,"lr":86},{"id":1341502587,"v":2,"lr":63},{"id":1338962014,"v":4,"lr":87},{"id":1341578197,"v":2,"lr":91},{"id":1341759144,"v":2,"lr":65},{"id":1339725674,"v":15,"lr":85},{"id":1340660989,"v":36,"lr":77},{"id":1341621836,"v":4,"lr":98},{"id":1340439917,"v":7,"lr":89},{"id":1338737882,"v":4,"lr":79},{"id":1342152395,"v":11},{"id":1341771911,"v":2,"lr":96},{"id":1340616493,"v":4},{"id":1338355334,"v":10},{"id":1340179483,"v":4,"lr":67},{"id":1336862163,"v":4},{"id":1340412152,"v":2},{"id":1335640994,"v":2},{"id":1341324171,"v":1,"lr":88},{"id":1341188366,"v":4},{"id":1341578211,"v":3},{"id":1340093879,"v":2,"lr":71},{"id":1335819187,"v":7}],"createTime":1378721398225,"highQuality":false,"userId":1,"newImported":false,"coverImgId":18713687906568048,"updateTime":1548548720939,"trackCount":100,"commentThreadId":"A_PL_0_3779629","privacy":0,"specialType":10,"trackUpdateTime":1548548720942,"playCount":979689216,"coverImgUrl":"http://p3.music.126.net/N2HO5xfYEqyQ8q6oxCw8IQ==/18713687906568048.jpg","subscribedCount":1209022,"cloudTrackCount":0,"adType":0,"trackNumberUpdateTime":1548548720708,"tags":[],"ordered":true,"description":"云音乐新歌榜：云音乐用户一周内收听所有新歌（一月内最新发行） 官方TOP排行榜，每天更新。","status":0,"name":"云音乐新歌榜","id":3779629,"shareCount":5867,"coverImgId_str":"18713687906568048","ToplistType":"N","commentCount":112643},"code":200,"privileges":[{"id":1338695683,"fee":8,"payed":0,"st":0,"pl":128000,"dl":0,"sp":7,"cp":1,"subp":1,"cs":false,"maxbr":999000,"fl":128000,"toast":false,"flag":4,"preSell":false},{"id":1339216146,"fee":8,"payed":0,"st":0,"pl":128000,"dl":0,"sp":7,"cp":1,"subp":1,"cs":false,"maxbr":999000,"fl":128000,"toast":false,"flag":4,"preSell":false},{"id":1334295185,"fee":8,"payed":0,"st":0,"pl":128000,"dl":0,"sp":7,"cp":1,"subp":1,"cs":false,"maxbr":999000,"fl":128000,"toast":false,"flag":2,"preSell":false},{"id":1334647784,"fee":0,"payed":0,"st":0,"pl":320000,"dl":320000,"sp":7,"cp":1,"subp":1,"cs":false,"maxbr":999000,"fl":320000,"toast":false,"flag":0,"preSell":false},{"id":1338414233,"fee":8,"payed":0,"st":0,"pl":128000,"dl":0,"sp":7,"cp":1,"subp":1,"cs":false,"maxbr":999000,"fl":128000,"toast":false,"flag":0,"preSell":false},{"id":1340558332,"fee":8,"payed":0,"st":0,"pl":128000,"dl":0,"sp":7,"cp":1,"subp":1,"cs":false,"maxbr":999000,"fl":128000,"toast":false,"flag":4,"preSell":false},{"id":1336856449,"fee":8,"payed":0,"st":0,"pl":128000,"dl":0,"sp":7,"cp":1,"subp":1,"cs":false,"maxbr":999000,"fl":128000,"toast":false,"flag":0,"preSell":false},{"id":1336871144,"fee":8,"payed":0,"st":0,"pl":128000,"dl":0,"sp":7,"cp":1,"subp":1,"cs":false,"maxbr":999000,"fl":128000,"toast":false,"flag":0,"preSell":false},{"id":1340699001,"fee":8,"payed":0,"st":0,"pl":128000,"dl":0,"sp":7,"cp":1,"subp":1,"cs":false,"maxbr":999000,"fl":128000,"toast":false,"flag":4,"preSell":false},{"id":1336866134,"fee":8,"payed":0,"st":0,"pl":128000,"dl":0,"sp":7,"cp":1,"subp":1,"cs":false,"maxbr":999000,"fl":128000,"toast":false,"flag":0,"preSell":false},{"id":1339725941,"fee":8,"payed":0,"st":0,"pl":128000,"dl":0,"sp":7,"cp":1,"subp":1,"cs":false,"maxbr":999000,"fl":128000,"toast":false,"flag":0,"preSell":false},{"id":1341733740,"fee":0,"payed":0,"st":0,"pl":320000,"dl":320000,"sp":7,"cp":1,"subp":1,"cs":false,"maxbr":999000,"fl":320000,"toast":false,"flag":128,"preSell":false},{"id":1340529135,"fee":8,"payed":0,"st":0,"pl":128000,"dl":0,"sp":7,"cp":1,"subp":1,"cs":false,"maxbr":999000,"fl":128000,"toast":false,"flag":4,"preSell":false},{"id":1336259464,"fee":8,"payed":0,"st":0,"pl":128000,"dl":0,"sp":7,"cp":1,"subp":1,"cs":false,"maxbr":999000,"fl":128000,"toast":false,"flag":0,"preSell":false},{"id":1342168955,"fee":0,"payed":0,"st":0,"pl":320000,"dl":320000,"sp":7,"cp":1,"subp":1,"cs":false,"maxbr":999000,"fl":320000,"toast":false,"flag":0,"preSell":false},{"id":1336789644,"fee":8,"payed":0,"st":0,"pl":128000,"dl":0,"sp":7,"cp":1,"subp":1,"cs":false,"maxbr":999000,"fl":128000,"toast":false,"flag":256,"preSell":false},{"id":1336990251,"fee":8,"payed":0,"st":0,"pl":128000,"dl":0,"sp":7,"cp":1,"subp":1,"cs":false,"maxbr":320000,"fl":128000,"toast":false,"flag":4,"preSell":false},{"id":557583281,"fee":0,"payed":0,"st":0,"pl":320000,"dl":320000,"sp":7,"cp":1,"subp":1,"cs":false,"maxbr":999000,"fl":320000,"toast":false,"flag":0,"preSell":false},{"id":1331819040,"fee":8,"payed":0,"st":0,"pl":128000,"dl":0,"sp":7,"cp":1,"subp":1,"cs":false,"maxbr":999000,"fl":128000,"toast":false,"flag":128,"preSell":false},{"id":1336866556,"fee":8,"payed":0,"st":0,"pl":128000,"dl":0,"sp":7,"cp":1,"subp":1,"cs":false,"maxbr":999000,"fl":128000,"toast":false,"flag":0,"preSell":false},{"id":1335942780,"fee":0,"payed":0,"st":0,"pl":320000,"dl":320000,"sp":7,"cp":1,"subp":1,"cs":false,"maxbr":999000,"fl":320000,"toast":false,"flag":0,"preSell":false},{"id":1339422595,"fee":8,"payed":0,"st":0,"pl":128000,"dl":0,"sp":7,"cp":1,"subp":1,"cs":false,"maxbr":999000,"fl":128000,"toast":false,"flag":256,"preSell":false},{"id":1339066481,"fee":8,"payed":0,"st":0,"pl":128000,"dl":0,"sp":7,"cp":1,"subp":1,"cs":false,"maxbr":999000,"fl":128000,"toast":false,"flag":0,"preSell":false},{"id":1341323866,"fee":0,"payed":0,"st":0,"pl":320000,"dl":320000,"sp":7,"cp":1,"subp":1,"cs":false,"maxbr":320000,"fl":320000,"toast":false,"flag":128,"preSell":false},{"id":1340678372,"fee":8,"payed":0,"st":0,"pl":128000,"dl":0,"sp":7,"cp":1,"subp":1,"cs":false,"maxbr":999000,"fl":128000,"toast":false,"flag":0,"preSell":false},{"id":1340620864,"fee":8,"payed":0,"st":0,"pl":128000,"dl":0,"sp":7,"cp":1,"subp":1,"cs":false,"maxbr":999000,"fl":128000,"toast":false,"flag":0,"preSell":false},{"id":1337205804,"fee":8,"payed":0,"st":0,"pl":128000,"dl":0,"sp":7,"cp":1,"subp":1,"cs":false,"maxbr":999000,"fl":128000,"toast":false,"flag":0,"preSell":false},{"id":557581967,"fee":0,"payed":0,"st":0,"pl":320000,"dl":320000,"sp":7,"cp":1,"subp":1,"cs":false,"maxbr":999000,"fl":320000,"toast":false,"flag":0,"preSell":false},{"id":1338728670,"fee":8,"payed":0,"st":0,"pl":128000,"dl":0,"sp":7,"cp":1,"subp":1,"cs":false,"maxbr":999000,"fl":128000,"toast":false,"flag":4,"preSell":false},{"id":1341188256,"fee":8,"payed":0,"st":0,"pl":128000,"dl":0,"sp":7,"cp":1,"subp":1,"cs":false,"maxbr":320000,"fl":128000,"toast":false,"flag":4,"preSell":false},{"id":1340543049,"fee":1,"payed":0,"st":0,"pl":0,"dl":0,"sp":0,"cp":0,"subp":0,"cs":false,"maxbr":999000,"fl":0,"toast":false,"flag":1028,"preSell":false},{"id":863706084,"fee":8,"payed":0,"st":0,"pl":128000,"dl":0,"sp":7,"cp":1,"subp":1,"cs":false,"maxbr":999000,"fl":128000,"toast":false,"flag":2,"preSell":false},{"id":1336077464,"fee":8,"payed":0,"st":0,"pl":128000,"dl":0,"sp":7,"cp":1,"subp":1,"cs":false,"maxbr":999000,"fl":128000,"toast":false,"flag":4,"preSell":false},{"id":1341571206,"fee":8,"payed":0,"st":0,"pl":128000,"dl":0,"sp":7,"cp":1,"subp":1,"cs":false,"maxbr":999000,"fl":128000,"toast":false,"flag":256,"preSell":false},{"id":1338146682,"fee":8,"payed":0,"st":0,"pl":128000,"dl":0,"sp":7,"cp":1,"subp":1,"cs":false,"maxbr":999000,"fl":128000,"toast":false,"flag":0,"preSell":false},{"id":1341578203,"fee":0,"payed":0,"st":0,"pl":320000,"dl":320000,"sp":7,"cp":1,"subp":1,"cs":false,"maxbr":999000,"fl":320000,"toast":false,"flag":0,"preSell":false},{"id":1336866049,"fee":8,"payed":0,"st":0,"pl":128000,"dl":0,"sp":7,"cp":1,"subp":1,"cs":false,"maxbr":999000,"fl":128000,"toast":false,"flag":0,"preSell":false},{"id":1337918800,"fee":8,"payed":0,"st":0,"pl":128000,"dl":0,"sp":7,"cp":1,"subp":1,"cs":false,"maxbr":999000,"fl":128000,"toast":false,"flag":4,"preSell":false},{"id":1294910785,"fee":0,"payed":0,"st":0,"pl":320000,"dl":320000,"sp":7,"cp":1,"subp":1,"cs":false,"maxbr":999000,"fl":320000,"toast":false,"flag":0,"preSell":false},{"id":1340698526,"fee":1,"payed":0,"st":0,"pl":0,"dl":0,"sp":0,"cp":0,"subp":0,"cs":false,"maxbr":999000,"fl":0,"toast":false,"flag":1028,"preSell":false},{"id":1340001872,"fee":0,"payed":0,"st":0,"pl":320000,"dl":320000,"sp":7,"cp":1,"subp":1,"cs":false,"maxbr":999000,"fl":320000,"toast":false,"flag":256,"preSell":false},{"id":1341919847,"fee":8,"payed":0,"st":0,"pl":128000,"dl":0,"sp":7,"cp":1,"subp":1,"cs":false,"maxbr":320000,"fl":128000,"toast":false,"flag":4,"preSell":false},{"id":1334297185,"fee":8,"payed":0,"st":0,"pl":128000,"dl":0,"sp":7,"cp":1,"subp":1,"cs":false,"maxbr":999000,"fl":128000,"toast":false,"flag":2,"preSell":false},{"id":1331535573,"fee":8,"payed":0,"st":0,"pl":128000,"dl":0,"sp":7,"cp":1,"subp":1,"cs":false,"maxbr":999000,"fl":128000,"toast":false,"flag":128,"preSell":false},{"id":1341956452,"fee":8,"payed":0,"st":0,"pl":128000,"dl":0,"sp":7,"cp":1,"subp":1,"cs":false,"maxbr":320000,"fl":128000,"toast":false,"flag":4,"preSell":false},{"id":1341884585,"fee":8,"payed":0,"st":0,"pl":128000,"dl":0,"sp":7,"cp":1,"subp":1,"cs":false,"maxbr":320000,"fl":128000,"toast":false,"flag":4,"preSell":false},{"id":1341188360,"fee":8,"payed":0,"st":0,"pl":128000,"dl":0,"sp":7,"cp":1,"subp":1,"cs":false,"maxbr":999000,"fl":128000,"toast":false,"flag":0,"preSell":false},{"id":1336866612,"fee":8,"payed":0,"st":0,"pl":128000,"dl":0,"sp":7,"cp":1,"subp":1,"cs":false,"maxbr":999000,"fl":128000,"toast":false,"flag":0,"preSell":false},{"id":1341800341,"fee":0,"payed":0,"st":0,"pl":320000,"dl":320000,"sp":7,"cp":1,"subp":1,"cs":false,"maxbr":999000,"fl":320000,"toast":false,"flag":0,"preSell":false},{"id":1334296172,"fee":8,"payed":0,"st":0,"pl":128000,"dl":0,"sp":7,"cp":1,"subp":1,"cs":false,"maxbr":999000,"fl":128000,"toast":false,"flag":0,"preSell":false},{"id":1341964346,"fee":8,"payed":0,"st":0,"pl":128000,"dl":0,"sp":7,"cp":1,"subp":1,"cs":false,"maxbr":999000,"fl":128000,"toast":false,"flag":0,"preSell":false},{"id":1340759125,"fee":8,"payed":0,"st":0,"pl":128000,"dl":0,"sp":7,"cp":1,"subp":1,"cs":false,"maxbr":999000,"fl":128000,"toast":false,"flag":4,"preSell":false},{"id":1341722986,"fee":8,"payed":0,"st":0,"pl":128000,"dl":0,"sp":7,"cp":1,"subp":1,"cs":false,"maxbr":320000,"fl":128000,"toast":false,"flag":4,"preSell":false},{"id":1341108266,"fee":0,"payed":0,"st":0,"pl":320000,"dl":320000,"sp":7,"cp":1,"subp":1,"cs":false,"maxbr":999000,"fl":320000,"toast":false,"flag":128,"preSell":false},{"id":1340133226,"fee":8,"payed":0,"st":0,"pl":128000,"dl":0,"sp":7,"cp":1,"subp":1,"cs":false,"maxbr":999000,"fl":128000,"toast":false,"flag":132,"preSell":false},{"id":1340180365,"fee":8,"payed":0,"st":0,"pl":128000,"dl":0,"sp":7,"cp":1,"subp":1,"cs":false,"maxbr":999000,"fl":128000,"toast":false,"flag":4,"preSell":false},{"id":1336001679,"fee":8,"payed":0,"st":0,"pl":128000,"dl":0,"sp":7,"cp":1,"subp":1,"cs":false,"maxbr":999000,"fl":128000,"toast":false,"flag":261,"preSell":false},{"id":1341384673,"fee":0,"payed":0,"st":0,"pl":320000,"dl":0,"sp":7,"cp":1,"subp":1,"cs":false,"maxbr":320000,"fl":320000,"toast":false,"flag":0,"preSell":false},{"id":1339221426,"fee":8,"payed":0,"st":0,"pl":128000,"dl":0,"sp":7,"cp":1,"subp":1,"cs":false,"maxbr":999000,"fl":128000,"toast":false,"flag":0,"preSell":false},{"id":1341158180,"fee":8,"payed":0,"st":0,"pl":128000,"dl":0,"sp":7,"cp":1,"subp":1,"cs":false,"maxbr":999000,"fl":128000,"toast":false,"flag":4,"preSell":false},{"id":1336856283,"fee":8,"payed":0,"st":0,"pl":128000,"dl":0,"sp":7,"cp":1,"subp":1,"cs":false,"maxbr":999000,"fl":128000,"toast":false,"flag":2,"preSell":false},{"id":1340180344,"fee":8,"payed":0,"st":0,"pl":128000,"dl":0,"sp":7,"cp":1,"subp":1,"cs":false,"maxbr":999000,"fl":128000,"toast":false,"flag":0,"preSell":false},{"id":1340426151,"fee":0,"payed":0,"st":0,"pl":192000,"dl":192000,"sp":7,"cp":1,"subp":1,"cs":false,"maxbr":192000,"fl":320000,"toast":false,"flag":128,"preSell":false},{"id":1335952551,"fee":0,"payed":0,"st":0,"pl":320000,"dl":320000,"sp":7,"cp":1,"subp":1,"cs":false,"maxbr":999000,"fl":320000,"toast":false,"flag":0,"preSell":false},{"id":1341926181,"fee":8,"payed":0,"st":0,"pl":128000,"dl":0,"sp":7,"cp":1,"subp":1,"cs":false,"maxbr":320000,"fl":128000,"toast":false,"flag":4,"preSell":false},{"id":1337964733,"fee":8,"payed":0,"st":0,"pl":128000,"dl":0,"sp":7,"cp":1,"subp":1,"cs":false,"maxbr":999000,"fl":128000,"toast":false,"flag":4,"preSell":false},{"id":1335952588,"fee":8,"payed":0,"st":0,"pl":128000,"dl":0,"sp":7,"cp":1,"subp":1,"cs":false,"maxbr":999000,"fl":128000,"toast":false,"flag":0,"preSell":false},{"id":1341501900,"fee":8,"payed":0,"st":0,"pl":128000,"dl":0,"sp":7,"cp":1,"subp":1,"cs":false,"maxbr":320000,"fl":128000,"toast":false,"flag":4,"preSell":false},{"id":1339537605,"fee":8,"payed":0,"st":0,"pl":128000,"dl":0,"sp":7,"cp":1,"subp":1,"cs":false,"maxbr":999000,"fl":128000,"toast":false,"flag":0,"preSell":false},{"id":1338938561,"fee":0,"payed":0,"st":0,"pl":320000,"dl":320000,"sp":7,"cp":1,"subp":1,"cs":false,"maxbr":320000,"fl":320000,"toast":false,"flag":128,"preSell":false},{"id":1339755070,"fee":8,"payed":0,"st":0,"pl":128000,"dl":0,"sp":7,"cp":1,"subp":1,"cs":false,"maxbr":999000,"fl":128000,"toast":false,"flag":4,"preSell":false},{"id":1341580497,"fee":1,"payed":0,"st":0,"pl":0,"dl":0,"sp":0,"cp":0,"subp":0,"cs":false,"maxbr":999000,"fl":0,"toast":false,"flag":0,"preSell":false},{"id":1335968312,"fee":8,"payed":0,"st":0,"pl":128000,"dl":0,"sp":7,"cp":1,"subp":1,"cs":false,"maxbr":999000,"fl":128000,"toast":false,"flag":2,"preSell":false},{"id":1340200924,"fee":8,"payed":0,"st":0,"pl":128000,"dl":0,"sp":7,"cp":1,"subp":1,"cs":false,"maxbr":999000,"fl":128000,"toast":false,"flag":0,"preSell":false},{"id":1341776114,"fee":8,"payed":0,"st":0,"pl":128000,"dl":0,"sp":7,"cp":1,"subp":1,"cs":false,"maxbr":320000,"fl":128000,"toast":false,"flag":4,"preSell":false},{"id":1337938362,"fee":0,"payed":0,"st":0,"pl":128000,"dl":128000,"sp":7,"cp":1,"subp":1,"cs":false,"maxbr":128000,"fl":320000,"toast":false,"flag":128,"preSell":false},{"id":1340165689,"fee":8,"payed":0,"st":0,"pl":128000,"dl":0,"sp":7,"cp":1,"subp":1,"cs":false,"maxbr":999000,"fl":128000,"toast":false,"flag":4,"preSell":false},{"id":1340757816,"fee":8,"payed":0,"st":0,"pl":128000,"dl":0,"sp":7,"cp":1,"subp":1,"cs":false,"maxbr":999000,"fl":128000,"toast":false,"flag":4,"preSell":false},{"id":1341502587,"fee":8,"payed":0,"st":0,"pl":128000,"dl":0,"sp":7,"cp":1,"subp":1,"cs":false,"maxbr":320000,"fl":128000,"toast":false,"flag":4,"preSell":false},{"id":1338962014,"fee":8,"payed":0,"st":0,"pl":128000,"dl":0,"sp":7,"cp":1,"subp":1,"cs":false,"maxbr":320000,"fl":128000,"toast":false,"flag":4,"preSell":false},{"id":1341578197,"fee":8,"payed":0,"st":0,"pl":128000,"dl":0,"sp":7,"cp":1,"subp":1,"cs":false,"maxbr":999000,"fl":128000,"toast":false,"flag":0,"preSell":false},{"id":1341759144,"fee":8,"payed":0,"st":0,"pl":128000,"dl":0,"sp":7,"cp":1,"subp":1,"cs":false,"maxbr":320000,"fl":128000,"toast":false,"flag":4,"preSell":false},{"id":1339725674,"fee":0,"payed":0,"st":0,"pl":320000,"dl":320000,"sp":7,"cp":1,"subp":1,"cs":false,"maxbr":999000,"fl":320000,"toast":false,"flag":0,"preSell":false},{"id":1340660989,"fee":8,"payed":0,"st":0,"pl":128000,"dl":0,"sp":7,"cp":1,"subp":1,"cs":false,"maxbr":999000,"fl":128000,"toast":false,"flag":0,"preSell":false},{"id":1341621836,"fee":8,"payed":0,"st":0,"pl":128000,"dl":0,"sp":7,"cp":1,"subp":1,"cs":false,"maxbr":999000,"fl":128000,"toast":false,"flag":0,"preSell":false},{"id":1340439917,"fee":8,"payed":0,"st":0,"pl":128000,"dl":0,"sp":7,"cp":1,"subp":1,"cs":false,"maxbr":999000,"fl":128000,"toast":false,"flag":0,"preSell":false},{"id":1338737882,"fee":8,"payed":0,"st":0,"pl":128000,"dl":0,"sp":7,"cp":1,"subp":1,"cs":false,"maxbr":320000,"fl":128000,"toast":false,"flag":4,"preSell":false},{"id":1342152395,"fee":8,"payed":0,"st":0,"pl":128000,"dl":0,"sp":7,"cp":1,"subp":1,"cs":false,"maxbr":999000,"fl":128000,"toast":false,"flag":0,"preSell":false},{"id":1341771911,"fee":8,"payed":0,"st":0,"pl":128000,"dl":0,"sp":7,"cp":1,"subp":1,"cs":false,"maxbr":999000,"fl":128000,"toast":false,"flag":4,"preSell":false},{"id":1340616493,"fee":8,"payed":0,"st":0,"pl":128000,"dl":0,"sp":7,"cp":1,"subp":1,"cs":false,"maxbr":999000,"fl":128000,"toast":false,"flag":2,"preSell":false},{"id":1338355334,"fee":8,"payed":0,"st":0,"pl":128000,"dl":0,"sp":7,"cp":1,"subp":1,"cs":false,"maxbr":999000,"fl":128000,"toast":false,"flag":4,"preSell":false},{"id":1340179483,"fee":8,"payed":0,"st":0,"pl":128000,"dl":0,"sp":7,"cp":1,"subp":1,"cs":false,"maxbr":999000,"fl":128000,"toast":false,"flag":4,"preSell":false},{"id":1336862163,"fee":8,"payed":0,"st":0,"pl":128000,"dl":0,"sp":7,"cp":1,"subp":1,"cs":false,"maxbr":999000,"fl":128000,"toast":false,"flag":4,"preSell":false},{"id":1340412152,"fee":8,"payed":0,"st":0,"pl":128000,"dl":0,"sp":7,"cp":1,"subp":1,"cs":false,"maxbr":999000,"fl":128000,"toast":false,"flag":4,"preSell":false},{"id":1335640994,"fee":8,"payed":0,"st":0,"pl":128000,"dl":0,"sp":7,"cp":1,"subp":1,"cs":false,"maxbr":999000,"fl":128000,"toast":false,"flag":4,"preSell":false},{"id":1341324171,"fee":8,"payed":0,"st":0,"pl":128000,"dl":0,"sp":7,"cp":1,"subp":1,"cs":false,"maxbr":999000,"fl":128000,"toast":false,"flag":4,"preSell":false},{"id":1341188366,"fee":8,"payed":0,"st":0,"pl":128000,"dl":0,"sp":7,"cp":1,"subp":1,"cs":false,"maxbr":999000,"fl":128000,"toast":false,"flag":4,"preSell":false},{"id":1341578211,"fee":0,"payed":0,"st":0,"pl":320000,"dl":320000,"sp":7,"cp":1,"subp":1,"cs":false,"maxbr":999000,"fl":320000,"toast":false,"flag":0,"preSell":false},{"id":1340093879,"fee":8,"payed":0,"st":0,"pl":128000,"dl":0,"sp":7,"cp":1,"subp":1,"cs":false,"maxbr":320000,"fl":128000,"toast":false,"flag":4,"preSell":false},{"id":1335819187,"fee":8,"payed":0,"st":0,"pl":128000,"dl":0,"sp":7,"cp":1,"subp":1,"cs":false,"maxbr":999000,"fl":128000,"toast":false,"flag":0,"preSell":false}]}