{"playlist":{"subscribers":[],"subscribed":false,"creator":{"defaultAvatar":false,"province":110000,"authStatus":0,"followed":false,"avatarUrl":"http://p1.music.126.net/d8faOLHxwWPta02fskrdDQ==/2057186255569164.jpg","accountStatus":0,"gender":2,"city":110101,"birthday":-2209017600000,"userId":48188,"userType":0,"nickname":"中国TOP排行榜","signature":"中国TOP排行榜是由MusicRadio音乐之声依据时下最热门的流行单曲形成的权威音乐榜单。","description":"","detailDescription":"","avatarImgId":2057186255569164,"backgroundImgId":2002210674180201,"backgroundUrl":"http://p1.music.126.net/o3G7lWrGBQAvSRt3UuApTw==/2002210674180201.jpg","authority":0,"mutual":false,"expertTags":null,"experts":null,"djStatus":0,"vipType":0,"remarkName":null,"avatarImgIdStr":"2057186255569164","backgroundImgIdStr":"2002210674180201"},"tracks":[{"name":"在这里请你随意","id":1317308643,"pst":0,"t":0,"ar":[{"id":1193259,"name":"苏运莹","tns":[],"alias":[]}],"alia":[],"pop":95.0,"st":0,"rt":null,"fee":8,"v":8,"crbt":null,"cf":"","al":{"id":74866071,"name":"幻","picUrl":"http://p1.music.126.net/ZAGSQxIY3Xcx3eslDRdSuQ==/109951163722875135.jpg","tns":[],"pic_str":"109951163722875135","pic":109951163722875135},"dt":202500,"h":{"br":320000,"fid":0,"size":8102182,"vd":0.0},"m":{"br":192000,"fid":0,"size":4861327,"vd":0.0},"l":{"br":128000,"fid":0,"size":3240899,"vd":0.0},"a":null,"cd":"01","no":5,"rtUrl":null,"ftype":0,"rtUrls":[],"djId":0,"copyright":1,"s_id":0,"mst":9,"cp":21001,"mv":0,"rurl":null,"rtype":0,"publishTime":1539273600007},{"name":"耳朵","id":1318235595,"pst":0,"t":0,"ar":[{"id":4292,"name":"李荣浩","tns":[],"alias":[]}],"alia":[],"pop":100.0,"st":0,"rt":null,"fee":8,"v":14,"crbt":null,"cf":"","al":{"id":73914415,"name":"耳朵","picUrl":"http://p1.music.126.net/tt8xwK-ASC2iqXNUXYKoDQ==/109951163606377163.jpg","tns":[],"pic_str":"109951163606377163","pic":109951163606377163},"dt":241293,"h":{"br":320000,"fid":0,"size":9652811,"vd":-2.0},"m":{"br":192000,"fid":0,"size":5791704,"vd":-1.0},"l":{"br":128000,"fid":0,"size":3861151,"vd":-1.0},"a":null,"cd":"1","no":6,"rtUrl":null,"ftype":0,"rtUrls":[],"djId":0,"copyright":1,"s_id":0,"mst":9,"cp":7002,"mv":10813073,"rurl":null,"rtype":0,"publishTime":1539705600007},{"name":"Mr.R","id":1321876941,"pst":0,"t":0,"ar":[{"id":12931752,"name":"BBT","tns":[],"alias":[]}],"alia":[],"pop":80.0,"st":0,"rt":"","fee":8,"v":3,"crbt":null,"cf":"","al":{"id":74181898,"name":"Mr.R","picUrl":"http://p1.music.126.net/pRFRBWZ3GDrtWK5zy__OxA==/109951163638237727.jpg","tns":[],"pic_str":"109951163638237727","pic":109951163638237727},"dt":220403,"h":{"br":320000,"fid":0,"size":8818982,"vd":-10500.0},"m":{"br":192000,"fid":0,"size":5291407,"vd":-8100.0},"l":{"br":128000,"fid":0,"size":3527619,"vd":-6700.0},"a":null,"cd":"01","no":1,"rtUrl":null,"ftype":0,"rtUrls":[],"djId":0,"copyright":1,"s_id":0,"mst":9,"cp":15001,"mv":0,"rurl":null,"rtype":0,"publishTime":1541001600007},{"name":"从无到有","id":1313052960,"pst":0,"t":0,"ar":[{"id":12138269,"name":"毛不易","tns":[],"alias":[]}],"alia":["电视剧《创业时代》片尾主题曲"],"pop":100.0,"st":0,"rt":null,"fee":8,"v":10,"crbt":null,"cf":"","al":{"id":74268619,"name":"创业时代 影视剧原声带","picUrl":"http://p1.music.126.net/Df-udWJQ35kR_9PlDZMp0g==/109951163649857733.jpg","tns":[],"pic_str":"109951163649857733","pic":109951163649857733},"dt":277498,"h":{"br":320000,"fid":0,"size":11102085,"vd":-10900.0},"m":{"br":192000,"fid":0,"size":6661268,"vd":-8300.0},"l":{"br":128000,"fid":0,"size":4440860,"vd":-6700.0},"a":null,"cd":"1","no":1,"rtUrl":null,"ftype":0,"rtUrls":[],"djId":0,"copyright":0,"s_id":0,"mst":9,"cp":1412830,"mv":10799901,"rurl":null,"rtype":0,"publishTime":1541520000007},{"name":"春风","id":1316375141,"pst":0,"t":0,"ar":[{"id":791534,"name":"戴荃","tns":[],"alias":[]}],"alia":[],"pop":90.0,"st":0,"rt":null,"fee":8,"v":9,"crbt":null,"cf":"","al":{"id":74481403,"name":"不完荃","picUrl":"http://p1.music.126.net/6LIdvEgrtK_WS7BN0P-7mA==/109951163677967107.jpg","tns":[],"pic_str":"109951163677967107","pic":109951163677967107},"dt":267409,"h":{"br":320000,"fid":0,"size":10698754,"vd":-11200.0},"m":{"br":192000,"fid":0,"size":6419270,"vd":-8600.0},"l":{"br":128000,"fid":0,"size":4279528,"vd":-7000.0},"a":null,"cd":"1","no":5,"rtUrl":null,"ftype":0,"rtUrls":[],"djId":0,"copyright":2,"s_id":0,"mst":9,"cp":14026,"mv":0,"rurl":null,"rtype":0,"publishTime":1539187200007},{"name":"进化","id":1318571177,"pst":0,"t":0,"ar":[{"id":10200,"name":"郁可唯","tns":[],"alias":[]}],"alia":[],"pop":100.0,"st":0,"rt":null,"fee":8,"v":6,"crbt":null,"cf":"","al":{"id":73961660,"name":"进化","picUrl":"http://p1.music.126.net/VZf5Rwx9V7q4yVS_ft7khw==/109951163610259560.jpg","tns":[],"pic_str":"109951163610259560","pic":109951163610259560},"dt":223500,"h":{"br":320000,"fid":0,"size":8942280,"vd":-24300.0},"m":{"br":192000,"fid":0,"size":5365386,"vd":-21900.0},"l":{"br":128000,"fid":0,"size":3576938,"vd":-20200.0},"a":null,"cd":"","no":0,"rtUrl":null,"ftype":0,"rtUrls":[],"djId":0,"copyright":0,"s_id":0,"mst":9,"cp":677020,"mv":10834406,"rurl":null,"rtype":0,"publishTime":1539878400007},{"name":"没有人像你一样","id":1313107141,"pst":0,"t":0,"ar":[{"id":166018,"name":"吉克隽逸","tns":[],"alias":[]}],"alia":[],"pop":95.0,"st":0,"rt":null,"fee":8,"v":19,"crbt":null,"cf":"","al":{"id":73471928,"name":"GlobalCitizen世界公民","picUrl":"http://p1.music.126.net/xskd4btO0MAYlzAiGWEHmQ==/109951163655193460.jpg","tns":[],"pic_str":"109951163655193460","pic":109951163655193460},"dt":248267,"h":{"br":320000,"fid":0,"size":9932844,"vd":-27900.0},"m":{"br":192000,"fid":0,"size":5959724,"vd":-25200.0},"l":{"br":128000,"fid":0,"size":3973164,"vd":-23500.0},"a":null,"cd":"","no":5,"rtUrl":null,"ftype":0,"rtUrls":[],"djId":0,"copyright":2,"s_id":0,"mst":9,"cp":1411826,"mv":0,"rurl":null,"rtype":0,"publishTime":1541692800007},{"name":"来自未来","id":1325294626,"pst":0,"t":0,"ar":[{"id":12052014,"name":"刘润洁","tns":[],"alias":[]}],"alia":[],"pop":65.0,"st":0,"rt":"","fee":8,"v":2,"crbt":null,"cf":"","al":{"id":74403788,"name":"来自未来","picUrl":"http://p1.music.126.net/I9npUIpsD3wl0hUzgbNT-A==/109951163664785814.jpg","tns":[],"pic_str":"109951163664785814","pic":109951163664785814},"dt":244285,"h":{"br":320000,"fid":0,"size":9774019,"vd":2571.0},"m":{"br":192000,"fid":0,"size":5864429,"vd":4941.0},"l":{"br":128000,"fid":0,"size":3909634,"vd":2913.0},"a":null,"cd":"01","no":1,"rtUrl":null,"ftype":0,"rtUrls":[],"djId":0,"copyright":1,"s_id":0,"mst":9,"cp":21001,"mv":0,"rurl":null,"rtype":0,"publishTime":1542124800007},{"name":"上新了·故宫","id":1323302311,"pst":0,"t":0,"ar":[{"id":12440042,"name":"邓伦","tns":[],"alias":[]},{"id":30528365,"name":"周一围","tns":[],"alias":[]}],"alia":["《上新了·故宫》同名主题曲"],"pop":95.0,"st":0,"rt":null,"fee":8,"v":2,"crbt":null,"cf":"","al":{"id":74268723,"name":"上新了·故宫 ","picUrl":"http://p1.music.126.net/7ar0SNFW3CoPqq_AfbrLTw==/109951163653882247.jpg","tns":[],"pic_str":"109951163653882247","pic":109951163653882247},"dt":205321,"h":{"br":320000,"fid":0,"size":8215031,"vd":-11900.0},"m":{"br":192000,"fid":0,"size":4929036,"vd":-9200.0},"l":{"br":128000,"fid":0,"size":3286039,"vd":-7600.0},"a":null,"cd":"","no":3,"rtUrl":null,"ftype":0,"rtUrls":[],"djId":0,"copyright":0,"s_id":0,"mst":9,"cp":1415865,"mv":0,"rurl":null,"rtype":0,"publishTime":1541692800007},{"name":"生而为爱","id":1324880319,"pst":0,"t":0,"ar":[{"id":7907,"name":"何洁","tns":[],"alias":[]}],"alia":[],"pop":70.0,"st":0,"rt":null,"fee":8,"v":22,"crbt":null,"cf":"","al":{"id":74794183,"name":"再见何洁","picUrl":"http://p1.music.126.net/0cRQbebtLYxDZ0O7714H1w==/109951163725632923.jpg","tns":[],"pic_str":"109951163725632923","pic":109951163725632923},"dt":195652,"h":{"br":320000,"fid":0,"size":7828419,"vd":-2.0},"m":{"br":192000,"fid":0,"size":4697069,"vd":1314.0},"l":{"br":128000,"fid":0,"size":3131394,"vd":2334.0},"a":null,"cd":"1","no":10,"rtUrl":null,"ftype":0,"rtUrls":[],"djId":0,"copyright":0,"s_id":0,"mst":9,"cp":651010,"mv":0,"rurl":null,"rtype":0,"publishTime":1542038400000},{"name":"时而 (feat.李斯丹妮)","id":1323303517,"pst":0,"t":0,"ar":[{"id":7612,"name":"段林希","tns":[],"alias":[]},{"id":8791,"name":"李斯丹妮","tns":[],"alias":[]}],"alia":[],"pop":100.0,"st":0,"rt":null,"fee":8,"v":4,"crbt":null,"cf":"","al":{"id":74266808,"name":"时而","picUrl":"http://p1.music.126.net/ML5tt65UKvmeC_36jVDVjQ==/109951163661921144.jpg","tns":[],"pic_str":"109951163661921144","pic":109951163661921144},"dt":296470,"h":{"br":320000,"fid":0,"size":11861725,"vd":-18600.0},"m":{"br":192000,"fid":0,"size":7117053,"vd":-15900.0},"l":{"br":128000,"fid":0,"size":4744716,"vd":-14100.0},"a":null,"cd":"","no":1,"rtUrl":null,"ftype":0,"rtUrls":[],"djId":0,"copyright":0,"s_id":0,"mst":9,"cp":0,"mv":10782980,"rurl":null,"rtype":0,"publishTime":1542384000007},{"name":"爱无界","id":1320649225,"pst":0,"t":0,"ar":[{"id":8334,"name":"刘惜君","tns":[],"alias":[]}],"alia":["电视剧《回到明朝当王爷之杨凌传》插曲"],"pop":95.0,"st":0,"rt":null,"fee":8,"v":19,"crbt":null,"cf":"","al":{"id":74417131,"name":"回到明朝当王爷之杨凌传 电视剧原声大碟","picUrl":"http://p1.music.126.net/gFwlYnE2wZpJOp3_9peLuw==/109951163680272674.jpg","tns":[],"pic_str":"109951163680272674","pic":109951163680272674},"dt":228333,"h":{"br":320000,"fid":0,"size":9135587,"vd":-18700.0},"m":{"br":192000,"fid":0,"size":5481369,"vd":-16100.0},"l":{"br":128000,"fid":0,"size":3654261,"vd":-14400.0},"a":null,"cd":"1","no":3,"rtUrl":null,"ftype":0,"rtUrls":[],"djId":0,"copyright":2,"s_id":0,"mst":9,"cp":1399823,"mv":0,"rurl":null,"rtype":0,"publishTime":1541001600007}],"trackIds":[{"id":1317308643,"v":8},{"id":1318235595,"v":14},{"id":1321876941,"v":3},{"id":1313052960,"v":10},{"id":1316375141,"v":9},{"id":1318571177,"v":6},{"id":1313107141,"v":19},{"id":1325294626,"v":2},{"id":1323302311,"v":2},{"id":1324880319,"v":22},{"id":1323303517,"v":4},{"id":1320649225,"v":19}],"createTime":1359005319468,"highQuality":false,"userId":48188,"updateTime":1543805527431,"coverImgId":18878614648932971,"specialType":0,"privacy":0,"newImported":false,"trackCount":12,"commentThreadId":"A_PL_0_64016","trackUpdateTime":1547136509213,"playCount":45999776,"coverImgUrl":"http://p3.music.126.net/2klOtThpDQ0CMhOy5AOzSg==/18878614648932971.jpg","trackNumberUpdateTime":1543805527431,"adType":0,"subscribedCount":145889,"cloudTrackCount":0,"tags":["流行","榜单","清新"],"ordered":true,"description":"中国TOP排行榜分成内地榜及港台榜，每周一更新。","status":0,"name":"中国TOP排行榜（内地榜）","id":64016,"shareCount":310,"coverImgId_str":"18878614648932971","commentCount":2687},"code":200,"privileges":[{"id":1317308643,"fee":8,"payed":0,"st":0,"pl":128000,"dl":0,"sp":7,"cp":1,"subp":1,"cs":false,"maxbr":999000,"fl":128000,"toast":false,"flag":260,"preSell":false},{"id":1318235595,"fee":8,"payed":0,"st":0,"pl":128000,"dl":0,"sp":7,"cp":1,"subp":1,"cs":false,"maxbr":320000,"fl":128000,"toast":false,"flag":132,"preSell":false},{"id":1321876941,"fee":8,"payed":0,"st":0,"pl":128000,"dl":0,"sp":7,"cp":1,"subp":1,"cs":false,"maxbr":999000,"fl":128000,"toast":false,"flag":132,"preSell":false},{"id":1313052960,"fee":8,"payed":0,"st":0,"pl":128000,"dl":0,"sp":7,"cp":1,"subp":1,"cs":false,"maxbr":999000,"fl":128000,"toast":false,"flag":0,"preSell":false},{"id":1316375141,"fee":8,"payed":0,"st":0,"pl":128000,"dl":0,"sp":7,"cp":1,"subp":1,"cs":false,"maxbr":999000,"fl":128000,"toast":false,"flag":2,"preSell":false},{"id":1318571177,"fee":8,"payed":0,"st":0,"pl":128000,"dl":0,"sp":7,"cp":1,"subp":1,"cs":false,"maxbr":999000,"fl":128000,"toast":false,"flag":4,"preSell":false},{"id":1313107141,"fee":8,"payed":0,"st":0,"pl":128000,"dl":0,"sp":7,"cp":1,"subp":1,"cs":false,"maxbr":999000,"fl":128000,"toast":false,"flag":0,"preSell":false},{"id":1325294626,"fee":8,"payed":0,"st":0,"pl":128000,"dl":0,"sp":7,"cp":1,"subp":1,"cs":false,"maxbr":999000,"fl":128000,"toast":false,"flag":260,"preSell":false},{"id":1323302311,"fee":8,"payed":0,"st":0,"pl":128000,"dl":0,"sp":7,"cp":1,"subp":1,"cs":false,"maxbr":999000,"fl":128000,"toast":false,"flag":128,"preSell":false},{"id":1324880319,"fee":8,"payed":0,"st":0,"pl":128000,"dl":0,"sp":7,"cp":1,"subp":1,"cs":false,"maxbr":999000,"fl":128000,"toast":false,"flag":0,"preSell":false},{"id":1323303517,"fee":8,"payed":0,"st":0,"pl":128000,"dl":0,"sp":7,"cp":1,"subp":1,"cs":false,"maxbr":999000,"fl":128000,"toast":false,"flag":128,"preSell":false},{"id":1320649225,"fee":8,"payed":0,"st":0,"pl":128000,"dl":0,"sp":7,"cp":1,"subp":1,"cs":false,"maxbr":999000,"fl":128000,"toast":false,"flag":128,"preSell":false}]}