{"playlist":{"subscribers":[],"subscribed":false,"creator":{"defaultAvatar":false,"province":110000,"authStatus":0,"followed":false,"avatarUrl":"http://p1.music.126.net/d8faOLHxwWPta02fskrdDQ==/2057186255569164.jpg","accountStatus":0,"gender":2,"city":110101,"birthday":-2209017600000,"userId":48188,"userType":0,"nickname":"中国TOP排行榜","signature":"中国TOP排行榜是由MusicRadio音乐之声依据时下最热门的流行单曲形成的权威音乐榜单。","description":"","detailDescription":"","avatarImgId":2057186255569164,"backgroundImgId":2002210674180201,"backgroundUrl":"http://p1.music.126.net/o3G7lWrGBQAvSRt3UuApTw==/2002210674180201.jpg","authority":0,"mutual":false,"expertTags":null,"experts":null,"djStatus":0,"vipType":0,"remarkName":null,"avatarImgIdStr":"2057186255569164","backgroundImgIdStr":"2002210674180201"},"tracks":[{"name":"破坏王","id":1318630444,"pst":0,"t":0,"ar":[{"id":2116,"name":"陈奕迅","tns":[],"alias":[]},{"id":14713083,"name":"eason and the duo band","tns":[],"alias":[]}],"alia":[],"pop":100.0,"st":0,"rt":"","fee":4,"v":137,"crbt":null,"cf":"","al":{"id":74268947,"name":"L.O.V.E.","picUrl":"http://p2.music.126.net/n8objKMAfyw-cotbj9CmQw==/109951163676240009.jpg","tns":[],"pic_str":"109951163676240009","pic":109951163676240009},"dt":259160,"h":{"br":320000,"fid":0,"size":10367521,"vd":-2.0},"m":{"br":192000,"fid":0,"size":6220530,"vd":-2.0},"l":{"br":128000,"fid":0,"size":4147035,"vd":-2.0},"a":null,"cd":"","no":2,"rtUrl":null,"ftype":0,"rtUrls":[],"djId":0,"copyright":1,"s_id":0,"mv":10805389,"mst":9,"cp":7003,"rurl":null,"rtype":0,"publishTime":1539792000007},{"name":"默默","id":1317458013,"pst":0,"t":0,"ar":[{"id":7063,"name":"A-Lin","tns":[],"alias":[]}],"alia":["电视剧《创业时代》插曲"],"pop":100.0,"st":0,"rt":null,"fee":8,"v":9,"crbt":null,"cf":"","al":{"id":74268619,"name":"创业时代 影视剧原声带","picUrl":"http://p2.music.126.net/Df-udWJQ35kR_9PlDZMp0g==/109951163649857733.jpg","tns":[],"pic_str":"109951163649857733","pic":109951163649857733},"dt":286766,"h":{"br":320000,"fid":0,"size":11473023,"vd":-5200.0},"m":{"br":192000,"fid":0,"size":6883831,"vd":-2700.0},"l":{"br":128000,"fid":0,"size":4589235,"vd":-1200.0},"a":null,"cd":"1","no":7,"rtUrl":null,"ftype":0,"rtUrls":[],"djId":0,"copyright":0,"s_id":0,"mv":10833138,"mst":9,"cp":1412830,"rurl":null,"rtype":0,"publishTime":1541520000007},{"name":"陀螺","id":1317517599,"pst":0,"t":0,"ar":[{"id":8147,"name":"江美琪","tns":[],"alias":[]}],"alia":[],"pop":95.0,"st":0,"rt":null,"fee":8,"v":5,"crbt":null,"cf":"","al":{"id":74907126,"name":"我们都是有歌的人","picUrl":"http://p2.music.126.net/5oeYSHEny6s3GAGxiT3Gaw==/109951163731924578.jpg","tns":[],"pic_str":"109951163731924578","pic":109951163731924578},"dt":247040,"h":{"br":320000,"fid":0,"size":9881644,"vd":-1.0},"m":{"br":192000,"fid":0,"size":5929004,"vd":-1.0},"l":{"br":128000,"fid":0,"size":3952684,"vd":0.0},"a":null,"cd":"01","no":1,"rtUrl":null,"ftype":0,"rtUrls":[],"djId":0,"copyright":1,"s_id":0,"mv":0,"mst":9,"cp":7001,"rurl":null,"rtype":0,"publishTime":1539705600007},{"name":"My Love","id":1321392631,"pst":0,"t":0,"ar":[{"id":3691,"name":"刘德华","tns":[],"alias":[]}],"alia":["MY LOVE 世界巡回演唱会同名主题曲"],"pop":95.0,"st":0,"rt":null,"fee":0,"v":6,"crbt":null,"cf":"","al":{"id":74149870,"name":"My Love","picUrl":"http://p2.music.126.net/is0ejbmQQ0NtvjfXoor0nw==/109951163646216633.jpg","tns":[],"pic_str":"109951163646216633","pic":109951163646216633},"dt":221089,"h":{"br":320000,"fid":0,"size":8846150,"vd":-38100.0},"m":{"br":192000,"fid":0,"size":5307707,"vd":-35500.0},"l":{"br":128000,"fid":0,"size":3538486,"vd":-34100.0},"a":null,"cd":"","no":1,"rtUrl":null,"ftype":0,"rtUrls":[],"djId":0,"copyright":0,"s_id":0,"mv":10829245,"mst":9,"cp":383010,"rurl":null,"rtype":0,"publishTime":1541347200007},{"name":"蹦蹦蹦","id":1305701760,"pst":0,"t":0,"ar":[{"id":8677,"name":"梁心颐","tns":[],"alias":[]}],"alia":[],"pop":85.0,"st":0,"rt":null,"fee":8,"v":3,"crbt":null,"cf":"","al":{"id":72751552,"name":"蹦蹦蹦","picUrl":"http://p2.music.126.net/6EeZvZFng8KOeUwXj8-2NA==/109951163520038317.jpg","tns":[],"pic_str":"109951163520038317","pic":109951163520038317},"dt":218996,"h":{"br":320000,"fid":0,"size":8762558,"vd":-3.0},"m":{"br":192000,"fid":0,"size":5257552,"vd":-2.0},"l":{"br":128000,"fid":0,"size":3505049,"vd":-2.0},"a":null,"cd":"1","no":1,"rtUrl":null,"ftype":0,"rtUrls":[],"djId":0,"copyright":1,"s_id":0,"mv":10777275,"mst":9,"cp":653015,"rurl":null,"rtype":0,"publishTime":1536249600007},{"name":"翻转世界","id":1305824469,"pst":0,"t":0,"ar":[{"id":2201,"name":"陈势安","tns":[],"alias":[]}],"alia":[],"pop":60.0,"st":0,"rt":null,"fee":8,"v":1,"crbt":null,"cf":"","al":{"id":72760389,"name":"坏掉的我们","picUrl":"http://p2.music.126.net/8jeFONNprSA6JtU7tgnPmA==/109951163522596420.jpg","tns":[],"pic_str":"109951163522596420","pic":109951163522596420},"dt":241162,"h":{"br":320000,"fid":0,"size":9647587,"vd":0.0},"m":{"br":192000,"fid":0,"size":5788569,"vd":0.0},"l":{"br":128000,"fid":0,"size":3859061,"vd":0.0},"a":null,"cd":"1","no":7,"rtUrl":null,"ftype":0,"rtUrls":[],"djId":0,"copyright":1,"s_id":0,"mv":0,"mst":9,"cp":7002,"rurl":null,"rtype":0,"publishTime":1535644800007},{"name":"终于等到你","id":1316563722,"pst":0,"t":0,"ar":[{"id":6454,"name":"张信哲","tns":[],"alias":[]}],"alia":[],"pop":90.0,"st":0,"rt":null,"fee":4,"v":12,"crbt":null,"cf":"","al":{"id":75186486,"name":"歌 时代II","picUrl":"http://p2.music.126.net/AxlP2akvkTXZmylMFCXxxw==/109951163794619828.jpg","tns":[],"pic_str":"109951163794619828","pic":109951163794619828},"dt":316600,"h":{"br":320000,"fid":0,"size":12666297,"vd":1575.0},"m":{"br":192000,"fid":0,"size":7599795,"vd":3040.0},"l":{"br":128000,"fid":0,"size":5066545,"vd":3610.0},"a":null,"cd":"01","no":4,"rtUrl":null,"ftype":0,"rtUrls":[],"djId":0,"copyright":0,"s_id":0,"mv":10811044,"mst":9,"cp":1416024,"rurl":null,"rtype":0,"publishTime":1539100800007},{"name":"Shining Star ","id":1317420080,"pst":0,"t":0,"ar":[{"id":805419,"name":"王诗安","tns":[],"alias":[]}],"alia":["电视剧《极速青春》插曲"],"pop":95.0,"st":0,"rt":null,"fee":8,"v":13,"crbt":null,"cf":"","al":{"id":74099628,"name":"极速青春 电视剧原声大碟","picUrl":"http://p2.music.126.net/4-Lgf_A6rGFxrjZ9lkkc-g==/109951163633014432.jpg","tns":[],"pic_str":"109951163633014432","pic":109951163633014432},"dt":225833,"h":{"br":320000,"fid":0,"size":9036321,"vd":481.0},"m":{"br":192000,"fid":0,"size":5421810,"vd":1271.0},"l":null,"a":null,"cd":"1","no":3,"rtUrl":null,"ftype":0,"rtUrls":[],"djId":0,"copyright":2,"s_id":0,"mv":0,"mst":9,"cp":1399823,"rurl":null,"rtype":0,"publishTime":1539532800007},{"name":"如果重来 (Only If)","id":1320097193,"pst":0,"t":0,"ar":[{"id":4079,"name":"林育群","tns":[],"alias":[]}],"alia":[],"pop":45.0,"st":0,"rt":null,"fee":0,"v":5,"crbt":null,"cf":"","al":{"id":74063678,"name":"如果重来","picUrl":"http://p2.music.126.net/NiYy82tTJ3KFnH7nGR-Njw==/109951163624543555.jpg","tns":[],"pic_str":"109951163624543555","pic":109951163624543555},"dt":240845,"h":{"br":320000,"fid":0,"size":9636093,"vd":11498.0},"m":{"br":192000,"fid":0,"size":5781673,"vd":13736.0},"l":null,"a":null,"cd":"","no":0,"rtUrl":null,"ftype":0,"rtUrls":[],"djId":0,"copyright":0,"s_id":0,"mv":10808251,"mst":9,"cp":22001,"rurl":null,"rtype":0,"publishTime":1540483200007},{"name":"在月台上等你","id":1322856516,"pst":0,"t":0,"ar":[{"id":9605,"name":"卫兰","tns":[],"alias":[]}],"alia":[],"pop":100.0,"st":0,"rt":"","fee":8,"v":4,"crbt":null,"cf":"","al":{"id":74242714,"name":"在月台上等你","picUrl":"http://p2.music.126.net/S8zv5F3dkFhuYGHoDp3EAA==/109951163651947654.jpg","tns":[],"pic_str":"109951163651947654","pic":109951163651947654},"dt":248633,"h":{"br":320000,"fid":0,"size":9946427,"vd":-35600.0},"m":{"br":192000,"fid":0,"size":5967874,"vd":-33000.0},"l":{"br":128000,"fid":0,"size":3978597,"vd":-31400.0},"a":null,"cd":"01","no":1,"rtUrl":null,"ftype":0,"rtUrls":[],"djId":0,"copyright":1,"s_id":0,"mv":0,"mst":9,"cp":7002,"rurl":null,"rtype":0,"publishTime":1541520000007},{"name":"爱情有你","id":1323303341,"pst":0,"t":0,"ar":[{"id":188123,"name":"陈汉典","tns":[],"alias":[]}],"alia":[],"pop":30.0,"st":0,"rt":null,"fee":8,"v":8,"crbt":null,"cf":"","al":{"id":74268739,"name":"爱情有你","picUrl":"http://p2.music.126.net/XsBrP-Wl5fbSO0Ijylo9Sw==/109951163655171822.jpg","tns":[],"pic_str":"109951163655171822","pic":109951163655171822},"dt":194575,"h":{"br":320000,"fid":0,"size":7785578,"vd":-29200.0},"m":{"br":192000,"fid":0,"size":4671364,"vd":-26700.0},"l":{"br":128000,"fid":0,"size":3114257,"vd":-25000.0},"a":null,"cd":"","no":0,"rtUrl":null,"ftype":0,"rtUrls":[],"djId":0,"copyright":0,"s_id":0,"mv":10834176,"mst":9,"cp":659011,"rurl":null,"rtype":0,"publishTime":1542038400007},{"name":"可乐 (Cola)","id":1311346059,"pst":0,"t":0,"ar":[{"id":784452,"name":"林采欣","tns":[],"alias":[]}],"alia":[],"pop":90.0,"st":0,"rt":null,"fee":8,"v":9,"crbt":null,"cf":"","al":{"id":73681718,"name":"守夜人","picUrl":"http://p2.music.126.net/iaXkMUJ2x08nwYV6ai3DKw==/109951163576982252.jpg","tns":[],"pic_str":"109951163576982252","pic":109951163576982252},"dt":290615,"h":{"br":320000,"fid":0,"size":11627668,"vd":-2.0},"m":{"br":192000,"fid":0,"size":6976618,"vd":-2.0},"l":{"br":128000,"fid":0,"size":4651093,"vd":-2.0},"a":null,"cd":"","no":4,"rtUrl":null,"ftype":0,"rtUrls":[],"djId":0,"copyright":0,"s_id":0,"mv":10801413,"mst":9,"cp":1399823,"rurl":null,"rtype":0,"publishTime":1537459200007}],"trackIds":[{"id":1318630444,"v":137},{"id":1317458013,"v":9},{"id":1317517599,"v":5},{"id":1321392631,"v":6},{"id":1305701760,"v":3},{"id":1305824469,"v":1},{"id":1316563722,"v":12},{"id":1317420080,"v":13},{"id":1320097193,"v":5},{"id":1322856516,"v":4},{"id":1323303341,"v":8},{"id":1311346059,"v":9}],"subscribedCount":82397,"cloudTrackCount":0,"newImported":false,"privacy":0,"createTime":1359697325722,"highQuality":false,"userId":48188,"updateTime":1543813813181,"coverImgId":18967675090783713,"specialType":0,"trackCount":12,"commentThreadId":"A_PL_0_112504","trackUpdateTime":1547519328882,"playCount":25781476,"coverImgUrl":"http://p3.music.126.net/JPh-zekmt0sW2Z3TZMsGzA==/18967675090783713.jpg","adType":0,"trackNumberUpdateTime":1543813813181,"ordered":true,"tags":["流行"],"description":"中国TOP排行榜分成内地榜及港台榜，每周一更新。","status":0,"name":"中国TOP排行榜（港台榜）","id":112504,"shareCount":201,"coverImgId_str":"18967675090783713","commentCount":1009},"code":200,"privileges":[{"id":1318630444,"fee":4,"payed":0,"st":0,"pl":0,"dl":0,"sp":0,"cp":0,"subp":0,"cs":false,"maxbr":320000,"fl":0,"toast":false,"flag":128,"preSell":false},{"id":1317458013,"fee":8,"payed":0,"st":0,"pl":128000,"dl":0,"sp":7,"cp":1,"subp":1,"cs":false,"maxbr":999000,"fl":128000,"toast":false,"flag":128,"preSell":false},{"id":1317517599,"fee":8,"payed":0,"st":0,"pl":128000,"dl":0,"sp":7,"cp":1,"subp":1,"cs":false,"maxbr":320000,"fl":128000,"toast":false,"flag":132,"preSell":false},{"id":1321392631,"fee":0,"payed":0,"st":0,"pl":320000,"dl":320000,"sp":7,"cp":1,"subp":1,"cs":false,"maxbr":999000,"fl":320000,"toast":false,"flag":0,"preSell":false},{"id":1305701760,"fee":8,"payed":0,"st":0,"pl":128000,"dl":0,"sp":7,"cp":1,"subp":1,"cs":false,"maxbr":999000,"fl":128000,"toast":false,"flag":128,"preSell":false},{"id":1305824469,"fee":8,"payed":0,"st":0,"pl":128000,"dl":0,"sp":7,"cp":1,"subp":1,"cs":false,"maxbr":320000,"fl":128000,"toast":false,"flag":132,"preSell":false},{"id":1316563722,"fee":4,"payed":0,"st":0,"pl":0,"dl":0,"sp":0,"cp":0,"subp":0,"cs":false,"maxbr":999000,"fl":0,"toast":false,"flag":0,"preSell":false},{"id":1317420080,"fee":8,"payed":0,"st":0,"pl":128000,"dl":0,"sp":7,"cp":1,"subp":1,"cs":false,"maxbr":999000,"fl":128000,"toast":false,"flag":128,"preSell":false},{"id":1320097193,"fee":0,"payed":0,"st":0,"pl":320000,"dl":320000,"sp":7,"cp":1,"subp":1,"cs":false,"maxbr":999000,"fl":320000,"toast":false,"flag":0,"preSell":false},{"id":1322856516,"fee":8,"payed":0,"st":0,"pl":128000,"dl":0,"sp":7,"cp":1,"subp":1,"cs":false,"maxbr":320000,"fl":128000,"toast":false,"flag":132,"preSell":false},{"id":1323303341,"fee":8,"payed":0,"st":0,"pl":128000,"dl":0,"sp":7,"cp":1,"subp":1,"cs":false,"maxbr":999000,"fl":128000,"toast":false,"flag":128,"preSell":false},{"id":1311346059,"fee":8,"payed":0,"st":0,"pl":128000,"dl":0,"sp":7,"cp":1,"subp":1,"cs":false,"maxbr":999000,"fl":128000,"toast":false,"flag":0,"preSell":false}]}