{"playlist":{"subscribers":[],"subscribed":false,"creator":{"defaultAvatar":false,"province":440000,"authStatus":1,"followed":false,"avatarUrl":"http://p1.music.126.net/N2whh2Prf0l8QHmCpShrcQ==/19140298416347251.jpg","accountStatus":0,"gender":1,"city":440100,"birthday":1199116800000,"userId":577015,"userType":1,"nickname":"华语金曲榜","signature":"","description":"华语金曲榜官方账号","detailDescription":"华语金曲榜官方账号","avatarImgId":19140298416347251,"backgroundImgId":3188583720587810,"backgroundUrl":"http://p1.music.126.net/M3Zul-R_7FF2Tr-uQrY-Iw==/3188583720587810.jpg","authority":3,"mutual":false,"expertTags":null,"experts":null,"djStatus":10,"vipType":0,"remarkName":null,"avatarImgIdStr":"19140298416347251","backgroundImgIdStr":"3188583720587810","avatarImgId_str":"19140298416347251"},"tracks":[{"name":"远方 (组曲)","id":437608504,"pst":0,"t":0,"ar":[{"id":6493,"name":"张萌萌","tns":[],"alias":[]}],"alia":["远方+错过+麻栗坡"],"pop":20.0,"st":0,"rt":null,"fee":0,"v":3,"crbt":null,"cf":"","al":{"id":34477146,"name":"空城计","picUrl":"http://p2.music.126.net/-4nhLdWBKb4ga-RKSHjRCw==/18536666533500358.jpg","tns":[],"pic_str":"18536666533500358","pic":18536666533500358},"dt":759884,"h":{"br":320000,"fid":0,"size":30398215,"vd":-0.91},"m":{"br":160000,"fid":0,"size":15199130,"vd":-0.51},"l":{"br":96000,"fid":0,"size":9119496,"vd":-0.6},"a":null,"cd":"1","no":1,"rtUrl":null,"ftype":0,"rtUrls":[],"djId":0,"copyright":2,"s_id":0,"mst":9,"cp":447011,"mv":0,"rtype":0,"rurl":null,"publishTime":1477497600007},{"name":"慢慢习惯","id":469699365,"pst":0,"t":0,"ar":[{"id":3691,"name":"刘德华","tns":[],"alias":[]}],"alia":["电影《拆弹专家》主题曲"],"pop":95.0,"st":0,"rt":null,"fee":0,"v":9,"crbt":null,"cf":"","al":{"id":35326778,"name":"慢慢习惯","picUrl":"http://p2.music.126.net/JNInnU63eUQb02pdxrlxng==/18940187300130289.jpg","tns":[],"pic_str":"18940187300130289","pic":18940187300130289},"dt":262814,"h":{"br":320000,"fid":0,"size":10514852,"vd":-1.49},"m":{"br":160000,"fid":0,"size":5257449,"vd":-1.04},"l":{"br":96000,"fid":0,"size":3154487,"vd":-1.05},"a":null,"cd":"1","no":0,"rtUrl":null,"ftype":0,"rtUrls":[],"djId":0,"copyright":2,"s_id":0,"mst":9,"cp":383010,"mv":5480057,"rtype":0,"rurl":null,"publishTime":1491494400007},{"name":"有约","id":465783766,"pst":0,"t":0,"ar":[{"id":12985,"name":"Twins","tns":[],"alias":[]}],"alia":[],"pop":25.0,"st":0,"rt":null,"fee":0,"v":13,"crbt":null,"cf":"","al":{"id":35169371,"name":"有约","picUrl":"http://p2.music.126.net/sKwH7Qb56J9fMUDS7Kqbeg==/18789554208920069.jpg","tns":[],"pic_str":"18789554208920069","pic":18789554208920069},"dt":191643,"h":{"br":320000,"fid":0,"size":7668550,"vd":0.0310699},"m":{"br":160000,"fid":0,"size":3834298,"vd":0.402566},"l":{"br":96000,"fid":0,"size":2300596,"vd":-2.65076E-4},"a":null,"cd":"1","no":1,"rtUrl":null,"ftype":0,"rtUrls":[],"djId":0,"copyright":1,"s_id":0,"mst":9,"cp":1000,"mv":0,"rtype":0,"rurl":null,"publishTime":1491408000007},{"name":"传说 (中女丧K版)","id":465973443,"pst":0,"t":0,"ar":[{"id":12332259,"name":"MKB48","tns":[],"alias":[]}],"alia":[],"pop":5.0,"st":0,"rt":null,"fee":0,"v":6,"crbt":null,"cf":"","al":{"id":35241759,"name":"传说 (中女丧K版)","picUrl":"http://p2.music.126.net/0WNRT6z57bhMq2949oyQmQ==/18629025511248844.jpg","tns":[],"pic_str":"18629025511248844","pic":18629025511248844},"dt":201012,"h":null,"m":null,"l":{"br":96000,"fid":0,"size":2412505,"vd":-1.06},"a":null,"cd":"1","no":1,"rtUrl":null,"ftype":0,"rtUrls":[],"djId":0,"copyright":0,"s_id":0,"mst":9,"cp":0,"mv":0,"rtype":0,"rurl":null,"publishTime":1489593600000},{"name":"动地惊天爱恋过","id":474932666,"pst":0,"t":0,"ar":[{"id":0,"name":"余春娇","tns":[],"alias":[]}],"alia":["原唱：郑伊健"],"pop":25.0,"st":0,"rt":null,"fee":0,"v":8,"crbt":null,"cf":"","al":{"id":35377856,"name":"春娇救志明 电影原声大碟","picUrl":"http://p2.music.126.net/ldvkL-C6DDl68U622YTeSA==/18516875325264827.jpg","tns":[],"pic_str":"18516875325264827","pic":18516875325264827},"dt":169456,"h":{"br":320000,"fid":0,"size":6779342,"vd":-2.03},"m":{"br":160000,"fid":0,"size":3389694,"vd":-1.59},"l":{"br":96000,"fid":0,"size":2033834,"vd":-1.59},"a":null,"cd":"1","no":2,"rtUrl":null,"ftype":0,"rtUrls":[],"djId":0,"copyright":0,"s_id":0,"mst":9,"cp":0,"mv":0,"rtype":0,"rurl":null,"publishTime":1493222400000},{"name":"江湖晚","id":475840671,"pst":0,"t":0,"ar":[{"id":791534,"name":"戴荃","tns":[],"alias":[]},{"id":6456,"name":"周华健","tns":[],"alias":[]}],"alia":[],"pop":90.0,"st":0,"rt":null,"fee":8,"v":53,"crbt":null,"cf":"","al":{"id":35500034,"name":"悟空","picUrl":"http://p2.music.126.net/ILvxIQTLVmrme5kflf6Dag==/109951162929009033.jpg","tns":[],"pic_str":"109951162929009033","pic":109951162929009033},"dt":263760,"h":{"br":320000,"fid":0,"size":10552468,"vd":-19000.0},"m":{"br":192000,"fid":0,"size":6331498,"vd":-16400.0},"l":{"br":128000,"fid":0,"size":4221013,"vd":-14400.0},"a":null,"cd":"1","no":5,"rtUrl":null,"ftype":0,"rtUrls":[],"djId":0,"copyright":0,"s_id":0,"mst":9,"cp":456010,"mv":0,"rtype":0,"rurl":null,"publishTime":1493049600000},{"name":"缠路","id":466257175,"pst":0,"t":0,"ar":[{"id":794064,"name":"黄浩琳","tns":[],"alias":[]}],"alia":[],"pop":70.0,"st":0,"rt":null,"fee":8,"v":5,"crbt":null,"cf":"","al":{"id":35274168,"name":"缠路","picUrl":"http://p2.music.126.net/cfySZLgGDXKS8XwKQHi2Rg==/18235400347187095.jpg","tns":[],"pic_str":"18235400347187095","pic":18235400347187095},"dt":174497,"h":{"br":320000,"fid":0,"size":6979962,"vd":0.0},"m":{"br":160000,"fid":0,"size":3490004,"vd":-2.65076E-4},"l":{"br":96000,"fid":0,"size":2094020,"vd":-2.65076E-4},"a":null,"cd":"1","no":1,"rtUrl":null,"ftype":0,"rtUrls":[],"djId":0,"copyright":1,"s_id":0,"mst":9,"cp":7001,"mv":5468846,"rtype":0,"rurl":null,"publishTime":1489680000007},{"name":"我不能忘记你","id":472137753,"pst":0,"t":0,"ar":[{"id":8336,"name":"林忆莲","tns":[],"alias":[]}],"alia":["电影《记忆大师》记忆主题曲"],"pop":100.0,"st":0,"rt":null,"fee":8,"v":24,"crbt":null,"cf":"","al":{"id":35368357,"name":"我不能忘记你","picUrl":"http://p2.music.126.net/Gzh5Ig44vbCDqs_Wnqyk_Q==/19158990114078060.jpg","tns":[],"pic_str":"19158990114078060","pic":19158990114078060},"dt":288292,"h":{"br":320000,"fid":0,"size":11534672,"vd":-3.09},"m":{"br":160000,"fid":0,"size":5767359,"vd":-2.63},"l":{"br":96000,"fid":0,"size":3460433,"vd":-2.66},"a":null,"cd":"1","no":0,"rtUrl":null,"ftype":0,"rtUrls":[],"djId":0,"copyright":0,"s_id":0,"mst":9,"cp":0,"mv":5487022,"rtype":0,"rurl":null,"publishTime":1492444800007},{"name":"成全","id":472214046,"pst":0,"t":0,"ar":[{"id":12328071,"name":"叶海茵","tns":[],"alias":[]}],"alia":[],"pop":15.0,"st":0,"rt":null,"fee":0,"v":4,"crbt":null,"cf":"","al":{"id":35374172,"name":"成全","picUrl":"http://p2.music.126.net/C8cIkkTPWneZs1rnLHjXjQ==/109951162903371574.jpg","tns":[],"pic_str":"109951162903371574","pic":109951162903371574},"dt":309664,"h":{"br":320000,"fid":0,"size":12389399,"vd":-2.85},"m":{"br":160000,"fid":0,"size":6194722,"vd":-2.42},"l":{"br":96000,"fid":0,"size":3716851,"vd":-2.44},"a":null,"cd":"1","no":1,"rtUrl":null,"ftype":0,"rtUrls":[],"djId":0,"copyright":0,"s_id":0,"mst":9,"cp":0,"mv":0,"rtype":0,"rurl":null,"publishTime":1492176837318},{"name":"空姐","id":470563212,"pst":0,"t":0,"ar":[{"id":8653,"name":"李幸倪","tns":[],"alias":[]}],"alia":[],"pop":90.0,"st":0,"rt":null,"fee":8,"v":15,"crbt":null,"cf":"","al":{"id":35348065,"name":"空姐","picUrl":"http://p2.music.126.net/mRkYNT-gC9uct8Ggnb5k5g==/18344251998266291.jpg","tns":[],"pic_str":"18344251998266291","pic":18344251998266291},"dt":225933,"h":{"br":320000,"fid":0,"size":9038411,"vd":-1.98},"m":{"br":160000,"fid":0,"size":4519228,"vd":-1.55},"l":{"br":96000,"fid":0,"size":2711555,"vd":-1.56},"a":null,"cd":"1","no":1,"rtUrl":null,"ftype":0,"rtUrls":[],"djId":0,"copyright":1,"s_id":0,"mst":9,"cp":7003,"mv":5483017,"rtype":0,"rurl":null,"publishTime":1491494400007},{"name":"好好爱个女孩","id":464647443,"pst":0,"t":0,"ar":[{"id":6454,"name":"张信哲","tns":[],"alias":[]}],"alia":[],"pop":95.0,"st":0,"rt":null,"fee":8,"v":15,"crbt":null,"cf":"","al":{"id":74972359,"name":"拥恒","picUrl":"http://p2.music.126.net/uTnzlYwcrwjZo9gGe2Eq1A==/109951163745353666.jpg","tns":[],"pic_str":"109951163745353666","pic":109951163745353666},"dt":255665,"h":{"br":320000,"fid":0,"size":10229595,"vd":-2.0},"m":{"br":192000,"fid":0,"size":6137774,"vd":-2.0},"l":{"br":128000,"fid":0,"size":4091864,"vd":2.0},"a":null,"cd":"01","no":1,"rtUrl":null,"ftype":0,"rtUrls":[],"djId":0,"copyright":2,"s_id":0,"mst":9,"cp":0,"mv":5473030,"rtype":0,"rurl":null,"publishTime":1526745600007},{"name":"Running Girls","id":474567346,"pst":0,"t":0,"ar":[{"id":12389053,"name":"1n1 Sisters","tns":[],"alias":[]}],"alia":[],"pop":20.0,"st":0,"rt":null,"fee":0,"v":4,"crbt":null,"cf":"","al":{"id":35430065,"name":"Running Girls","picUrl":"http://p2.music.126.net/E3rWEIPV-2rw0_ORtMiR-Q==/19240353974550184.jpg","tns":[],"pic_str":"19240353974550184","pic":19240353974550184},"dt":246201,"h":{"br":320000,"fid":0,"size":9858656,"vd":-2.65076E-4},"m":{"br":160000,"fid":0,"size":4929351,"vd":-2.65076E-4},"l":{"br":96000,"fid":0,"size":2957628,"vd":-2.65076E-4},"a":null,"cd":"1","no":1,"rtUrl":null,"ftype":0,"rtUrls":[],"djId":0,"copyright":1,"s_id":0,"mst":9,"cp":453011,"mv":0,"rtype":0,"rurl":null,"publishTime":1492963200007},{"name":"故意不爱你","id":454438905,"pst":0,"t":0,"ar":[{"id":8334,"name":"刘惜君","tns":[],"alias":[]}],"alia":[" 电视剧《不得不爱》主题曲"],"pop":85.0,"st":0,"rt":null,"fee":8,"v":4,"crbt":null,"cf":"","al":{"id":35139047,"name":"故意不爱你","picUrl":"http://p2.music.126.net/oxyIulZnQlm9TRq9pooDFQ==/18498183627433326.jpg","tns":[],"pic_str":"18498183627433326","pic":18498183627433326},"dt":238302,"h":{"br":320000,"fid":0,"size":9534738,"vd":-1.84},"m":{"br":160000,"fid":0,"size":4767392,"vd":-1.41},"l":{"br":96000,"fid":0,"size":2860453,"vd":-1.43},"a":null,"cd":"1","no":0,"rtUrl":null,"ftype":0,"rtUrls":[],"djId":0,"copyright":0,"s_id":0,"mst":9,"cp":0,"mv":0,"rtype":0,"rurl":null,"publishTime":1484841600007},{"name":"情人自扰","id":464192558,"pst":0,"t":0,"ar":[{"id":3330,"name":"胡鸿钧","tns":[],"alias":[]}],"alia":[],"pop":20.0,"st":0,"rt":null,"fee":0,"v":14,"crbt":null,"cf":"","al":{"id":35256179,"name":"情人自扰","picUrl":"http://p2.music.126.net/T4EQ4VEANpUanyCOfX30mA==/18967675090782037.jpg","tns":[],"pic_str":"18967675090782037","pic":18967675090782037},"dt":199400,"h":{"br":320000,"fid":0,"size":7978885,"vd":-0.93},"m":{"br":160000,"fid":0,"size":3989465,"vd":-0.51},"l":{"br":96000,"fid":0,"size":2393697,"vd":-0.51},"a":null,"cd":"1","no":0,"rtUrl":null,"ftype":0,"rtUrls":[],"djId":0,"copyright":0,"s_id":0,"mst":9,"cp":564017,"mv":0,"rtype":0,"rurl":null,"publishTime":1488988800007},{"name":"查无此字","id":456175653,"pst":0,"t":0,"ar":[{"id":4084,"name":"林奕匡","tns":[],"alias":[]}],"alia":[],"pop":100.0,"st":0,"rt":null,"fee":8,"v":36,"crbt":null,"cf":"","al":{"id":35157190,"name":"Songs of Love","picUrl":"http://p2.music.126.net/2Pbg-oZa_MLcgXIqw2-CwA==/18235400347172010.jpg","tns":[],"pic_str":"18235400347172010","pic":18235400347172010},"dt":196702,"h":{"br":320000,"fid":0,"size":7868125,"vd":0.0},"m":{"br":192000,"fid":0,"size":4720893,"vd":0.0},"l":{"br":128000,"fid":0,"size":3147276,"vd":0.0},"a":null,"cd":"1","no":4,"rtUrl":null,"ftype":0,"rtUrls":[],"djId":0,"copyright":2,"s_id":0,"mst":9,"cp":7001,"mv":5500056,"rtype":0,"rurl":null,"publishTime":1486339200000},{"name":"麻烦你","id":463840563,"pst":0,"t":0,"ar":[{"id":9269,"name":"容祖儿","tns":[],"alias":[]}],"alia":[],"pop":25.0,"st":0,"rt":null,"fee":0,"v":14,"crbt":null,"cf":"","al":{"id":35234681,"name":"麻烦你","picUrl":"http://p2.music.126.net/uEvTiMW59c5IDWGnmYm4qw==/19113910137266664.jpg","tns":[],"pic_str":"19113910137266664","pic":19113910137266664},"dt":223782,"h":{"br":320000,"fid":0,"size":8953774,"vd":0.0281441},"m":{"br":160000,"fid":0,"size":4476910,"vd":0.0},"l":{"br":96000,"fid":0,"size":2686164,"vd":-2.65076E-4},"a":null,"cd":"1","no":0,"rtUrl":null,"ftype":0,"rtUrls":[],"djId":0,"copyright":0,"s_id":0,"mst":9,"cp":1000,"mv":0,"rtype":0,"rurl":null,"publishTime":1488816000007},{"name":"不意外的意外","id":467320105,"pst":0,"t":0,"ar":[{"id":8665,"name":"连诗雅","tns":[],"alias":[]}],"alia":[],"pop":95.0,"st":0,"rt":null,"fee":8,"v":4,"crbt":null,"cf":"","al":{"id":35280930,"name":"不意外的意外","picUrl":"http://p2.music.126.net/1XSDazlueT8e0V-Mu9lbXA==/18198016951846083.jpg","tns":[],"pic_str":"18198016951846083","pic":18198016951846083},"dt":217051,"h":{"br":320000,"fid":0,"size":8683146,"vd":-3.46},"m":{"br":160000,"fid":0,"size":4341596,"vd":-3.03},"l":{"br":96000,"fid":0,"size":2604975,"vd":-3.07},"a":null,"cd":"1","no":1,"rtUrl":null,"ftype":0,"rtUrls":[],"djId":0,"copyright":1,"s_id":0,"mst":9,"cp":7002,"mv":5471042,"rtype":0,"rurl":null,"publishTime":1490112000007},{"name":"回海上","id":462861546,"pst":0,"t":0,"ar":[{"id":12091129,"name":"孟慧圆","tns":[],"alias":[]}],"alia":[],"pop":60.0,"st":0,"rt":null,"fee":8,"v":9,"crbt":null,"cf":"","al":{"id":35233333,"name":"回海上","picUrl":"http://p2.music.126.net/_09wSqbkvThPWA58u7qmCQ==/18745573743788233.jpg","tns":[],"pic_str":"18745573743788233","pic":18745573743788233},"dt":199650,"h":{"br":320000,"fid":0,"size":7988289,"vd":-2.45},"m":{"br":160000,"fid":0,"size":3994167,"vd":-2.02},"l":{"br":96000,"fid":0,"size":2396518,"vd":-2.01},"a":null,"cd":"1","no":0,"rtUrl":null,"ftype":0,"rtUrls":[],"djId":0,"copyright":0,"s_id":0,"mst":9,"cp":36016,"mv":5454074,"rtype":0,"rurl":null,"publishTime":1488384000007},{"name":"梦","id":468817106,"pst":0,"t":0,"ar":[{"id":784453,"name":"刘思涵","tns":[],"alias":[]}],"alia":["网剧《被催眠的催眠师》主题曲"],"pop":55.0,"st":0,"rt":null,"fee":0,"v":11,"crbt":null,"cf":"","al":{"id":35324030,"name":"梦","picUrl":"http://p2.music.126.net/7d3jxakzXpCB_b4IjrfFdQ==/18723583511260555.jpg","tns":[],"pic_str":"18723583511260555","pic":18723583511260555},"dt":268933,"h":{"br":320000,"fid":0,"size":10760403,"vd":-3.97},"m":{"br":160000,"fid":0,"size":5380224,"vd":-3.53},"l":{"br":96000,"fid":0,"size":3228152,"vd":-3.59},"a":null,"cd":"1","no":0,"rtUrl":null,"ftype":0,"rtUrls":[],"djId":0,"copyright":0,"s_id":0,"mst":9,"cp":490042,"mv":5461211,"rtype":0,"rurl":null,"publishTime":1490716800007},{"name":"追梦的路","id":449578710,"pst":0,"t":0,"ar":[{"id":826174,"name":"NINETYNINE 99乐团","tns":[],"alias":[]}],"alia":[],"pop":35.0,"st":0,"rt":null,"fee":8,"v":8,"crbt":null,"cf":"","al":{"id":35092190,"name":"追梦的路","picUrl":"http://p2.music.126.net/fv31QOaiKR70WS-pnoCqhA==/18786255673843689.jpg","tns":[],"pic_str":"18786255673843689","pic":18786255673843689},"dt":227532,"h":{"br":320000,"fid":0,"size":9104240,"vd":0.352179},"m":{"br":160000,"fid":0,"size":4552143,"vd":0.417294},"l":{"br":96000,"fid":0,"size":2731303,"vd":0.222579},"a":null,"cd":"1","no":0,"rtUrl":null,"ftype":0,"rtUrls":[],"djId":0,"copyright":0,"s_id":0,"mst":9,"cp":22036,"mv":0,"rtype":0,"rurl":null,"publishTime":1482854400007}],"trackIds":[{"id":437608504,"v":3},{"id":469699365,"v":9},{"id":465783766,"v":13},{"id":465973443,"v":6},{"id":474932666,"v":8},{"id":475840671,"v":53},{"id":466257175,"v":5},{"id":472137753,"v":24},{"id":472214046,"v":4},{"id":470563212,"v":15},{"id":464647443,"v":15},{"id":474567346,"v":4},{"id":454438905,"v":4},{"id":464192558,"v":14},{"id":456175653,"v":36},{"id":463840563,"v":14},{"id":467320105,"v":4},{"id":462861546,"v":9},{"id":468817106,"v":11},{"id":449578710,"v":8}],"status":0,"adType":0,"trackNumberUpdateTime":1494841333124,"tags":["榜单"],"subscribedCount":72939,"cloudTrackCount":0,"description":"华语金曲榜","privacy":0,"newImported":false,"coverImgId":19140298416347251,"updateTime":1494841333124,"ordered":true,"highQuality":false,"createTime":1381223783756,"userId":577015,"specialType":0,"trackCount":20,"commentThreadId":"A_PL_0_4395559","trackUpdateTime":1547016657640,"playCount":19552036,"coverImgUrl":"http://p4.music.126.net/N2whh2Prf0l8QHmCpShrcQ==/19140298416347251.jpg","name":"华语金曲榜","id":4395559,"shareCount":200,"coverImgId_str":"19140298416347251","commentCount":445},"code":200,"privileges":[{"id":437608504,"fee":0,"payed":0,"st":0,"pl":320000,"dl":320000,"sp":7,"cp":1,"subp":1,"cs":false,"maxbr":999000,"fl":320000,"toast":false,"flag":128,"preSell":false},{"id":469699365,"fee":0,"payed":0,"st":0,"pl":320000,"dl":320000,"sp":7,"cp":1,"subp":1,"cs":false,"maxbr":999000,"fl":320000,"toast":false,"flag":128,"preSell":false},{"id":465783766,"fee":0,"payed":0,"st":-200,"pl":0,"dl":0,"sp":0,"cp":0,"subp":0,"cs":false,"maxbr":999000,"fl":0,"toast":false,"flag":128,"preSell":false},{"id":465973443,"fee":0,"payed":0,"st":-200,"pl":0,"dl":0,"sp":0,"cp":0,"subp":0,"cs":false,"maxbr":128000,"fl":0,"toast":false,"flag":128,"preSell":false},{"id":474932666,"fee":0,"payed":0,"st":-200,"pl":0,"dl":0,"sp":0,"cp":0,"subp":0,"cs":false,"maxbr":320000,"fl":0,"toast":false,"flag":128,"preSell":false},{"id":475840671,"fee":8,"payed":0,"st":0,"pl":128000,"dl":0,"sp":7,"cp":1,"subp":1,"cs":false,"maxbr":320000,"fl":128000,"toast":false,"flag":130,"preSell":false},{"id":466257175,"fee":8,"payed":0,"st":0,"pl":128000,"dl":0,"sp":7,"cp":1,"subp":1,"cs":false,"maxbr":320000,"fl":128000,"toast":false,"flag":128,"preSell":false},{"id":472137753,"fee":8,"payed":0,"st":0,"pl":128000,"dl":0,"sp":7,"cp":1,"subp":1,"cs":false,"maxbr":999000,"fl":128000,"toast":false,"flag":128,"preSell":false},{"id":472214046,"fee":0,"payed":0,"st":0,"pl":320000,"dl":320000,"sp":7,"cp":1,"subp":1,"cs":false,"maxbr":999000,"fl":320000,"toast":false,"flag":128,"preSell":false},{"id":470563212,"fee":8,"payed":0,"st":0,"pl":128000,"dl":0,"sp":7,"cp":1,"subp":1,"cs":false,"maxbr":320000,"fl":128000,"toast":false,"flag":132,"preSell":false},{"id":464647443,"fee":8,"payed":0,"st":0,"pl":128000,"dl":0,"sp":7,"cp":1,"subp":1,"cs":false,"maxbr":999000,"fl":128000,"toast":false,"flag":4,"preSell":false},{"id":474567346,"fee":0,"payed":0,"st":0,"pl":320000,"dl":320000,"sp":7,"cp":1,"subp":1,"cs":false,"maxbr":320000,"fl":320000,"toast":false,"flag":128,"preSell":false},{"id":454438905,"fee":8,"payed":0,"st":0,"pl":128000,"dl":0,"sp":7,"cp":1,"subp":1,"cs":false,"maxbr":999000,"fl":128000,"toast":false,"flag":0,"preSell":false},{"id":464192558,"fee":0,"payed":0,"st":-200,"pl":0,"dl":0,"sp":0,"cp":0,"subp":0,"cs":false,"maxbr":999000,"fl":0,"toast":false,"flag":128,"preSell":false},{"id":456175653,"fee":8,"payed":0,"st":0,"pl":128000,"dl":0,"sp":7,"cp":1,"subp":1,"cs":false,"maxbr":320000,"fl":128000,"toast":false,"flag":4,"preSell":false},{"id":463840563,"fee":0,"payed":0,"st":-200,"pl":0,"dl":0,"sp":0,"cp":0,"subp":0,"cs":false,"maxbr":999000,"fl":0,"toast":false,"flag":128,"preSell":false},{"id":467320105,"fee":8,"payed":0,"st":0,"pl":128000,"dl":0,"sp":7,"cp":1,"subp":1,"cs":false,"maxbr":320000,"fl":128000,"toast":false,"flag":128,"preSell":false},{"id":462861546,"fee":8,"payed":0,"st":0,"pl":128000,"dl":0,"sp":7,"cp":1,"subp":1,"cs":false,"maxbr":999000,"fl":128000,"toast":false,"flag":128,"preSell":false},{"id":468817106,"fee":0,"payed":0,"st":0,"pl":320000,"dl":320000,"sp":7,"cp":1,"subp":1,"cs":false,"maxbr":999000,"fl":320000,"toast":false,"flag":128,"preSell":false},{"id":449578710,"fee":8,"payed":0,"st":0,"pl":128000,"dl":0,"sp":7,"cp":1,"subp":1,"cs":false,"maxbr":999000,"fl":128000,"toast":false,"flag":0,"preSell":false}]}