{"playlist":{"subscribers":[],"subscribed":false,"creator":{"defaultAvatar":false,"province":440000,"authStatus":1,"followed":false,"avatarUrl":"http://p1.music.126.net/ps6WTvt1FnbOoYvUPDdzOA==/3394192433248383.jpg","accountStatus":0,"gender":2,"city":440100,"birthday":1347033600000,"userId":201586,"userType":4,"nickname":"原创君","signature":"网易云音乐是6亿人都在使用的音乐平台，致力于帮助音乐爱好者发现音乐惊喜，帮助音乐人实现梦想。\n客服在线时间：9:00 - 22:00，如您在使用过程中遇到任何问题，欢迎私信咨询，我们会尽快回复。\n如果仍然不能解决您的问题，请邮件我们：\n用户：ncm5990@163.com\n音乐人：yyr599@163.com","description":"","detailDescription":"","avatarImgId":3394192433248383,"backgroundImgId":109951163521987363,"backgroundUrl":"http://p1.music.126.net/6WOd8M2uPlfuu9TCiBCSMw==/109951163521987363.jpg","authority":0,"mutual":false,"expertTags":null,"experts":null,"djStatus":0,"vipType":11,"remarkName":null,"avatarImgIdStr":"3394192433248383","backgroundImgIdStr":"109951163521987363"},"tracks":[{"name":"Open It Up","id":1339066481,"pst":0,"t":0,"ar":[{"id":12002201,"name":"Higher Brothers","tns":[],"alias":[]}],"alia":[],"pop":100.0,"st":0,"rt":"","fee":8,"v":5,"crbt":null,"cf":"","al":{"id":75153240,"name":"Open It Up","picUrl":"http://p2.music.126.net/f_aabj4t1UUNFWRAbGNcig==/109951163788218279.jpg","tns":[],"pic_str":"109951163788218279","pic":109951163788218279},"dt":275862,"h":{"br":320000,"fid":0,"size":11037301,"vd":-2.0},"m":{"br":192000,"fid":0,"size":6622398,"vd":-2.0},"l":{"br":128000,"fid":0,"size":4414946,"vd":-1.0},"a":null,"cd":"01","no":1,"rtUrl":null,"ftype":0,"rtUrls":[],"djId":0,"copyright":1,"s_id":0,"mst":9,"cp":722012,"mv":10850120,"rtype":0,"rurl":null,"publishTime":1547481600007},{"name":"寂寞苍穹","id":1341066097,"pst":0,"t":0,"ar":[{"id":1083049,"name":"夏小虎","tns":[],"alias":[]}],"alia":[],"pop":100.0,"st":0,"rt":null,"fee":8,"v":6,"crbt":null,"cf":"","al":{"id":75252338,"name":"寂寞苍穹","picUrl":"http://p2.music.126.net/IIjPRLT6XJxXpUqIuRJFAw==/109951163806516253.jpg","tns":[],"pic_str":"109951163806516253","pic":109951163806516253},"dt":254328,"h":{"br":320000,"fid":0,"size":10176305,"vd":-1.0},"m":{"br":192000,"fid":0,"size":6105800,"vd":-1.0},"l":{"br":128000,"fid":0,"size":4070548,"vd":-1.0},"a":null,"cd":"","no":1,"rtUrl":null,"ftype":0,"rtUrls":[],"djId":0,"copyright":0,"s_id":0,"mst":9,"cp":0,"mv":0,"rtype":0,"rurl":null,"publishTime":1547981809234},{"name":"逆行","id":1340379091,"pst":0,"t":0,"ar":[{"id":1039750,"name":"李智","tns":[],"alias":[]}],"alia":[],"pop":100.0,"st":0,"rt":null,"fee":8,"v":7,"crbt":null,"cf":"","al":{"id":75210746,"name":"逆行","picUrl":"http://p2.music.126.net/N0xQ5D7pyqUNDKa-3StzGg==/109951163800021081.jpg","tns":[],"pic_str":"109951163800021081","pic":109951163800021081},"dt":245388,"h":{"br":320000,"fid":0,"size":9817905,"vd":-2.0},"m":{"br":192000,"fid":0,"size":5890760,"vd":-2.0},"l":{"br":128000,"fid":0,"size":3927188,"vd":-2.0},"a":null,"cd":"","no":1,"rtUrl":null,"ftype":0,"rtUrls":[],"djId":0,"copyright":0,"s_id":0,"mst":9,"cp":0,"mv":0,"rtype":0,"rurl":null,"publishTime":1547706661814},{"name":"再看你一眼","id":1340960196,"pst":0,"t":0,"ar":[{"id":13132047,"name":"吴文青树vs9000岁乐队","tns":[],"alias":[]}],"alia":[],"pop":100.0,"st":0,"rt":null,"fee":8,"v":27,"crbt":null,"cf":"","al":{"id":75246263,"name":"再看你一眼","picUrl":"http://p2.music.126.net/LQM2oWKe_3bsl84WKTXbSw==/109951163805379078.jpg","tns":[],"pic_str":"109951163805379078","pic":109951163805379078},"dt":284330,"h":{"br":320000,"fid":0,"size":11375848,"vd":-2.0},"m":{"br":192000,"fid":0,"size":6825526,"vd":-2.0},"l":{"br":128000,"fid":0,"size":4550365,"vd":-2.0},"a":null,"cd":"","no":1,"rtUrl":null,"ftype":0,"rtUrls":[],"djId":0,"copyright":0,"s_id":0,"mst":9,"cp":0,"mv":0,"rtype":0,"rurl":null,"publishTime":1547941585804},{"name":"宝贝","id":1336871144,"pst":0,"t":0,"ar":[{"id":1197168,"name":"徐秉龙","tns":[],"alias":[]}],"alia":[],"pop":100.0,"st":0,"rt":null,"fee":8,"v":6,"crbt":null,"cf":"","al":{"id":75016703,"name":"宝贝","picUrl":"http://p2.music.126.net/AFM2wu_5j2hz1rOhCFtw9Q==/109951163783615009.jpg","tns":[],"pic_str":"109951163783615009","pic":109951163783615009},"dt":223027,"h":{"br":320000,"fid":0,"size":8923472,"vd":0.0},"m":{"br":192000,"fid":0,"size":5354101,"vd":0.0},"l":{"br":128000,"fid":0,"size":3569415,"vd":0.0},"a":null,"cd":"","no":1,"rtUrl":null,"ftype":0,"rtUrls":[],"djId":0,"copyright":2,"s_id":0,"mst":9,"cp":0,"mv":0,"rtype":0,"rurl":null,"publishTime":1547308800007},{"name":"行尸走肉","id":1341105431,"pst":0,"t":0,"ar":[{"id":187903,"name":"Mc光光","tns":[],"alias":[]}],"alia":[],"pop":100.0,"st":0,"rt":null,"fee":8,"v":4,"crbt":null,"cf":"","al":{"id":75250745,"name":"行尸走肉","picUrl":"http://p2.music.126.net/LfzMfapO0SEoAIhO8iVfFg==/109951163807133647.jpg","tns":[],"pic_str":"109951163807133647","pic":109951163807133647},"dt":229000,"h":{"br":320000,"fid":0,"size":9162754,"vd":518.0},"m":{"br":192000,"fid":0,"size":5497670,"vd":2623.0},"l":{"br":128000,"fid":0,"size":3665128,"vd":4538.0},"a":null,"cd":"","no":1,"rtUrl":null,"ftype":0,"rtUrls":[],"djId":0,"copyright":0,"s_id":0,"mst":9,"cp":0,"mv":0,"rtype":0,"rurl":null,"publishTime":1547998673428},{"name":"玫瑰往事","id":1340627237,"pst":0,"t":0,"ar":[{"id":13104057,"name":"昨夜派对（L.N Party）","tns":[],"alias":[]}],"alia":[],"pop":95.0,"st":0,"rt":null,"fee":8,"v":7,"crbt":null,"cf":"","al":{"id":75245708,"name":"玫瑰往事","picUrl":"http://p2.music.126.net/7WrsKtcaznZ2mK8gyjBc_Q==/109951163802088100.jpg","tns":[],"pic_str":"109951163802088100","pic":109951163802088100},"dt":355644,"h":{"br":320000,"fid":0,"size":14228419,"vd":1978.0},"m":{"br":192000,"fid":0,"size":8537069,"vd":1010.0},"l":{"br":128000,"fid":0,"size":5691394,"vd":2765.0},"a":null,"cd":"","no":1,"rtUrl":null,"ftype":0,"rtUrls":[],"djId":0,"copyright":0,"s_id":0,"mst":9,"cp":0,"mv":0,"rtype":0,"rurl":null,"publishTime":1547802947449},{"name":"小船","id":1336856283,"pst":0,"t":0,"ar":[{"id":1198010,"name":"暗杠","tns":[],"alias":[]}],"alia":[],"pop":100.0,"st":0,"rt":null,"fee":8,"v":8,"crbt":null,"cf":"","al":{"id":75016761,"name":"小船","picUrl":"http://p2.music.126.net/-fZYblOOUrbBHpuzFauIvw==/109951163796331469.jpg","tns":[],"pic_str":"109951163796331469","pic":109951163796331469},"dt":185753,"h":{"br":320000,"fid":0,"size":7432403,"vd":-1.0},"m":{"br":192000,"fid":0,"size":4459459,"vd":-1.0},"l":{"br":128000,"fid":0,"size":2972987,"vd":0.0},"a":null,"cd":"","no":1,"rtUrl":null,"ftype":0,"rtUrls":[],"djId":0,"copyright":2,"s_id":0,"mst":9,"cp":0,"mv":0,"rtype":0,"rurl":null,"publishTime":1547568000007},{"name":"哎...","id":1340166076,"pst":0,"t":0,"ar":[{"id":12264255,"name":"代鑫","tns":[],"alias":[]},{"id":12092315,"name":"叶凡Danni","tns":[],"alias":[]}],"alia":[],"pop":100.0,"st":0,"rt":null,"fee":8,"v":7,"crbt":null,"cf":"","al":{"id":75184347,"name":"哎...","picUrl":"http://p2.music.126.net/3-Od_BRmfThjLtccmbSaIg==/109951163798229136.jpg","tns":[],"pic_str":"109951163798229136","pic":109951163798229136},"dt":231406,"h":{"br":320000,"fid":0,"size":9258885,"vd":0.0},"m":{"br":192000,"fid":0,"size":5555348,"vd":0.0},"l":{"br":128000,"fid":0,"size":3703580,"vd":0.0},"a":null,"cd":"","no":1,"rtUrl":null,"ftype":0,"rtUrls":[],"djId":0,"copyright":0,"s_id":0,"mst":9,"cp":0,"mv":0,"rtype":0,"rurl":null,"publishTime":1547621028087},{"name":"温火","id":1341147314,"pst":0,"t":0,"ar":[{"id":1146112,"name":"曾婕Joey.Z","tns":[],"alias":[]}],"alia":[],"pop":95.0,"st":0,"rt":"","fee":8,"v":3,"crbt":null,"cf":"","al":{"id":73467988,"name":"给我你的爱","picUrl":"http://p2.music.126.net/asfcyZjXJ0xvkYdtijfAyA==/109951163590525339.jpg","tns":[],"pic_str":"109951163590525339","pic":109951163590525339},"dt":228352,"h":{"br":320000,"fid":0,"size":9136631,"vd":-1.0},"m":{"br":192000,"fid":0,"size":5481996,"vd":-1.0},"l":{"br":128000,"fid":0,"size":3654679,"vd":0.0},"a":null,"cd":"01","no":3,"rtUrl":null,"ftype":0,"rtUrls":[],"djId":0,"copyright":0,"s_id":0,"mst":9,"cp":748010,"mv":0,"rtype":0,"rurl":null,"publishTime":0},{"name":"写给黄淮","id":1334295185,"pst":0,"t":0,"ar":[{"id":29392693,"name":"解忧邵帅","tns":[],"alias":[]}],"alia":[],"pop":100.0,"st":0,"rt":null,"fee":8,"v":10,"crbt":null,"cf":"","al":{"id":74935701,"name":"写给黄淮","picUrl":"http://p2.music.126.net/CG8hLG4To_TZum0rIGk7WA==/109951163764772334.jpg","tns":[],"pic_str":"109951163764772334","pic":109951163764772334},"dt":241848,"h":{"br":320000,"fid":0,"size":9676844,"vd":-2.0},"m":{"br":192000,"fid":0,"size":5806124,"vd":-1.0},"l":{"br":128000,"fid":0,"size":3870764,"vd":-1.0},"a":null,"cd":"","no":0,"rtUrl":null,"ftype":0,"rtUrls":[],"djId":0,"copyright":0,"s_id":0,"mst":9,"cp":1372820,"mv":10846238,"rtype":0,"rurl":null,"publishTime":1546444800007},{"name":"时间简史","id":1334297185,"pst":0,"t":0,"ar":[{"id":1050282,"name":"房东的猫","tns":[],"alias":[]},{"id":11318,"name":"晨曦光廊","tns":[],"alias":[]}],"alia":[],"pop":100.0,"st":0,"rt":null,"fee":8,"v":9,"crbt":null,"cf":"","al":{"id":74928688,"name":"时间简史","picUrl":"http://p2.music.126.net/eOwIZxk3uB0ccs4WsUGX4g==/109951163758084767.jpg","tns":[],"pic_str":"109951163758084767","pic":109951163758084767},"dt":464810,"h":{"br":320000,"fid":0,"size":18595048,"vd":-5500.0},"m":{"br":192000,"fid":0,"size":11157046,"vd":-3000.0},"l":{"br":128000,"fid":0,"size":7438045,"vd":-2000.0},"a":null,"cd":"","no":1,"rtUrl":null,"ftype":0,"rtUrls":[],"djId":0,"copyright":0,"s_id":0,"mst":9,"cp":0,"mv":0,"rtype":0,"rurl":null,"publishTime":1546099200007},{"name":"犹豫","id":1325898802,"pst":0,"t":0,"ar":[{"id":13448809,"name":"张宇扬","tns":[],"alias":[]}],"alia":[],"pop":100.0,"st":0,"rt":null,"fee":8,"v":8,"crbt":null,"cf":"","al":{"id":74267298,"name":"犹豫","picUrl":"http://p2.music.126.net/Ju7Vbqo7EV9Stq9GasOSTQ==/109951163689822623.jpg","tns":[],"pic_str":"109951163689822623","pic":109951163689822623},"dt":237692,"h":{"br":320000,"fid":0,"size":9510705,"vd":-14600.0},"m":{"br":192000,"fid":0,"size":5706440,"vd":-11900.0},"l":{"br":128000,"fid":0,"size":3804308,"vd":-10200.0},"a":null,"cd":"01","no":1,"rtUrl":null,"ftype":0,"rtUrls":[],"djId":0,"copyright":0,"s_id":0,"mst":9,"cp":748010,"mv":0,"rtype":0,"rurl":null,"publishTime":1543161600007},{"name":"押韵歌","id":1319854361,"pst":0,"t":0,"ar":[{"id":12002184,"name":"AR（刘夫阳）","tns":[],"alias":[]}],"alia":[],"pop":100.0,"st":0,"rt":null,"fee":8,"v":16,"crbt":null,"cf":"","al":{"id":75122263,"name":"校园寓言故事","picUrl":"http://p2.music.126.net/a3h2ZM94EeFMkuixcKp3FA==/109951163786347288.jpg","tns":[],"pic_str":"109951163786347288","pic":109951163786347288},"dt":249573,"h":{"br":320000,"fid":0,"size":9984044,"vd":-6900.0},"m":{"br":192000,"fid":0,"size":5990444,"vd":-4400.0},"l":{"br":128000,"fid":0,"size":3993644,"vd":-3500.0},"a":null,"cd":"01","no":9,"rtUrl":null,"ftype":0,"rtUrls":[],"djId":0,"copyright":0,"s_id":0,"mst":9,"cp":0,"mv":0,"rtype":0,"rurl":null,"publishTime":1539964800000},{"name":"我原本","id":1341333984,"pst":0,"t":0,"ar":[{"id":12496616,"name":"南游记乐队","tns":[],"alias":[]}],"alia":[],"pop":100.0,"st":0,"rt":null,"fee":8,"v":6,"crbt":null,"cf":"","al":{"id":75271136,"name":"我原本","picUrl":"http://p2.music.126.net/z9BCvfkgPwHlc1frzG1w-w==/109951163809635305.jpg","tns":[],"pic_str":"109951163809635305","pic":109951163809635305},"dt":296447,"h":{"br":320000,"fid":0,"size":11860680,"vd":-1800.0},"m":{"br":192000,"fid":0,"size":7116426,"vd":-2.0},"l":{"br":128000,"fid":0,"size":4744298,"vd":-2.0},"a":null,"cd":"","no":1,"rtUrl":null,"ftype":0,"rtUrls":[],"djId":0,"copyright":0,"s_id":0,"mst":9,"cp":0,"mv":0,"rtype":0,"rurl":null,"publishTime":1548126599629},{"name":"当我21岁时我该对自己说什么","id":1339832392,"pst":0,"t":0,"ar":[{"id":1063104,"name":"黄小岛","tns":[],"alias":[]}],"alia":[],"pop":100.0,"st":0,"rt":null,"fee":8,"v":13,"crbt":null,"cf":"","al":{"id":75151832,"name":"当我21岁时我该对自己说什么","picUrl":"http://p2.music.126.net/x5PgDasS4f42VShGlsypUw==/109951163795522308.jpg","tns":[],"pic_str":"109951163795522308","pic":109951163795522308},"dt":282000,"h":{"br":320000,"fid":0,"size":11282852,"vd":2.0},"m":{"br":192000,"fid":0,"size":6769729,"vd":2.0},"l":{"br":128000,"fid":0,"size":4513167,"vd":2.0},"a":null,"cd":"","no":1,"rtUrl":null,"ftype":0,"rtUrls":[],"djId":0,"copyright":0,"s_id":0,"mst":9,"cp":0,"mv":0,"rtype":0,"rurl":null,"publishTime":1547477970558},{"name":"睡个好觉","id":1340394147,"pst":0,"t":0,"ar":[{"id":1015092,"name":"王胜","tns":[],"alias":[]}],"alia":[],"pop":90.0,"st":0,"rt":null,"fee":8,"v":10,"crbt":null,"cf":"","al":{"id":75210774,"name":"睡个好觉","picUrl":"http://p2.music.126.net/OBH93SYOK74qsQLV3yq2DQ==/109951163800131013.jpg","tns":[],"pic_str":"109951163800131013","pic":109951163800131013},"dt":258378,"h":{"br":320000,"fid":0,"size":10338264,"vd":0.0},"m":{"br":192000,"fid":0,"size":6202976,"vd":0.0},"l":{"br":128000,"fid":0,"size":4135332,"vd":0.0},"a":null,"cd":"","no":1,"rtUrl":null,"ftype":0,"rtUrls":[],"djId":0,"copyright":0,"s_id":0,"mst":9,"cp":0,"mv":0,"rtype":0,"rurl":null,"publishTime":1547740800000},{"name":"新年快乐","id":1340234964,"pst":0,"t":0,"ar":[{"id":12027337,"name":"许任一","tns":[],"alias":[]}],"alia":[],"pop":100.0,"st":0,"rt":null,"fee":8,"v":4,"crbt":null,"cf":"","al":{"id":75210618,"name":"新年快乐","picUrl":"http://p2.music.126.net/k_zD8T10Xb-CHhvN0xiFNg==/109951163799019514.jpg","tns":[],"pic_str":"109951163799019514","pic":109951163799019514},"dt":282894,"h":{"br":320000,"fid":0,"size":11318378,"vd":-12300.0},"m":{"br":192000,"fid":0,"size":6791044,"vd":-9700.0},"l":{"br":128000,"fid":0,"size":4527377,"vd":-8000.0},"a":null,"cd":"","no":1,"rtUrl":null,"ftype":0,"rtUrls":[],"djId":0,"copyright":0,"s_id":0,"mst":9,"cp":0,"mv":0,"rtype":0,"rurl":null,"publishTime":1547654400000},{"name":"常回家看看","id":1341226462,"pst":0,"t":0,"ar":[{"id":12084020,"name":"嘿人李逵Noisemakers","tns":[],"alias":[]},{"id":12552691,"name":"CasperYU","tns":[],"alias":[]}],"alia":[],"pop":85.0,"st":0,"rt":null,"fee":8,"v":27,"crbt":null,"cf":"","al":{"id":75272823,"name":"常回家看看","picUrl":"http://p2.music.126.net/E7hGnVD2yZQbPEEFhEiA0w==/109951163808481267.jpg","tns":[],"pic_str":"109951163808481267","pic":109951163808481267},"dt":185526,"h":{"br":320000,"fid":0,"size":7424044,"vd":-2.0},"m":{"br":192000,"fid":0,"size":4454444,"vd":-2.0},"l":{"br":128000,"fid":0,"size":2969644,"vd":-2.0},"a":null,"cd":"","no":1,"rtUrl":null,"ftype":0,"rtUrls":[],"djId":0,"copyright":0,"s_id":0,"mst":9,"cp":0,"mv":0,"rtype":0,"rurl":null,"publishTime":1548068793333},{"name":"再见北京","id":1340448574,"pst":0,"t":0,"ar":[{"id":12272686,"name":"刘耀东","tns":[],"alias":[]}],"alia":[],"pop":90.0,"st":0,"rt":null,"fee":8,"v":29,"crbt":null,"cf":"","al":{"id":75208845,"name":"再见北京","picUrl":"http://p2.music.126.net/rRB8dZOaMWo76SGGPtvdUw==/109951163800792791.jpg","tns":[],"pic_str":"109951163800792791","pic":109951163800792791},"dt":283622,"h":{"br":320000,"fid":0,"size":11347636,"vd":-13800.0},"m":{"br":192000,"fid":0,"size":6808599,"vd":-11100.0},"l":{"br":128000,"fid":0,"size":4539080,"vd":-9300.0},"a":null,"cd":"","no":1,"rtUrl":null,"ftype":0,"rtUrls":[],"djId":0,"copyright":0,"s_id":0,"mst":9,"cp":0,"mv":0,"rtype":0,"rurl":null,"publishTime":1547740800000},{"name":"出山","id":1313354324,"pst":0,"t":0,"ar":[{"id":8103,"name":"花粥","tns":[],"alias":[]},{"id":9808,"name":"王胜男","tns":[],"alias":[]}],"alia":[],"pop":100.0,"st":0,"rt":null,"fee":8,"v":25,"crbt":null,"cf":"","al":{"id":73587275,"name":"粥请客（王胜男）","picUrl":"http://p2.music.126.net/xUAfdMHdXhu3BmO4g8nOYA==/109951163573311341.jpg","tns":[],"pic_str":"109951163573311341","pic":109951163573311341},"dt":200388,"h":{"br":320000,"fid":0,"size":8018591,"vd":-17100.0},"m":{"br":192000,"fid":0,"size":4811172,"vd":-14500.0},"l":{"br":128000,"fid":0,"size":3207462,"vd":-13200.0},"a":null,"cd":"","no":1,"rtUrl":null,"ftype":0,"rtUrls":[],"djId":0,"copyright":2,"s_id":0,"mst":9,"cp":0,"mv":0,"rtype":0,"rurl":null,"publishTime":1538092800000},{"name":"说书人","id":1303019637,"pst":0,"t":0,"ar":[{"id":1198010,"name":"暗杠","tns":[],"alias":[]},{"id":28868804,"name":"寅子","tns":[],"alias":[]}],"alia":[],"pop":100.0,"st":0,"rt":null,"fee":8,"v":6,"crbt":null,"cf":"","al":{"id":72385845,"name":"说书人","picUrl":"http://p2.music.126.net/X9-wFEy1DfWOx5R2iCXqIg==/109951163509761545.jpg","tns":[],"pic_str":"109951163509761545","pic":109951163509761545},"dt":179200,"h":{"br":320000,"fid":0,"size":7170133,"vd":-1.0},"m":{"br":192000,"fid":0,"size":4302097,"vd":-1.0},"l":{"br":128000,"fid":0,"size":2868079,"vd":-1.0},"a":null,"cd":"","no":1,"rtUrl":null,"ftype":0,"rtUrls":[],"djId":0,"copyright":1,"s_id":0,"mst":9,"cp":0,"mv":10770032,"rtype":0,"rurl":null,"publishTime":1535040000007},{"name":"就当他没来过","id":1337205804,"pst":0,"t":0,"ar":[{"id":12077204,"name":"陈壹千","tns":[],"alias":[]}],"alia":[],"pop":100.0,"st":0,"rt":null,"fee":8,"v":9,"crbt":null,"cf":"","al":{"id":75024758,"name":"就当他没来过","picUrl":"http://p2.music.126.net/7ftAI7noVo6Iyr25PanSew==/109951163811671833.jpg","tns":[],"pic_str":"109951163811671833","pic":109951163811671833},"dt":281690,"h":{"br":320000,"fid":0,"size":11270313,"vd":-1.0},"m":{"br":192000,"fid":0,"size":6762205,"vd":-1.0},"l":{"br":128000,"fid":0,"size":4508151,"vd":-1.0},"a":null,"cd":"","no":1,"rtUrl":null,"ftype":0,"rtUrls":[],"djId":0,"copyright":0,"s_id":0,"mst":9,"cp":0,"mv":0,"rtype":0,"rurl":null,"publishTime":1546579938889},{"name":"我不是你的宋冬野","id":1333150792,"pst":0,"t":0,"ar":[{"id":12003125,"name":"林啟得","tns":[],"alias":[]}],"alia":[],"pop":100.0,"st":0,"rt":null,"fee":8,"v":27,"crbt":null,"cf":"","al":{"id":74829281,"name":"我不是你的宋冬野","picUrl":"http://p2.music.126.net/oAzB_4mk--RO92c0A6Y8lg==/109951163723407532.jpg","tns":[],"pic_str":"109951163723407532","pic":109951163723407532},"dt":240000,"h":{"br":320000,"fid":0,"size":9602656,"vd":-2.0},"m":{"br":192000,"fid":0,"size":5761611,"vd":0.0},"l":{"br":128000,"fid":0,"size":3841088,"vd":505.0},"a":null,"cd":"","no":1,"rtUrl":null,"ftype":0,"rtUrls":[],"djId":0,"copyright":0,"s_id":0,"mst":9,"cp":0,"mv":0,"rtype":0,"rurl":null,"publishTime":1544680036580},{"name":"有人","id":1297750769,"pst":0,"t":0,"ar":[{"id":1032247,"name":"赵钶","tns":[],"alias":[]}],"alia":[],"pop":100.0,"st":0,"rt":null,"fee":8,"v":13,"crbt":null,"cf":"","al":{"id":72070880,"name":"有人","picUrl":"http://p2.music.126.net/Q14TNDAXb8DnXTl08wZD7Q==/109951163440240805.jpg","tns":[],"pic_str":"109951163440240805","pic":109951163440240805},"dt":254085,"h":{"br":320000,"fid":0,"size":10165856,"vd":-2.0},"m":{"br":192000,"fid":0,"size":6099531,"vd":-1.0},"l":{"br":128000,"fid":0,"size":4066368,"vd":-1.0},"a":null,"cd":"","no":1,"rtUrl":null,"ftype":0,"rtUrls":[],"djId":0,"copyright":2,"s_id":0,"mst":9,"cp":760012,"mv":0,"rtype":0,"rurl":null,"publishTime":1533225600007},{"name":"喜新恋旧","id":1325711347,"pst":0,"t":0,"ar":[{"id":784257,"name":"Jony J","tns":[],"alias":[]}],"alia":[],"pop":100.0,"st":0,"rt":null,"fee":8,"v":6,"crbt":null,"cf":"","al":{"id":74266126,"name":"喜新恋旧","picUrl":"http://p2.music.126.net/78Nt_AEGTm7-Nk7EXTOiVg==/109951163678373297.jpg","tns":[],"pic_str":"109951163678373297","pic":109951163678373297},"dt":262958,"h":{"br":320000,"fid":0,"size":10521121,"vd":-2.0},"m":{"br":192000,"fid":0,"size":6312690,"vd":-2.0},"l":{"br":128000,"fid":0,"size":4208475,"vd":-2.0},"a":null,"cd":"","no":5,"rtUrl":null,"ftype":0,"rtUrls":[],"djId":0,"copyright":0,"s_id":0,"mst":9,"cp":0,"mv":10808706,"rtype":0,"rurl":null,"publishTime":1543248000007},{"name":"活该","id":1313107233,"pst":0,"t":0,"ar":[{"id":12094099,"name":"徐真真","tns":[],"alias":[]},{"id":8103,"name":"花粥","tns":[],"alias":[]}],"alia":[],"pop":100.0,"st":0,"rt":null,"fee":8,"v":2,"crbt":null,"cf":"","al":{"id":73472962,"name":"活该","picUrl":"http://p2.music.126.net/w9eFcvd6oq6Xxk-00UYKHg==/109951163573482907.jpg","tns":[],"pic_str":"109951163573482907","pic":109951163573482907},"dt":169949,"h":{"br":320000,"fid":0,"size":6800240,"vd":0.8063},"m":{"br":192000,"fid":0,"size":4080161,"vd":0.7273},"l":{"br":128000,"fid":0,"size":2720122,"vd":0.5061},"a":null,"cd":"","no":0,"rtUrl":null,"ftype":0,"rtUrls":[],"djId":0,"copyright":0,"s_id":0,"mst":9,"cp":530019,"mv":0,"rtype":0,"rurl":null,"publishTime":1538150400007},{"name":"平凡的你我","id":1334296172,"pst":0,"t":0,"ar":[{"id":13609637,"name":"马良","tns":[],"alias":[]}],"alia":[],"pop":100.0,"st":0,"rt":null,"fee":8,"v":6,"crbt":null,"cf":"","al":{"id":74937696,"name":"平凡的你我","picUrl":"http://p2.music.126.net/jcNZndJyZJNhTn16sif6dA==/109951163755198254.jpg","tns":[],"pic_str":"109951163755198254","pic":109951163755198254},"dt":239996,"h":{"br":320000,"fid":0,"size":9602656,"vd":-29700.0},"m":{"br":192000,"fid":0,"size":5761611,"vd":-27100.0},"l":{"br":128000,"fid":0,"size":3841088,"vd":-25300.0},"a":null,"cd":"","no":1,"rtUrl":null,"ftype":0,"rtUrls":[],"djId":0,"copyright":0,"s_id":0,"mst":9,"cp":0,"mv":10843386,"rtype":0,"rurl":null,"publishTime":1546099200007},{"name":"你那边还好吗","id":1328021954,"pst":0,"t":0,"ar":[{"id":1021328,"name":"李子阳","tns":[],"alias":[]}],"alia":[],"pop":100.0,"st":0,"rt":null,"fee":8,"v":24,"crbt":null,"cf":"","al":{"id":74390986,"name":"你那边还好吗","picUrl":"http://p2.music.126.net/NCaWGf4-7coXMsJIfDEisg==/109951163683942488.jpg","tns":[],"pic_str":"109951163683942488","pic":109951163683942488},"dt":303880,"h":{"br":320000,"fid":0,"size":12157431,"vd":-16900.0},"m":{"br":192000,"fid":0,"size":7294476,"vd":-14400.0},"l":{"br":128000,"fid":0,"size":4862999,"vd":-12500.0},"a":null,"cd":"","no":1,"rtUrl":null,"ftype":0,"rtUrls":[],"djId":0,"copyright":0,"s_id":0,"mst":9,"cp":0,"mv":0,"rtype":0,"rurl":null,"publishTime":1542975149169},{"name":"你还在忧愁什么呢","id":1324447466,"pst":0,"t":0,"ar":[{"id":8103,"name":"花粥","tns":[],"alias":[]},{"id":12127372,"name":"厘小白","tns":[],"alias":[]}],"alia":[],"pop":100.0,"st":0,"rt":null,"fee":8,"v":16,"crbt":null,"cf":"","al":{"id":74306483,"name":"粥请客（厘小白）","picUrl":"http://p2.music.126.net/tG2WPESxhyIX3fBaSt3hbQ==/109951163658916193.jpg","tns":[],"pic_str":"109951163658916193","pic":109951163658916193},"dt":194025,"h":{"br":320000,"fid":0,"size":7763636,"vd":-2.0},"m":{"br":192000,"fid":0,"size":4658199,"vd":-2.0},"l":{"br":128000,"fid":0,"size":3105480,"vd":-2.0},"a":null,"cd":"","no":1,"rtUrl":null,"ftype":0,"rtUrls":[],"djId":0,"copyright":2,"s_id":0,"mst":9,"cp":0,"mv":0,"rtype":0,"rurl":null,"publishTime":1541865600000},{"name":"零距离","id":1340651974,"pst":0,"t":0,"ar":[{"id":12271965,"name":"Sand","tns":[],"alias":[]}],"alia":[],"pop":95.0,"st":0,"rt":null,"fee":8,"v":21,"crbt":null,"cf":"","al":{"id":75246718,"name":"零距离","picUrl":"http://p2.music.126.net/zH8vWFcg0KC24BlsZRs88Q==/109951163802460261.jpg","tns":[],"pic_str":"109951163802460261","pic":109951163802460261},"dt":229000,"h":{"br":320000,"fid":0,"size":9162754,"vd":-19700.0},"m":{"br":192000,"fid":0,"size":5497670,"vd":-17300.0},"l":{"br":128000,"fid":0,"size":3665128,"vd":-15900.0},"a":null,"cd":"","no":1,"rtUrl":null,"ftype":0,"rtUrls":[],"djId":0,"copyright":2,"s_id":0,"mst":9,"cp":0,"mv":0,"rtype":0,"rurl":null,"publishTime":1547816006785},{"name":"很高兴认识你","id":1318571230,"pst":0,"t":0,"ar":[{"id":11257,"name":"C-BLOCK","tns":[],"alias":[]}],"alia":[],"pop":100.0,"st":0,"rt":null,"fee":8,"v":13,"crbt":null,"cf":"","al":{"id":73957672,"name":"很高兴认识你","picUrl":"http://p2.music.126.net/UU09arK_fRlyWVdh2znikA==/109951163610766464.jpg","tns":[],"pic_str":"109951163610766464","pic":109951163610766464},"dt":232000,"h":{"br":320000,"fid":0,"size":9282917,"vd":-1.0},"m":{"br":192000,"fid":0,"size":5569768,"vd":0.0},"l":{"br":128000,"fid":0,"size":3713193,"vd":0.0},"a":null,"cd":"","no":0,"rtUrl":null,"ftype":0,"rtUrls":[],"djId":0,"copyright":0,"s_id":0,"mst":9,"cp":0,"mv":10814061,"rtype":0,"rurl":null,"publishTime":1539964800007},{"name":"我抬头一看满街都是单身的狗","id":1319225007,"pst":0,"t":0,"ar":[{"id":8103,"name":"花粥","tns":[],"alias":[]}],"alia":[],"pop":100.0,"st":0,"rt":null,"fee":8,"v":10,"crbt":null,"cf":"","al":{"id":73966611,"name":"2018（注意保暖）","picUrl":"http://p2.music.126.net/fB6M_CgSRkeUzIEni6ENzw==/109951163615459621.jpg","tns":[],"pic_str":"109951163615459621","pic":109951163615459621},"dt":180609,"h":{"br":320000,"fid":0,"size":7226558,"vd":-2.0},"m":{"br":192000,"fid":0,"size":4335952,"vd":1513.0},"l":{"br":128000,"fid":0,"size":2890649,"vd":0.0},"a":null,"cd":"","no":1,"rtUrl":null,"ftype":0,"rtUrls":[],"djId":0,"copyright":0,"s_id":0,"mst":9,"cp":0,"mv":0,"rtype":0,"rurl":null,"publishTime":1540052291486},{"name":"比你更爱我的人","id":1321518222,"pst":0,"t":0,"ar":[{"id":12077204,"name":"陈壹千","tns":[],"alias":[]}],"alia":[],"pop":100.0,"st":0,"rt":null,"fee":8,"v":12,"crbt":null,"cf":"","al":{"id":74127508,"name":"比你更爱我的人","picUrl":"http://p2.music.126.net/sy41gb7mc5yyVfxUIReLlg==/109951163634446536.jpg","tns":[],"pic_str":"109951163634446536","pic":109951163634446536},"dt":261210,"h":{"br":320000,"fid":0,"size":10451113,"vd":-25200.0},"m":{"br":192000,"fid":0,"size":6270685,"vd":-22700.0},"l":{"br":128000,"fid":0,"size":4180471,"vd":-21000.0},"a":null,"cd":"","no":1,"rtUrl":null,"ftype":0,"rtUrls":[],"djId":0,"copyright":0,"s_id":0,"mst":9,"cp":0,"mv":0,"rtype":0,"rurl":null,"publishTime":1540830749562},{"name":"给妈妈","id":1311347305,"pst":0,"t":0,"ar":[{"id":1050282,"name":"房东的猫","tns":[],"alias":[]}],"alia":["电影《悲伤逆流成河》插曲"],"pop":100.0,"st":0,"rt":null,"fee":0,"v":8,"crbt":null,"cf":"","al":{"id":73467711,"name":"给妈妈","picUrl":"http://p2.music.126.net/kJ2jtxk8KV-kzeXXMH58mQ==/109951163560970830.jpg","tns":[],"pic_str":"109951163560970830","pic":109951163560970830},"dt":262916,"h":{"br":320000,"fid":0,"size":10519031,"vd":0.0},"m":{"br":192000,"fid":0,"size":6311436,"vd":0.0},"l":{"br":128000,"fid":0,"size":4207639,"vd":0.0},"a":null,"cd":"","no":0,"rtUrl":null,"ftype":0,"rtUrls":[],"djId":0,"copyright":0,"s_id":0,"mst":9,"cp":0,"mv":10799236,"rtype":0,"rurl":null,"publishTime":1537632000007},{"name":"对不起","id":1317457541,"pst":0,"t":0,"ar":[{"id":1050465,"name":"Panta.Q","tns":[],"alias":[]},{"id":1030001,"name":"周深","tns":[],"alias":[]}],"alia":[],"pop":100.0,"st":0,"rt":null,"fee":0,"v":5,"crbt":null,"cf":"","al":{"id":73468601,"name":"对不起","picUrl":"http://p2.music.126.net/ocS3bbRu8E6ZtyDrm4WFgg==/109951163606604501.jpg","tns":[],"pic_str":"109951163606604501","pic":109951163606604501},"dt":232551,"h":{"br":320000,"fid":0,"size":9304860,"vd":-2.0},"m":{"br":192000,"fid":0,"size":5582933,"vd":-2.0},"l":{"br":128000,"fid":0,"size":3721970,"vd":-2.0},"a":null,"cd":"","no":0,"rtUrl":null,"ftype":0,"rtUrls":[],"djId":0,"copyright":1,"s_id":0,"mst":9,"cp":0,"mv":10842181,"rtype":0,"rurl":null,"publishTime":1539619200007},{"name":"形容（Demo）","id":1335536425,"pst":0,"t":0,"ar":[{"id":12002248,"name":"沈以诚","tns":[],"alias":[]}],"alia":[],"pop":100.0,"st":0,"rt":null,"fee":0,"v":48,"crbt":null,"cf":"","al":{"id":74981644,"name":"Demo","picUrl":"http://p2.music.126.net/dZUV3_WweSw2wEfftSCj8Q==/109951163747684135.jpg","tns":[],"pic_str":"109951163747684135","pic":109951163747684135},"dt":218984,"h":{"br":320000,"fid":0,"size":8761513,"vd":0.0},"m":{"br":192000,"fid":0,"size":5256925,"vd":0.0},"l":{"br":128000,"fid":0,"size":3504631,"vd":0.0},"a":null,"cd":"","no":1,"rtUrl":null,"ftype":0,"rtUrls":[],"djId":0,"copyright":2,"s_id":0,"mst":9,"cp":0,"mv":0,"rtype":0,"rurl":null,"publishTime":1545725036078},{"name":"在下霍元甲","id":1340001518,"pst":0,"t":0,"ar":[{"id":1211046,"name":"GAI周延","tns":[],"alias":[]}],"alia":["电影《霍元甲之精武天下》宣传曲"],"pop":100.0,"st":0,"rt":null,"fee":0,"v":7,"crbt":null,"cf":"","al":{"id":75137066,"name":"在下霍元甲","picUrl":"http://p2.music.126.net/Dv3h1G9IXysX3GBZ-ldJZA==/109951163801858206.jpg","tns":[],"pic_str":"109951163801858206","pic":109951163801858206},"dt":183900,"h":{"br":320000,"fid":0,"size":7358215,"vd":-2.0},"m":{"br":192000,"fid":0,"size":4414946,"vd":-1.0},"l":{"br":128000,"fid":0,"size":2943312,"vd":-1.0},"a":null,"cd":"1","no":1,"rtUrl":null,"ftype":0,"rtUrls":[],"djId":0,"copyright":0,"s_id":0,"mst":9,"cp":485013,"mv":10851167,"rtype":0,"rurl":null,"publishTime":1547740800000},{"name":"My Man","id":1325896303,"pst":0,"t":0,"ar":[{"id":784257,"name":"Jony J","tns":[],"alias":[]}],"alia":[],"pop":100.0,"st":0,"rt":null,"fee":8,"v":4,"crbt":null,"cf":"","al":{"id":74266126,"name":"喜新恋旧","picUrl":"http://p2.music.126.net/78Nt_AEGTm7-Nk7EXTOiVg==/109951163678373297.jpg","tns":[],"pic_str":"109951163678373297","pic":109951163678373297},"dt":205298,"h":{"br":320000,"fid":0,"size":8215031,"vd":-2.0},"m":{"br":192000,"fid":0,"size":4929036,"vd":-2.0},"l":{"br":128000,"fid":0,"size":3286039,"vd":-2.0},"a":null,"cd":"","no":6,"rtUrl":null,"ftype":0,"rtUrls":[],"djId":0,"copyright":0,"s_id":0,"mst":9,"cp":0,"mv":0,"rtype":0,"rurl":null,"publishTime":1543248000007},{"name":"写了好多事都是关于你 ","id":1325897785,"pst":0,"t":0,"ar":[{"id":1160085,"name":"Fine乐团","tns":[],"alias":[]}],"alia":[],"pop":100.0,"st":0,"rt":null,"fee":8,"v":6,"crbt":null,"cf":"","al":{"id":74267266,"name":"写了好多事都是关于你","picUrl":"http://p2.music.126.net/V505AUo8BE68YiO-pKlXJA==/109951163689299517.jpg","tns":[],"pic_str":"109951163689299517","pic":109951163689299517},"dt":286850,"h":{"br":320000,"fid":0,"size":11477203,"vd":-2.0},"m":{"br":192000,"fid":0,"size":6886339,"vd":-2.0},"l":{"br":128000,"fid":0,"size":4590907,"vd":-2.0},"a":null,"cd":"","no":0,"rtUrl":null,"ftype":0,"rtUrls":[],"djId":0,"copyright":0,"s_id":0,"mst":9,"cp":0,"mv":0,"rtype":0,"rurl":null,"publishTime":1543161600007},{"name":"离开的借口","id":1338146062,"pst":0,"t":0,"ar":[{"id":840134,"name":"刘瑞琦","tns":[],"alias":[]}],"alia":[],"pop":100.0,"st":0,"rt":null,"fee":0,"v":11,"crbt":null,"cf":"","al":{"id":74992263,"name":"离开的借口","picUrl":"http://p2.music.126.net/mvzCineAOurXoRkJTVppAw==/109951163786855043.jpg","tns":[],"pic_str":"109951163786855043","pic":109951163786855043},"dt":282925,"h":{"br":320000,"fid":0,"size":11319423,"vd":0.0},"m":{"br":192000,"fid":0,"size":6791671,"vd":0.0},"l":{"br":128000,"fid":0,"size":4527795,"vd":0.0},"a":null,"cd":"1","no":1,"rtUrl":null,"ftype":0,"rtUrls":[],"djId":0,"copyright":0,"s_id":0,"mst":9,"cp":1416020,"mv":10845082,"rtype":0,"rurl":null,"publishTime":1546876800000},{"name":"不开心就要消你呀","id":1332718235,"pst":0,"t":0,"ar":[{"id":12437,"name":"牛奶咖啡","tns":[],"alias":[]},{"id":12418202,"name":"kiki富妍","tns":[],"alias":[]},{"id":1025016,"name":"Yunomi","tns":[],"alias":[]}],"alia":["《开心消消乐》年度开心进行曲"],"pop":100.0,"st":0,"rt":"","fee":8,"v":20,"crbt":null,"cf":"","al":{"id":74845161,"name":"不开心就要消你呀","picUrl":"http://p2.music.126.net/YOT5pbZ76nM6w66XoK1j-g==/109951163725313296.jpg","tns":[],"pic_str":"109951163725313296","pic":109951163725313296},"dt":197724,"h":{"br":320000,"fid":0,"size":7912011,"vd":-4.0},"m":{"br":192000,"fid":0,"size":4747224,"vd":-4.0},"l":{"br":128000,"fid":0,"size":3164831,"vd":-4.0},"a":null,"cd":"01","no":0,"rtUrl":null,"ftype":0,"rtUrls":[],"djId":0,"copyright":2,"s_id":0,"mst":9,"cp":1413823,"mv":10782661,"rtype":0,"rurl":null,"publishTime":1544976000000},{"name":"都市寻情记","id":1321391025,"pst":0,"t":0,"ar":[{"id":1050364,"name":"Yee","tns":[],"alias":[]}],"alia":[],"pop":100.0,"st":0,"rt":null,"fee":8,"v":2,"crbt":null,"cf":"","al":{"id":74150620,"name":"Y","picUrl":"http://p2.music.126.net/4_6WEE_4lgMIlzgoJCNBtQ==/109951163632970845.jpg","tns":[],"pic_str":"109951163632970845","pic":109951163632970845},"dt":162909,"h":{"br":320000,"fid":0,"size":6519162,"vd":-3400.0},"m":{"br":192000,"fid":0,"size":3911515,"vd":-700.0},"l":{"br":128000,"fid":0,"size":2607691,"vd":-2.0},"a":null,"cd":"","no":5,"rtUrl":null,"ftype":0,"rtUrls":[],"djId":0,"copyright":2,"s_id":0,"mst":9,"cp":0,"mv":0,"rtype":0,"rurl":null,"publishTime":1540828800007},{"name":"皇帝的新衣 (Skr)","id":1296645941,"pst":0,"t":0,"ar":[{"id":12002184,"name":"AR（刘夫阳）","tns":[],"alias":[]}],"alia":[],"pop":100.0,"st":0,"rt":null,"fee":0,"v":5,"crbt":null,"cf":"","al":{"id":71974550,"name":"皇帝的新衣 (Skr)","picUrl":"http://p2.music.126.net/TxwwIjyZxV7XbukRcDoRJA==/109951163426881993.jpg","tns":[],"pic_str":"109951163426881993","pic":109951163426881993},"dt":180055,"h":{"br":320000,"fid":0,"size":7204615,"vd":-1.0},"m":{"br":192000,"fid":0,"size":4322786,"vd":-1.0},"l":{"br":128000,"fid":0,"size":2881872,"vd":-1.0},"a":null,"cd":"","no":1,"rtUrl":null,"ftype":0,"rtUrls":[],"djId":0,"copyright":0,"s_id":0,"mst":9,"cp":0,"mv":0,"rtype":0,"rurl":null,"publishTime":1532534400000},{"name":"这酒馆以后就我一个人来了","id":1299424231,"pst":0,"t":0,"ar":[{"id":1085047,"name":"棱镜","tns":[],"alias":[]}],"alia":[],"pop":100.0,"st":0,"rt":null,"fee":8,"v":21,"crbt":null,"cf":"","al":{"id":73702798,"name":"一次有预谋的初次相遇","picUrl":"http://p2.music.126.net/RfUHXkanpxImcaGqFNWBeA==/109951163598901405.jpg","tns":[],"pic_str":"109951163598901405","pic":109951163598901405},"dt":240476,"h":{"br":320000,"fid":0,"size":9621464,"vd":-600.0},"m":{"br":192000,"fid":0,"size":5772896,"vd":0.0},"l":null,"a":null,"cd":"1","no":2,"rtUrl":null,"ftype":0,"rtUrls":[],"djId":0,"copyright":2,"s_id":0,"mst":9,"cp":1400821,"mv":0,"rtype":0,"rurl":null,"publishTime":1533484800000},{"name":"这是你想要的生活吗","id":1297750680,"pst":0,"t":0,"ar":[{"id":1050282,"name":"房东的猫","tns":[],"alias":[]}],"alia":[],"pop":100.0,"st":0,"rt":null,"fee":8,"v":18,"crbt":null,"cf":"","al":{"id":72072835,"name":"这是你想要的生活吗","picUrl":"http://p2.music.126.net/XFdWXCIzKZPlWR_vJJYvPA==/109951163439964688.jpg","tns":[],"pic_str":"109951163439964688","pic":109951163439964688},"dt":244596,"h":{"br":320000,"fid":0,"size":9786558,"vd":17983.0},"m":{"br":192000,"fid":0,"size":5871952,"vd":15075.0},"l":{"br":128000,"fid":0,"size":3914649,"vd":14738.0},"a":null,"cd":"","no":1,"rtUrl":null,"ftype":0,"rtUrls":[],"djId":0,"copyright":2,"s_id":0,"mst":9,"cp":1384819,"mv":10751099,"rtype":0,"rurl":null,"publishTime":1533312000007},{"name":"纯粹","id":1321382274,"pst":0,"t":0,"ar":[{"id":12037181,"name":"徐海俏","tns":[],"alias":[]}],"alia":[],"pop":100.0,"st":0,"rt":null,"fee":8,"v":4,"crbt":null,"cf":"","al":{"id":74150715,"name":"纯粹","picUrl":"http://p2.music.126.net/NvLtgKdJO8OVSzrMzHzsVQ==/109951163635541730.jpg","tns":[],"pic_str":"109951163635541730","pic":109951163635541730},"dt":240453,"h":{"br":320000,"fid":0,"size":9620419,"vd":-15400.0},"m":{"br":192000,"fid":0,"size":5772269,"vd":-12700.0},"l":{"br":128000,"fid":0,"size":3848194,"vd":-11100.0},"a":null,"cd":"","no":0,"rtUrl":null,"ftype":0,"rtUrls":[],"djId":0,"copyright":0,"s_id":0,"mst":9,"cp":0,"mv":0,"rtype":0,"rurl":null,"publishTime":1540915200007},{"name":"顺平侯","id":1311363493,"pst":0,"t":0,"ar":[{"id":8103,"name":"花粥","tns":[],"alias":[]}],"alia":[],"pop":100.0,"st":0,"rt":null,"fee":8,"v":9,"crbt":null,"cf":"","al":{"id":73397148,"name":"2018（哼）","picUrl":"http://p2.music.126.net/5yK415W0v8TX56vaM1HgEA==/109951163561651681.jpg","tns":[],"pic_str":"109951163561651681","pic":109951163561651681},"dt":181467,"h":{"br":320000,"fid":0,"size":7261040,"vd":0.0},"m":{"br":192000,"fid":0,"size":4356641,"vd":2103.0},"l":{"br":128000,"fid":0,"size":2904442,"vd":3254.0},"a":null,"cd":"","no":1,"rtUrl":null,"ftype":0,"rtUrls":[],"djId":0,"copyright":0,"s_id":0,"mst":9,"cp":0,"mv":0,"rtype":0,"rurl":null,"publishTime":1537401600000},{"name":"总有一天你会出现在我身边","id":1303027499,"pst":0,"t":0,"ar":[{"id":1085047,"name":"棱镜","tns":[],"alias":[]}],"alia":[],"pop":100.0,"st":0,"rt":null,"fee":8,"v":15,"crbt":null,"cf":"","al":{"id":73702798,"name":"一次有预谋的初次相遇","picUrl":"http://p2.music.126.net/RfUHXkanpxImcaGqFNWBeA==/109951163598901405.jpg","tns":[],"pic_str":"109951163598901405","pic":109951163598901405},"dt":270000,"h":{"br":320000,"fid":0,"size":10802199,"vd":-14600.0},"m":{"br":192000,"fid":0,"size":6481337,"vd":-12000.0},"l":null,"a":null,"cd":"1","no":3,"rtUrl":null,"ftype":0,"rtUrls":[],"djId":0,"copyright":2,"s_id":0,"mst":9,"cp":1400821,"mv":0,"rtype":0,"rurl":null,"publishTime":1535212800007},{"name":"ISOLATE","id":1341363654,"pst":0,"t":0,"ar":[{"id":1011192,"name":"黑羊","tns":[],"alias":[]}],"alia":[],"pop":95.0,"st":0,"rt":null,"fee":8,"v":7,"crbt":null,"cf":"","al":{"id":75271204,"name":"ISOLATE","picUrl":"http://p2.music.126.net/ya11j8Iltaa51xPyyIQwrw==/109951163809945529.jpg","tns":[],"pic_str":"109951163809945529","pic":109951163809945529},"dt":149482,"h":{"br":320000,"fid":0,"size":5982085,"vd":-2.0},"m":{"br":192000,"fid":0,"size":3589268,"vd":-2.0},"l":{"br":128000,"fid":0,"size":2392860,"vd":-2.0},"a":null,"cd":"","no":1,"rtUrl":null,"ftype":0,"rtUrls":[],"djId":0,"copyright":0,"s_id":0,"mst":9,"cp":0,"mv":0,"rtype":0,"rurl":null,"publishTime":1548138717643},{"name":"Ti Amo","id":1325898368,"pst":0,"t":0,"ar":[{"id":12127564,"name":"艾福杰尼","tns":[],"alias":[]}],"alia":[],"pop":100.0,"st":0,"rt":null,"fee":8,"v":6,"crbt":null,"cf":"","al":{"id":74267111,"name":"楼兰","picUrl":"http://p2.music.126.net/pTdy0AnxgSwTDK-lXeB3-g==/109951163678538781.jpg","tns":[],"pic_str":"109951163678538781","pic":109951163678538781},"dt":245999,"h":{"br":320000,"fid":0,"size":9842982,"vd":0.0},"m":{"br":192000,"fid":0,"size":5905807,"vd":0.0},"l":{"br":128000,"fid":0,"size":3937219,"vd":0.0},"a":null,"cd":"","no":7,"rtUrl":null,"ftype":0,"rtUrls":[],"djId":0,"copyright":0,"s_id":0,"mst":9,"cp":659011,"mv":0,"rtype":0,"rurl":null,"publishTime":1543939200007},{"name":"摸摸它","id":1304302909,"pst":0,"t":0,"ar":[{"id":8103,"name":"花粥","tns":[],"alias":[]},{"id":12270575,"name":"孟凡明","tns":[],"alias":[]}],"alia":[],"pop":100.0,"st":0,"rt":null,"fee":8,"v":7,"crbt":null,"cf":"","al":{"id":72374170,"name":"粥请客（三）","picUrl":"http://p2.music.126.net/nCyMkjJZeBlLPRaBriVG1Q==/109951163497159572.jpg","tns":[],"pic_str":"109951163497159572","pic":109951163497159572},"dt":252500,"h":{"br":320000,"fid":0,"size":10103162,"vd":0.0},"m":{"br":192000,"fid":0,"size":6061915,"vd":0.0},"l":{"br":128000,"fid":0,"size":4041291,"vd":0.0},"a":null,"cd":"","no":1,"rtUrl":null,"ftype":0,"rtUrls":[],"djId":0,"copyright":2,"s_id":0,"mst":9,"cp":0,"mv":0,"rtype":0,"rurl":null,"publishTime":1534896000000},{"name":"Young For You","id":1304931036,"pst":0,"t":0,"ar":[{"id":11679,"name":"GALA","tns":[],"alias":[]}],"alia":[],"pop":100.0,"st":0,"rt":null,"fee":8,"v":1,"crbt":null,"cf":"","al":{"id":72603624,"name":"2的奉献--GALA爱爱爱新年音乐会Vol.1","picUrl":"http://p2.music.126.net/OO59wy9uDFKjmdmb9h2t6A==/109951163512287703.jpg","tns":[],"pic_str":"109951163512287703","pic":109951163512287703},"dt":231178,"h":{"br":320000,"fid":0,"size":9249480,"vd":-1.0},"m":{"br":192000,"fid":0,"size":5549706,"vd":-1.0},"l":{"br":128000,"fid":0,"size":3699818,"vd":-1.0},"a":null,"cd":"1","no":10,"rtUrl":null,"ftype":0,"rtUrls":[],"djId":0,"copyright":0,"s_id":0,"mst":9,"cp":0,"mv":0,"rtype":0,"rurl":null,"publishTime":1538064000007},{"name":"Just My Type","id":1329734308,"pst":0,"t":0,"ar":[{"id":12110189,"name":"Sihan","tns":[],"alias":[]},{"id":30955084,"name":"Celine Wanyi","tns":[],"alias":[]}],"alia":[],"pop":100.0,"st":0,"rt":null,"fee":8,"v":18,"crbt":null,"cf":"","al":{"id":74675719,"name":"Just My Type","picUrl":"http://p2.music.126.net/98_zy2TliRqO9Dcr_5JUEA==/109951163720498368.jpg","tns":[],"pic_str":"109951163720498368","pic":109951163720498368},"dt":190078,"h":{"br":320000,"fid":0,"size":7605856,"vd":-2.0},"m":{"br":192000,"fid":0,"size":4563531,"vd":-2.0},"l":{"br":128000,"fid":0,"size":3042368,"vd":-1.0},"a":null,"cd":"","no":1,"rtUrl":null,"ftype":0,"rtUrls":[],"djId":0,"copyright":0,"s_id":0,"mst":9,"cp":617010,"mv":0,"rtype":0,"rurl":null,"publishTime":1544544000007},{"name":"不是爱情的枪","id":1336856188,"pst":0,"t":0,"ar":[{"id":12971,"name":"痛仰乐队","tns":[],"alias":[]}],"alia":[],"pop":100.0,"st":0,"rt":null,"fee":8,"v":9,"crbt":null,"cf":"","al":{"id":75019697,"name":"不是爱情的枪","picUrl":"http://p2.music.126.net/vCES1PM2iK-D42I0E50tiw==/109951163782705569.jpg","tns":[],"pic_str":"109951163782705569","pic":109951163782705569},"dt":350208,"h":{"br":320000,"fid":0,"size":14011080,"vd":0.0},"m":{"br":192000,"fid":0,"size":8406666,"vd":0.0},"l":{"br":128000,"fid":0,"size":5604458,"vd":0.0},"a":null,"cd":"","no":1,"rtUrl":null,"ftype":0,"rtUrls":[],"djId":0,"copyright":2,"s_id":0,"mst":9,"cp":0,"mv":0,"rtype":0,"rurl":null,"publishTime":1546963200007},{"name":"一月","id":1334327174,"pst":0,"t":0,"ar":[{"id":3669,"name":"王三溥","tns":[],"alias":[]}],"alia":[],"pop":100.0,"st":0,"rt":null,"fee":8,"v":5,"crbt":null,"cf":"","al":{"id":74928685,"name":"一月","picUrl":"http://p2.music.126.net/2ZVyS4_WptX6XyaSsGFDJw==/109951163755159701.jpg","tns":[],"pic_str":"109951163755159701","pic":109951163755159701},"dt":257100,"h":{"br":320000,"fid":0,"size":10287064,"vd":619.0},"m":{"br":192000,"fid":0,"size":6172256,"vd":2073.0},"l":{"br":128000,"fid":0,"size":4114852,"vd":2239.0},"a":null,"cd":"","no":0,"rtUrl":null,"ftype":0,"rtUrls":[],"djId":0,"copyright":0,"s_id":0,"mst":9,"cp":0,"mv":0,"rtype":0,"rurl":null,"publishTime":1546272000007},{"name":"“End of the world”","id":1298655068,"pst":0,"t":0,"ar":[{"id":12236269,"name":"Trouble.Z","tns":[],"alias":[]},{"id":865007,"name":"法老","tns":[],"alias":[]},{"id":1153005,"name":"situasian张太郎","tns":[],"alias":[]}],"alia":[],"pop":100.0,"st":0,"rt":null,"fee":0,"v":4,"crbt":null,"cf":"","al":{"id":72067319,"name":"End of the world","picUrl":"http://p2.music.126.net/tAoZ1b2JntmPBAaCROTegA==/109951163439540253.jpg","tns":[],"pic_str":"109951163439540253","pic":109951163439540253},"dt":285913,"h":{"br":320000,"fid":0,"size":11439587,"vd":-2.0},"m":{"br":192000,"fid":0,"size":6863769,"vd":-2.0},"l":{"br":128000,"fid":0,"size":4575861,"vd":-2.0},"a":null,"cd":"","no":1,"rtUrl":null,"ftype":0,"rtUrls":[],"djId":0,"copyright":0,"s_id":0,"mst":9,"cp":0,"mv":0,"rtype":0,"rurl":null,"publishTime":1533254400000},{"name":"艺术家","id":1323303739,"pst":0,"t":0,"ar":[{"id":1197168,"name":"徐秉龙","tns":[],"alias":[]}],"alia":[],"pop":100.0,"st":0,"rt":null,"fee":8,"v":4,"crbt":null,"cf":"","al":{"id":74267848,"name":"艺术家","picUrl":"http://p2.music.126.net/nNIMT_h3fxn2zDvVlt_4Fg==/109951163667858142.jpg","tns":[],"pic_str":"109951163667858142","pic":109951163667858142},"dt":238078,"h":{"br":320000,"fid":0,"size":9525333,"vd":-23000.0},"m":{"br":192000,"fid":0,"size":5715217,"vd":-20400.0},"l":{"br":128000,"fid":0,"size":3810159,"vd":-19000.0},"a":null,"cd":"","no":1,"rtUrl":null,"ftype":0,"rtUrls":[],"djId":0,"copyright":0,"s_id":0,"mst":9,"cp":0,"mv":0,"rtype":0,"rurl":null,"publishTime":1542297600007},{"name":"乱世","id":1329750161,"pst":0,"t":0,"ar":[{"id":1008034,"name":"鬼卞","tns":[],"alias":[]}],"alia":[],"pop":100.0,"st":0,"rt":null,"fee":8,"v":5,"crbt":null,"cf":"","al":{"id":74674686,"name":"乱世","picUrl":"http://p2.music.126.net/OqHoCCeiQibY4k_MHiA8VQ==/109951163704197285.jpg","tns":[],"pic_str":"109951163704197285","pic":109951163704197285},"dt":200851,"h":{"br":320000,"fid":0,"size":8036354,"vd":-1.0},"m":{"br":192000,"fid":0,"size":4821830,"vd":0.0},"l":{"br":128000,"fid":0,"size":3214568,"vd":0.0},"a":null,"cd":"","no":0,"rtUrl":null,"ftype":0,"rtUrls":[],"djId":0,"copyright":2,"s_id":0,"mst":9,"cp":0,"mv":0,"rtype":0,"rurl":null,"publishTime":1544198400007},{"name":"得了吧张小姐","id":1329820228,"pst":0,"t":0,"ar":[{"id":1047130,"name":"李想Evelyn","tns":[],"alias":[]}],"alia":[],"pop":100.0,"st":0,"rt":null,"fee":8,"v":11,"crbt":null,"cf":"","al":{"id":74934648,"name":"星星开始坠跌","picUrl":"http://p2.music.126.net/CA7camQMqX4b-aF9_6c2LQ==/109951163745798647.jpg","tns":[],"pic_str":"109951163745798647","pic":109951163745798647},"dt":197261,"h":{"br":320000,"fid":0,"size":7893203,"vd":-22800.0},"m":{"br":192000,"fid":0,"size":4735939,"vd":-20200.0},"l":{"br":128000,"fid":0,"size":3157307,"vd":-18600.0},"a":null,"cd":"","no":1,"rtUrl":null,"ftype":0,"rtUrls":[],"djId":0,"copyright":0,"s_id":0,"mst":9,"cp":0,"mv":0,"rtype":0,"rurl":null,"publishTime":1543507200000},{"name":"醒着醉（新编版）","id":1329745304,"pst":0,"t":0,"ar":[{"id":13609637,"name":"马良","tns":[],"alias":[]}],"alia":[],"pop":100.0,"st":0,"rt":null,"fee":8,"v":6,"crbt":null,"cf":"","al":{"id":74672710,"name":"醒着醉（新编版）","picUrl":"http://p2.music.126.net/xZoPif-wNmsex7VcjBh8Dg==/109951163718230708.jpg","tns":[],"pic_str":"109951163718230708","pic":109951163718230708},"dt":254285,"h":{"br":320000,"fid":0,"size":10174215,"vd":-18400.0},"m":{"br":192000,"fid":0,"size":6104546,"vd":-15700.0},"l":{"br":128000,"fid":0,"size":4069712,"vd":-14000.0},"a":null,"cd":"","no":1,"rtUrl":null,"ftype":0,"rtUrls":[],"djId":0,"copyright":2,"s_id":0,"mst":9,"cp":0,"mv":0,"rtype":0,"rurl":null,"publishTime":1544457600007},{"name":"迷途之中","id":503047809,"pst":0,"t":0,"ar":[{"id":1198113,"name":"李上安","tns":[],"alias":[]}],"alia":[],"pop":100.0,"st":0,"rt":null,"fee":8,"v":27,"crbt":null,"cf":"","al":{"id":71681536,"name":"慢","picUrl":"http://p2.music.126.net/_XrcPAzO50NZoMpk8FSEPw==/109951163385682767.jpg","tns":[],"pic_str":"109951163385682767","pic":109951163385682767},"dt":223500,"h":{"br":320000,"fid":0,"size":8942280,"vd":0.0},"m":{"br":192000,"fid":0,"size":5365386,"vd":0.0},"l":{"br":128000,"fid":0,"size":3576938,"vd":0.0},"a":null,"cd":"1","no":3,"rtUrl":null,"ftype":0,"rtUrls":[],"djId":0,"copyright":2,"s_id":0,"mst":9,"cp":0,"mv":0,"rtype":0,"rurl":null,"publishTime":1534780800007},{"name":"霜降","id":1318877229,"pst":0,"t":0,"ar":[{"id":12174521,"name":"音阙诗听","tns":[],"alias":[]},{"id":12023202,"name":"赵方婧","tns":[],"alias":[]}],"alia":[],"pop":100.0,"st":0,"rt":null,"fee":8,"v":7,"crbt":null,"cf":"","al":{"id":73986667,"name":"霜降","picUrl":"http://p2.music.126.net/OvqpYUwOe3lye4f_YIikEw==/109951163618767758.jpg","tns":[],"pic_str":"109951163618767758","pic":109951163618767758},"dt":167213,"h":{"br":320000,"fid":0,"size":6691570,"vd":-24000.0},"m":{"br":192000,"fid":0,"size":4014960,"vd":-21300.0},"l":null,"a":null,"cd":"","no":1,"rtUrl":null,"ftype":0,"rtUrls":[],"djId":0,"copyright":0,"s_id":0,"mst":9,"cp":733010,"mv":10817056,"rtype":0,"rurl":null,"publishTime":1540224000007},{"name":"你能看到我","id":1297743638,"pst":0,"t":0,"ar":[{"id":12065096,"name":"黄旭","tns":[],"alias":[]},{"id":1203045,"name":"艾热","tns":[],"alias":[]}],"alia":[],"pop":100.0,"st":0,"rt":null,"fee":8,"v":5,"crbt":null,"cf":"","al":{"id":72069827,"name":"你能看到我","picUrl":"http://p2.music.126.net/jsI2rnBaFm4jCOjQ7rnfew==/109951163439689555.jpg","tns":[],"pic_str":"109951163439689555","pic":109951163439689555},"dt":282711,"h":{"br":320000,"fid":0,"size":11311064,"vd":-9200.0},"m":{"br":192000,"fid":0,"size":6786656,"vd":-6600.0},"l":{"br":128000,"fid":0,"size":4524452,"vd":-5000.0},"a":null,"cd":"","no":0,"rtUrl":null,"ftype":0,"rtUrls":[],"djId":0,"copyright":0,"s_id":0,"mst":9,"cp":417014,"mv":0,"rtype":0,"rurl":null,"publishTime":1533312000007},{"name":"即刻启程","id":1319690182,"pst":0,"t":0,"ar":[{"id":7122,"name":"阿肆","tns":[],"alias":[]}],"alia":[],"pop":100.0,"st":0,"rt":null,"fee":0,"v":5,"crbt":null,"cf":"","al":{"id":74031689,"name":"即刻启程","picUrl":"http://p2.music.126.net/E2dK-wAqU7OcbUvekrcahA==/109951163620954556.jpg","tns":[],"pic_str":"109951163620954556","pic":109951163620954556},"dt":231140,"h":{"br":320000,"fid":0,"size":9248436,"vd":-2.0},"m":{"br":192000,"fid":0,"size":5549079,"vd":329.0},"l":null,"a":null,"cd":"","no":0,"rtUrl":null,"ftype":0,"rtUrls":[],"djId":0,"copyright":0,"s_id":0,"mst":9,"cp":1415856,"mv":10825077,"rtype":0,"rurl":null,"publishTime":1540310400007},{"name":"20","id":1297747300,"pst":0,"t":0,"ar":[{"id":1051026,"name":"廖效浓","tns":[],"alias":[]}],"alia":[],"pop":100.0,"st":0,"rt":null,"fee":8,"v":10,"crbt":null,"cf":"","al":{"id":72070730,"name":"廖效浓","picUrl":"http://p2.music.126.net/1LobCJJCiF3rzz7s-ytMCw==/109951163436908363.jpg","tns":[],"pic_str":"109951163436908363","pic":109951163436908363},"dt":246666,"h":{"br":320000,"fid":0,"size":9869105,"vd":0.0},"m":{"br":192000,"fid":0,"size":5921480,"vd":0.0},"l":{"br":128000,"fid":0,"size":3947668,"vd":0.0},"a":null,"cd":"","no":10,"rtUrl":null,"ftype":0,"rtUrls":[],"djId":0,"copyright":0,"s_id":0,"mst":9,"cp":1382822,"mv":0,"rtype":0,"rurl":null,"publishTime":1533571200007},{"name":"十七","id":1340325158,"pst":0,"t":0,"ar":[{"id":1058114,"name":"马融","tns":[],"alias":[]}],"alia":[],"pop":100.0,"st":0,"rt":null,"fee":8,"v":11,"crbt":null,"cf":"","al":{"id":75208687,"name":"十七","picUrl":"http://p2.music.126.net/T9J-lw_I5fPLvFgv4MNCvA==/109951163799668122.jpg","tns":[],"pic_str":"109951163799668122","pic":109951163799668122},"dt":132168,"h":{"br":320000,"fid":0,"size":5289317,"vd":0.0},"m":{"br":192000,"fid":0,"size":3173608,"vd":0.0},"l":{"br":128000,"fid":0,"size":2115753,"vd":0.0},"a":null,"cd":"","no":1,"rtUrl":null,"ftype":0,"rtUrls":[],"djId":0,"copyright":0,"s_id":0,"mst":9,"cp":0,"mv":0,"rtype":0,"rurl":null,"publishTime":1547691522547},{"name":"例外","id":1336559582,"pst":0,"t":0,"ar":[{"id":12205361,"name":"刘莱斯","tns":[],"alias":[]}],"alia":[],"pop":100.0,"st":0,"rt":null,"fee":8,"v":5,"crbt":null,"cf":"","al":{"id":75006776,"name":"例外","picUrl":"http://p2.music.126.net/sKtsJssoqLjifBB25WQdzw==/109951163761288276.jpg","tns":[],"pic_str":"109951163761288276","pic":109951163761288276},"dt":288750,"h":{"br":320000,"fid":0,"size":11552436,"vd":0.0},"m":{"br":192000,"fid":0,"size":6931479,"vd":0.0},"l":{"br":128000,"fid":0,"size":4621000,"vd":0.0},"a":null,"cd":"","no":1,"rtUrl":null,"ftype":0,"rtUrls":[],"djId":0,"copyright":2,"s_id":0,"mst":9,"cp":0,"mv":0,"rtype":0,"rurl":null,"publishTime":1546270462838},{"name":"一个酒馆老板的独白","id":1339065769,"pst":0,"t":0,"ar":[{"id":1158100,"name":"留声玩具","tns":[],"alias":[]}],"alia":[],"pop":100.0,"st":0,"rt":null,"fee":8,"v":8,"crbt":null,"cf":"","al":{"id":75143712,"name":"一个酒馆老板的独白","picUrl":"http://p2.music.126.net/1nHgaIWLoC2RP0cWvocpew==/109951163788300885.jpg","tns":[],"pic_str":"109951163788300885","pic":109951163788300885},"dt":273000,"h":{"br":320000,"fid":0,"size":10922362,"vd":0.0},"m":{"br":192000,"fid":0,"size":6553435,"vd":0.0},"l":{"br":128000,"fid":0,"size":4368971,"vd":0.0},"a":null,"cd":"","no":1,"rtUrl":null,"ftype":0,"rtUrls":[],"djId":0,"copyright":0,"s_id":0,"mst":9,"cp":0,"mv":0,"rtype":0,"rurl":null,"publishTime":1547207695889},{"name":"空","id":1323303004,"pst":0,"t":0,"ar":[{"id":1198010,"name":"暗杠","tns":[],"alias":[]}],"alia":[],"pop":100.0,"st":0,"rt":null,"fee":8,"v":6,"crbt":null,"cf":"","al":{"id":74267945,"name":"空","picUrl":"http://p2.music.126.net/9mICxgRL1iNZqMwl5pYFsg==/109951163669730451.jpg","tns":[],"pic_str":"109951163669730451","pic":109951163669730451},"dt":202285,"h":{"br":320000,"fid":0,"size":8093823,"vd":-26000.0},"m":{"br":192000,"fid":0,"size":4856311,"vd":-23300.0},"l":{"br":128000,"fid":0,"size":3237555,"vd":-21500.0},"a":null,"cd":"","no":0,"rtUrl":null,"ftype":0,"rtUrls":[],"djId":0,"copyright":0,"s_id":0,"mst":9,"cp":0,"mv":0,"rtype":0,"rurl":null,"publishTime":1542384000007},{"name":"梧桐","id":1321446580,"pst":0,"t":0,"ar":[{"id":12083155,"name":"唐映枫","tns":[],"alias":[]},{"id":30482889,"name":"黄楚桐","tns":[],"alias":[]}],"alia":[],"pop":100.0,"st":0,"rt":null,"fee":8,"v":11,"crbt":null,"cf":"","al":{"id":74132937,"name":"梧桐","picUrl":"http://p2.music.126.net/dVhZQP3Z013EaC1sukANaQ==/109951163633504772.jpg","tns":[],"pic_str":"109951163633504772","pic":109951163633504772},"dt":333133,"h":{"br":320000,"fid":0,"size":13327717,"vd":1529.0},"m":{"br":192000,"fid":0,"size":7996648,"vd":3408.0},"l":{"br":128000,"fid":0,"size":5331113,"vd":3048.0},"a":null,"cd":"","no":1,"rtUrl":null,"ftype":0,"rtUrls":[],"djId":0,"copyright":0,"s_id":0,"mst":9,"cp":0,"mv":0,"rtype":0,"rurl":null,"publishTime":1540882800000},{"name":"孤独城市","id":570334125,"pst":0,"t":0,"ar":[{"id":1198113,"name":"李上安","tns":[],"alias":[]}],"alia":[],"pop":100.0,"st":0,"rt":null,"fee":8,"v":28,"crbt":null,"cf":"","al":{"id":71681536,"name":"慢","picUrl":"http://p2.music.126.net/_XrcPAzO50NZoMpk8FSEPw==/109951163385682767.jpg","tns":[],"pic_str":"109951163385682767","pic":109951163385682767},"dt":265650,"h":{"br":320000,"fid":0,"size":10628746,"vd":0.0},"m":{"br":192000,"fid":0,"size":6377265,"vd":0.0},"l":{"br":128000,"fid":0,"size":4251524,"vd":0.0},"a":null,"cd":"1","no":5,"rtUrl":null,"ftype":0,"rtUrls":[],"djId":0,"copyright":1,"s_id":0,"mst":9,"cp":0,"mv":0,"rtype":0,"rurl":null,"publishTime":1534780800007},{"name":"了解(Knowing)","id":1315169726,"pst":0,"t":0,"ar":[{"id":1079074,"name":"余佳运","tns":[],"alias":[]}],"alia":[],"pop":100.0,"st":0,"rt":null,"fee":8,"v":9,"crbt":null,"cf":"","al":{"id":73728303,"name":"了解(Knowing)","picUrl":"http://p2.music.126.net/pyuYQDkbKX_4RNo0Lg567g==/109951163585051227.jpg","tns":[],"pic_str":"109951163585051227","pic":109951163585051227},"dt":216190,"h":{"br":320000,"fid":0,"size":8650754,"vd":0.0},"m":{"br":192000,"fid":0,"size":5190470,"vd":0.0},"l":{"br":128000,"fid":0,"size":3460328,"vd":0.0},"a":null,"cd":"","no":1,"rtUrl":null,"ftype":0,"rtUrls":[],"djId":0,"copyright":0,"s_id":0,"mst":9,"cp":0,"mv":0,"rtype":0,"rurl":null,"publishTime":1538582400000},{"name":"寄不出去的情书","id":1321382163,"pst":0,"t":0,"ar":[{"id":1181775,"name":"翁大涵","tns":[],"alias":[]}],"alia":[],"pop":100.0,"st":0,"rt":null,"fee":8,"v":4,"crbt":null,"cf":"","al":{"id":74149655,"name":"寄不出去的情书","picUrl":"http://p2.music.126.net/fywM5PaRIwD1sd43zY7Wtw==/109951163633529521.jpg","tns":[],"pic_str":"109951163633529521","pic":109951163633529521},"dt":313181,"h":{"br":320000,"fid":0,"size":12529415,"vd":-1700.0},"m":{"br":192000,"fid":0,"size":7517666,"vd":-2.0},"l":{"br":128000,"fid":0,"size":5011792,"vd":-2.0},"a":null,"cd":"","no":1,"rtUrl":null,"ftype":0,"rtUrls":[],"djId":0,"copyright":0,"s_id":0,"mst":9,"cp":530019,"mv":0,"rtype":0,"rurl":null,"publishTime":1540828800007},{"name":"通过验证","id":1306496663,"pst":0,"t":0,"ar":[{"id":12127564,"name":"艾福杰尼","tns":[],"alias":[]}],"alia":[],"pop":100.0,"st":0,"rt":null,"fee":8,"v":5,"crbt":null,"cf":"","al":{"id":72797791,"name":"通过验证","picUrl":"http://p2.music.126.net/IRWuy_vihVj6CX9o9AKcmQ==/109951163536411219.jpg","tns":[],"pic_str":"109951163536411219","pic":109951163536411219},"dt":217981,"h":{"br":320000,"fid":0,"size":8721807,"vd":-14100.0},"m":{"br":192000,"fid":0,"size":5233102,"vd":-11700.0},"l":{"br":128000,"fid":0,"size":3488749,"vd":-10000.0},"a":null,"cd":"","no":0,"rtUrl":null,"ftype":0,"rtUrls":[],"djId":0,"copyright":0,"s_id":0,"mst":9,"cp":659011,"mv":0,"rtype":0,"rurl":null,"publishTime":1536249600007,"tns":["She Answered"]},{"name":"从头","id":1308818167,"pst":0,"t":0,"ar":[{"id":1007170,"name":"陈粒","tns":[],"alias":[]}],"alia":[],"pop":100.0,"st":0,"rt":null,"fee":8,"v":1,"crbt":null,"cf":"","al":{"id":72794957,"name":"从头","picUrl":"http://p2.music.126.net/ewafe5uApGKwX7o9c8Ygag==/109951163544830874.jpg","tns":[],"pic_str":"109951163544830874","pic":109951163544830874},"dt":208370,"h":{"br":320000,"fid":0,"size":8337285,"vd":-4.0},"m":{"br":192000,"fid":0,"size":5002388,"vd":-3.0},"l":{"br":128000,"fid":0,"size":3334940,"vd":-3.0},"a":null,"cd":"","no":0,"rtUrl":null,"ftype":0,"rtUrls":[],"djId":0,"copyright":0,"s_id":0,"mst":9,"cp":723017,"mv":0,"rtype":0,"rurl":null,"publishTime":1536681600007},{"name":"纠缠","id":1320100146,"pst":0,"t":0,"ar":[{"id":12259686,"name":"赵登凯","tns":[],"alias":[]}],"alia":[],"pop":100.0,"st":0,"rt":null,"fee":0,"v":4,"crbt":null,"cf":"","al":{"id":74064661,"name":"纠缠","picUrl":"http://p2.music.126.net/mE40sHq4bhBja1SIST2ZMQ==/109951163624057089.jpg","tns":[],"pic_str":"109951163624057089","pic":109951163624057089},"dt":289714,"h":{"br":320000,"fid":0,"size":11591097,"vd":-18100.0},"m":{"br":192000,"fid":0,"size":6954675,"vd":-15599.0},"l":null,"a":null,"cd":"0","no":1,"rtUrl":null,"ftype":0,"rtUrls":[],"djId":0,"copyright":2,"s_id":0,"mst":9,"cp":0,"mv":0,"rtype":0,"rurl":null,"publishTime":1540396800007},{"name":"摔伤脚踝的流星从天而来","id":1306303788,"pst":0,"t":0,"ar":[{"id":12156137,"name":"太一","tns":[],"alias":[]}],"alia":[],"pop":100.0,"st":0,"rt":null,"fee":0,"v":5,"crbt":null,"cf":"","al":{"id":72740608,"name":"摔伤脚踝的流星从天而来","picUrl":"http://p2.music.126.net/H8Uj5pOmCVt0LjkU_pOR-g==/109951163524964790.jpg","tns":[],"pic_str":"109951163524964790","pic":109951163524964790},"dt":215000,"h":{"br":320000,"fid":0,"size":8602689,"vd":-1.0},"m":{"br":192000,"fid":0,"size":5161631,"vd":-1.0},"l":{"br":128000,"fid":0,"size":3441102,"vd":-1.0},"a":null,"cd":"","no":1,"rtUrl":null,"ftype":0,"rtUrls":[],"djId":0,"copyright":0,"s_id":0,"mst":9,"cp":0,"mv":0,"rtype":0,"rurl":null,"publishTime":1535673600000},{"name":"海浪","id":1320101152,"pst":0,"t":0,"ar":[{"id":12463331,"name":"Deca Joins","tns":[],"alias":[]}],"alia":[],"pop":100.0,"st":0,"rt":null,"fee":8,"v":15,"crbt":null,"cf":"","al":{"id":73836078,"name":"Go Slow","picUrl":"http://p2.music.126.net/DJfkuXG7P478Cb2ODUgmRg==/109951163608046759.jpg","tns":[],"pic_str":"109951163608046759","pic":109951163608046759},"dt":322333,"h":{"br":320000,"fid":0,"size":12896174,"vd":5977.0},"m":{"br":192000,"fid":0,"size":7737722,"vd":6008.0},"l":{"br":128000,"fid":0,"size":5158496,"vd":3637.0},"a":null,"cd":"","no":2,"rtUrl":null,"ftype":0,"rtUrls":[],"djId":0,"copyright":0,"s_id":0,"mst":9,"cp":1400821,"mv":10823077,"rtype":0,"rurl":null,"publishTime":1540483200007,"tns":["Wave"]},{"name":"想淋雨就别走","id":1313897816,"pst":0,"t":0,"ar":[{"id":1160085,"name":"Fine乐团","tns":[],"alias":[]}],"alia":[],"pop":100.0,"st":0,"rt":null,"fee":8,"v":7,"crbt":null,"cf":"","al":{"id":73471327,"name":"想淋雨就别走","picUrl":"http://p2.music.126.net/Z2sHJnvUj9_-RYn48iNxCw==/109951163596582581.jpg","tns":[],"pic_str":"109951163596582581","pic":109951163596582581},"dt":281550,"h":{"br":320000,"fid":0,"size":11265089,"vd":-1.9},"m":{"br":192000,"fid":0,"size":6759071,"vd":-1.63},"l":{"br":128000,"fid":0,"size":4506062,"vd":-1.49},"a":null,"cd":"","no":1,"rtUrl":null,"ftype":0,"rtUrls":[],"djId":0,"copyright":1,"s_id":0,"mst":9,"cp":0,"mv":0,"rtype":0,"rurl":null,"publishTime":1539100800007},{"name":"短歌不太行","id":1340604683,"pst":0,"t":0,"ar":[{"id":12063157,"name":"厨子和戏子","tns":[],"alias":[]}],"alia":["A lame song"],"pop":95.0,"st":0,"rt":"","fee":8,"v":2,"crbt":null,"cf":"","al":{"id":75232243,"name":"短歌不太行","picUrl":"http://p2.music.126.net/Frw2lwpqkCtfdqTTlFIjxg==/109951163801916486.jpg","tns":[],"pic_str":"109951163801916486","pic":109951163801916486},"dt":294461,"h":{"br":320000,"fid":0,"size":11781268,"vd":-1.0},"m":{"br":192000,"fid":0,"size":7068778,"vd":0.0},"l":{"br":128000,"fid":0,"size":4712533,"vd":0.0},"a":null,"cd":"01","no":1,"rtUrl":null,"ftype":0,"rtUrls":[],"djId":0,"copyright":1,"s_id":0,"mst":9,"cp":1400821,"mv":0,"rtype":0,"rurl":null,"publishTime":1547913600007},{"name":"伞下","id":1339994504,"pst":0,"t":0,"ar":[{"id":571797,"name":"chill boy","tns":[],"alias":[]},{"id":1185054,"name":"尚先生","tns":[],"alias":[]}],"alia":[],"pop":100.0,"st":0,"rt":null,"fee":8,"v":13,"crbt":null,"cf":"","al":{"id":75184131,"name":"伞下","picUrl":"http://p2.music.126.net/vHW0OdEA0kPUk1ohilrGMA==/109951163796747172.jpg","tns":[],"pic_str":"109951163796747172","pic":109951163796747172},"dt":266516,"h":{"br":320000,"fid":0,"size":10663227,"vd":0.0},"m":{"br":192000,"fid":0,"size":6397954,"vd":0.0},"l":{"br":128000,"fid":0,"size":4265317,"vd":0.0},"a":null,"cd":"","no":1,"rtUrl":null,"ftype":0,"rtUrls":[],"djId":0,"copyright":0,"s_id":0,"mst":9,"cp":0,"mv":0,"rtype":0,"rurl":null,"publishTime":1547546935074},{"name":"永不独行","id":1336789742,"pst":0,"t":0,"ar":[{"id":1211046,"name":"GAI周延","tns":[],"alias":[]},{"id":1203045,"name":"艾热","tns":[],"alias":[]}],"alia":["2018《球球大作战》年终总决赛（BGF）主题曲"],"pop":100.0,"st":0,"rt":null,"fee":8,"v":9,"crbt":null,"cf":"","al":{"id":74992173,"name":"永不独行","picUrl":"http://p2.music.126.net/LN7k6EaiGuI85ekT1hCo3w==/109951163779649302.jpg","tns":[],"pic_str":"109951163779649302","pic":109951163779649302},"dt":171428,"h":{"br":320000,"fid":0,"size":6859799,"vd":0.0},"m":{"br":192000,"fid":0,"size":4115897,"vd":0.0},"l":{"br":128000,"fid":0,"size":2743946,"vd":0.0},"a":null,"cd":"1","no":1,"rtUrl":null,"ftype":0,"rtUrls":[],"djId":0,"copyright":2,"s_id":0,"mst":9,"cp":1382818,"mv":10785956,"rtype":0,"rurl":null,"publishTime":1546617600000},{"name":"形意","id":1321385543,"pst":0,"t":0,"ar":[{"id":847107,"name":"谢帝","tns":[],"alias":[]},{"id":1007061,"name":"Anti-General","tns":[],"alias":[]}],"alia":[],"pop":100.0,"st":0,"rt":null,"fee":8,"v":5,"crbt":null,"cf":"","al":{"id":74151893,"name":"三","picUrl":"http://p2.music.126.net/-k4UD9OTVlmOA1zGDZV6Xg==/109951163648291636.jpg","tns":[],"pic_str":"109951163648291636","pic":109951163648291636},"dt":214619,"h":{"br":320000,"fid":0,"size":8587015,"vd":-39200.0},"m":{"br":192000,"fid":0,"size":5152226,"vd":-36500.0},"l":{"br":128000,"fid":0,"size":3434832,"vd":-34900.0},"a":null,"cd":"","no":3,"rtUrl":null,"ftype":0,"rtUrls":[],"djId":0,"copyright":0,"s_id":0,"mst":9,"cp":722015,"mv":0,"rtype":0,"rurl":null,"publishTime":1541174400007},{"name":"破裂","id":1323303807,"pst":0,"t":0,"ar":[{"id":12174521,"name":"音阙诗听","tns":[],"alias":[]},{"id":12048239,"name":"王梓钰","tns":[],"alias":[]}],"alia":[],"pop":100.0,"st":0,"rt":null,"fee":8,"v":6,"crbt":null,"cf":"","al":{"id":74266925,"name":"破裂","picUrl":"http://p2.music.126.net/_r30lZJsPp1TM_SHBUrr8A==/109951163667114290.jpg","tns":[],"pic_str":"109951163667114290","pic":109951163667114290},"dt":206501,"h":{"br":320000,"fid":0,"size":8263097,"vd":-28699.0},"m":{"br":192000,"fid":0,"size":4957875,"vd":-26099.0},"l":{"br":128000,"fid":0,"size":3305265,"vd":-24400.0},"a":null,"cd":"","no":1,"rtUrl":null,"ftype":0,"rtUrls":[],"djId":0,"copyright":0,"s_id":0,"mst":9,"cp":733010,"mv":0,"rtype":0,"rurl":null,"publishTime":1542211200007},{"name":"盗将行live （柳爽/花粥）","id":1313091360,"pst":0,"t":0,"ar":[{"id":1060132,"name":"柳爽","tns":[],"alias":[]},{"id":8103,"name":"花粥","tns":[],"alias":[]}],"alia":[],"pop":100.0,"st":0,"rt":null,"fee":0,"v":14,"crbt":null,"cf":"","al":{"id":73579379,"name":"柳爽2018生长巡演live","picUrl":"http://p2.music.126.net/FGMOR2C8W2VCUt__CfuDqA==/109951163571565379.jpg","tns":[],"pic_str":"109951163571565379","pic":109951163571565379},"dt":203200,"h":{"br":320000,"fid":0,"size":8130395,"vd":-2.0},"m":{"br":192000,"fid":0,"size":4878254,"vd":884.0},"l":{"br":128000,"fid":0,"size":3252184,"vd":3221.0},"a":null,"cd":"","no":1,"rtUrl":null,"ftype":0,"rtUrls":[],"djId":0,"copyright":0,"s_id":0,"mst":9,"cp":0,"mv":0,"rtype":0,"rurl":null,"publishTime":1537977600000},{"name":"荒唐","id":1314385613,"pst":0,"t":0,"ar":[{"id":1213008,"name":"龚子婕JessieG","tns":[],"alias":[]}],"alia":[],"pop":100.0,"st":0,"rt":null,"fee":0,"v":6,"crbt":null,"cf":"","al":{"id":73691214,"name":"假洒脱","picUrl":"http://p2.music.126.net/1YnM0_qxp6IVxfIF6S157Q==/109951163579687054.jpg","tns":[],"pic_str":"109951163579687054","pic":109951163579687054},"dt":247896,"h":{"br":320000,"fid":0,"size":9918215,"vd":0.1265},"m":{"br":192000,"fid":0,"size":5950946,"vd":0.2138},"l":{"br":128000,"fid":0,"size":3967312,"vd":-2.0E-4},"a":null,"cd":"","no":2,"rtUrl":null,"ftype":0,"rtUrls":[],"djId":0,"copyright":0,"s_id":0,"mst":9,"cp":0,"mv":0,"rtype":0,"rurl":null,"publishTime":1538366400000},{"name":"单身喵日记 - Live","id":1299570827,"pst":0,"t":0,"ar":[{"id":1199126,"name":"上海彩虹室内合唱团","tns":[],"alias":[]}],"alia":[],"pop":95.0,"st":0,"rt":null,"fee":8,"v":20,"crbt":null,"cf":"","al":{"id":72302922,"name":"夏日安可","picUrl":"http://p2.music.126.net/7Byt265s3FEu0SJvNp4ORQ==/109951163464499716.jpg","tns":["Summer Encores"],"pic_str":"109951163464499716","pic":109951163464499716},"dt":243750,"h":{"br":320000,"fid":0,"size":9753121,"vd":16346.0},"m":{"br":192000,"fid":0,"size":5851890,"vd":16856.0},"l":null,"a":null,"cd":"","no":1,"rtUrl":null,"ftype":0,"rtUrls":[],"djId":0,"copyright":2,"s_id":0,"mst":9,"cp":1400821,"mv":10752434,"rtype":0,"rurl":null,"publishTime":1533830400007,"tns":["Why My Cat Is Single - Live"]},{"name":"Moony","id":1336487436,"pst":0,"t":0,"ar":[{"id":12094419,"name":"羽肿","tns":[],"alias":[]}],"alia":[],"pop":100.0,"st":0,"rt":null,"fee":8,"v":49,"crbt":null,"cf":"","al":{"id":74995584,"name":"Moony","picUrl":"http://p2.music.126.net/2hcMRfOud8i1DxpNByXn2w==/109951163760165834.jpg","tns":[],"pic_str":"109951163760165834","pic":109951163760165834},"dt":339041,"h":{"br":320000,"fid":0,"size":13563864,"vd":-20200.0},"m":{"br":192000,"fid":0,"size":8138336,"vd":-17600.0},"l":{"br":128000,"fid":0,"size":5425572,"vd":-15800.0},"a":null,"cd":"","no":1,"rtUrl":null,"ftype":0,"rtUrls":[],"djId":0,"copyright":2,"s_id":0,"mst":9,"cp":1382818,"mv":0,"rtype":0,"rurl":null,"publishTime":1546245390140},{"name":"一半","id":1321673670,"pst":0,"t":0,"ar":[{"id":5795,"name":"熊汝霖","tns":[],"alias":[]}],"alia":["网络剧《双世宠妃2》插曲"],"pop":100.0,"st":0,"rt":"","fee":8,"v":4,"crbt":null,"cf":"","al":{"id":74166309,"name":"一半","picUrl":"http://p2.music.126.net/m6IRbB-Cd4jm8BUlXRUV-g==/109951163636307562.jpg","tns":[],"pic_str":"109951163636307562","pic":109951163636307562},"dt":215079,"h":{"br":320000,"fid":0,"size":8605823,"vd":-12300.0},"m":{"br":192000,"fid":0,"size":5163511,"vd":-9800.0},"l":{"br":128000,"fid":0,"size":3442355,"vd":-8100.0},"a":null,"cd":"01","no":1,"rtUrl":null,"ftype":0,"rtUrls":[],"djId":0,"copyright":1,"s_id":0,"mst":9,"cp":563015,"mv":0,"rtype":0,"rurl":null,"publishTime":1540915200007},{"name":"攒一口袋星星","id":1313684918,"pst":0,"t":0,"ar":[{"id":1146106,"name":"苏琛","tns":[],"alias":[]}],"alia":[],"pop":100.0,"st":0,"rt":null,"fee":0,"v":15,"crbt":null,"cf":"","al":{"id":73600465,"name":"攒一口袋星星","picUrl":"http://p2.music.126.net/jFLM2toVEB74PI8-uUqSZA==/109951163575747887.jpg","tns":[],"pic_str":"109951163575747887","pic":109951163575747887},"dt":204140,"h":{"br":320000,"fid":0,"size":8168011,"vd":-3.01},"m":{"br":192000,"fid":0,"size":4900824,"vd":-2.75},"l":{"br":128000,"fid":0,"size":3267231,"vd":-2.59},"a":null,"cd":"","no":1,"rtUrl":null,"ftype":0,"rtUrls":[],"djId":0,"copyright":0,"s_id":0,"mst":9,"cp":0,"mv":0,"rtype":0,"rurl":null,"publishTime":1538150400000},{"name":"走","id":1326907224,"pst":0,"t":0,"ar":[{"id":787107,"name":"陶峻汐","tns":[],"alias":[]}],"alia":[],"pop":100.0,"st":0,"rt":null,"fee":8,"v":11,"crbt":null,"cf":"","al":{"id":74444523,"name":"走","picUrl":"http://p2.music.126.net/NDhhlZR_Pzbz_2U3i3ohwQ==/109951163677421702.jpg","tns":[],"pic_str":"109951163677421702","pic":109951163677421702},"dt":324682,"h":{"br":320000,"fid":0,"size":12990215,"vd":2600.0},"m":{"br":192000,"fid":0,"size":7794146,"vd":5200.0},"l":{"br":128000,"fid":0,"size":5196112,"vd":989.0},"a":null,"cd":"","no":1,"rtUrl":null,"ftype":0,"rtUrls":[],"djId":0,"copyright":0,"s_id":0,"mst":9,"cp":0,"mv":0,"rtype":0,"rurl":null,"publishTime":1542638642153},{"name":"快乐风男","id":1336259366,"pst":0,"t":0,"ar":[{"id":1198071,"name":"HOPE-T","tns":[],"alias":[]}],"alia":[],"pop":100.0,"st":0,"rt":null,"fee":8,"v":10,"crbt":null,"cf":"","al":{"id":75001831,"name":"快乐风男","picUrl":"http://p2.music.126.net/-GHV0CSk-mZJeOLANCioiQ==/109951163757203167.jpg","tns":[],"pic_str":"109951163757203167","pic":109951163757203167},"dt":204379,"h":{"br":320000,"fid":0,"size":8177415,"vd":-35600.0},"m":{"br":192000,"fid":0,"size":4906466,"vd":-33600.0},"l":{"br":128000,"fid":0,"size":3270992,"vd":-32000.0},"a":null,"cd":"","no":1,"rtUrl":null,"ftype":0,"rtUrls":[],"djId":0,"copyright":0,"s_id":0,"mst":9,"cp":0,"mv":0,"rtype":0,"rurl":null,"publishTime":1546146968793},{"name":"意大利海","id":1318336997,"pst":0,"t":0,"ar":[{"id":1050216,"name":"爱星人","tns":[],"alias":[]}],"alia":[],"pop":100.0,"st":0,"rt":null,"fee":8,"v":16,"crbt":null,"cf":"","al":{"id":73927932,"name":"意大利海","picUrl":"http://p2.music.126.net/5Lqx8RKxQbhvmJrkqUD2Cw==/109951163607289773.jpg","tns":[],"pic_str":"109951163607289773","pic":109951163607289773},"dt":187563,"h":{"br":320000,"fid":0,"size":7505546,"vd":-11300.0},"m":{"br":192000,"fid":0,"size":4503345,"vd":-8900.0},"l":{"br":128000,"fid":0,"size":3002244,"vd":-7200.0},"a":null,"cd":"","no":1,"rtUrl":null,"ftype":0,"rtUrls":[],"djId":0,"copyright":0,"s_id":0,"mst":9,"cp":0,"mv":0,"rtype":0,"rurl":null,"publishTime":1539697345233},{"name":"XXX","id":1321382028,"pst":0,"t":0,"ar":[{"id":1050364,"name":"Yee","tns":[],"alias":[]}],"alia":[],"pop":100.0,"st":0,"rt":null,"fee":8,"v":2,"crbt":null,"cf":"","al":{"id":74150620,"name":"Y","picUrl":"http://p2.music.126.net/4_6WEE_4lgMIlzgoJCNBtQ==/109951163632970845.jpg","tns":[],"pic_str":"109951163632970845","pic":109951163632970845},"dt":207731,"h":{"br":320000,"fid":0,"size":8312207,"vd":-2.0},"m":{"br":192000,"fid":0,"size":4987342,"vd":0.0},"l":{"br":128000,"fid":0,"size":3324909,"vd":-2.0},"a":null,"cd":"","no":2,"rtUrl":null,"ftype":0,"rtUrls":[],"djId":0,"copyright":2,"s_id":0,"mst":9,"cp":0,"mv":0,"rtype":0,"rurl":null,"publishTime":1540828800007},{"name":"拥抱","id":1300976556,"pst":0,"t":0,"ar":[{"id":1132214,"name":"潜水大象","tns":[],"alias":[]}],"alia":[],"pop":100.0,"st":0,"rt":null,"fee":0,"v":18,"crbt":null,"cf":"","al":{"id":72230316,"name":"拥抱","picUrl":"http://p2.music.126.net/Zm7GTlXNG4ZEyO38fIA1-w==/109951163453895541.jpg","tns":[],"pic_str":"109951163453895541","pic":109951163453895541},"dt":296448,"h":{"br":320000,"fid":0,"size":11860680,"vd":-1.0},"m":{"br":192000,"fid":0,"size":7116426,"vd":0.0},"l":{"br":128000,"fid":0,"size":4744298,"vd":0.0},"a":null,"cd":"","no":1,"rtUrl":null,"ftype":0,"rtUrls":[],"djId":0,"copyright":0,"s_id":0,"mst":9,"cp":0,"mv":0,"rtype":0,"rurl":null,"publishTime":1533916800000},{"name":"在哪里","id":1341075861,"pst":0,"t":0,"ar":[{"id":1142038,"name":"宋钊","tns":[],"alias":[]}],"alia":[],"pop":70.0,"st":0,"rt":null,"fee":8,"v":9,"crbt":null,"cf":"","al":{"id":75247586,"name":"满世界找你","picUrl":"http://p2.music.126.net/OD2u9BCwyPJTcg1TPaHkfw==/109951163806815485.jpg","tns":[],"pic_str":"109951163806815485","pic":109951163806815485},"dt":20000,"h":{"br":320000,"fid":0,"size":802525,"vd":0.0},"m":{"br":192000,"fid":0,"size":481533,"vd":0.0},"l":{"br":128000,"fid":0,"size":321036,"vd":1.0},"a":null,"cd":"","no":1,"rtUrl":null,"ftype":0,"rtUrls":[],"djId":0,"copyright":0,"s_id":0,"mst":9,"cp":0,"mv":0,"rtype":0,"rurl":null,"publishTime":1547991320594},{"name":"刀,葵,童话","id":1333693468,"pst":0,"t":0,"ar":[{"id":12156137,"name":"太一","tns":[],"alias":[]}],"alia":[],"pop":100.0,"st":0,"rt":null,"fee":0,"v":29,"crbt":null,"cf":"","al":{"id":74895668,"name":"刀,葵,童话","picUrl":"http://p2.music.126.net/5Qh3qle3m0HoV_AqcNuKEA==/109951163728058434.jpg","tns":[],"pic_str":"109951163728058434","pic":109951163728058434},"dt":173803,"h":{"br":320000,"fid":0,"size":6954885,"vd":-6400.0},"m":{"br":192000,"fid":0,"size":4172948,"vd":-4100.0},"l":{"br":128000,"fid":0,"size":2781980,"vd":-4600.0},"a":null,"cd":"","no":1,"rtUrl":null,"ftype":0,"rtUrls":[],"djId":0,"copyright":2,"s_id":0,"mst":9,"cp":0,"mv":0,"rtype":0,"rurl":null,"publishTime":1544875187115},{"name":"Sunny Rain","id":1317488714,"pst":0,"t":0,"ar":[{"id":12020017,"name":"阿克江Akin","tns":[],"alias":[]},{"id":1140022,"name":"LinFeng","tns":[],"alias":[]}],"alia":[],"pop":100.0,"st":0,"rt":null,"fee":8,"v":16,"crbt":null,"cf":"","al":{"id":73829511,"name":"sunny rain","picUrl":"http://p2.music.126.net/VbpOd7RIBTeXbakpL32d5g==/109951163599406717.jpg","tns":[],"pic_str":"109951163599406717","pic":109951163599406717},"dt":216000,"h":{"br":320000,"fid":0,"size":8642395,"vd":-4.81},"m":{"br":192000,"fid":0,"size":5185454,"vd":-4.55},"l":{"br":128000,"fid":0,"size":3456984,"vd":-4.39},"a":null,"cd":"","no":1,"rtUrl":null,"ftype":0,"rtUrls":[],"djId":0,"copyright":0,"s_id":0,"mst":9,"cp":0,"mv":10806078,"rtype":0,"rurl":null,"publishTime":1539336198089}],"trackIds":[{"id":1339066481,"v":5,"lr":9},{"id":1341066097,"v":6},{"id":1340379091,"v":7},{"id":1340960196,"v":27},{"id":1336871144,"v":6,"lr":0},{"id":1341105431,"v":4},{"id":1340627237,"v":7},{"id":1336856283,"v":8,"lr":1},{"id":1340166076,"v":7},{"id":1341147314,"v":3},{"id":1334295185,"v":10},{"id":1334297185,"v":9,"lr":2},{"id":1325898802,"v":8},{"id":1319854361,"v":16,"lr":76},{"id":1341333984,"v":6},{"id":1339832392,"v":13,"lr":79},{"id":1340394147,"v":10},{"id":1340234964,"v":4},{"id":1341226462,"v":27},{"id":1340448574,"v":29},{"id":1313354324,"v":25,"lr":20},{"id":1303019637,"v":6,"lr":21},{"id":1337205804,"v":9,"lr":25},{"id":1333150792,"v":27,"lr":22},{"id":1297750769,"v":13,"lr":30},{"id":1325711347,"v":6,"lr":24},{"id":1313107233,"v":2,"lr":26},{"id":1334296172,"v":6,"lr":27},{"id":1328021954,"v":24,"lr":45},{"id":1324447466,"v":16,"lr":28},{"id":1340651974,"v":21},{"id":1318571230,"v":13,"lr":32},{"id":1319225007,"v":10,"lr":41},{"id":1321518222,"v":12,"lr":34},{"id":1311347305,"v":8,"lr":35},{"id":1317457541,"v":5,"lr":31},{"id":1335536425,"v":48,"lr":37},{"id":1340001518,"v":7},{"id":1325896303,"v":4,"lr":39},{"id":1325897785,"v":6,"lr":33},{"id":1338146062,"v":11,"lr":29},{"id":1332718235,"v":20,"lr":42},{"id":1321391025,"v":2,"lr":46},{"id":1296645941,"v":5,"lr":44},{"id":1299424231,"v":21,"lr":47},{"id":1297750680,"v":18},{"id":1321382274,"v":4,"lr":53},{"id":1311363493,"v":9,"lr":55},{"id":1303027499,"v":15,"lr":40},{"id":1341363654,"v":7},{"id":1325898368,"v":6,"lr":48},{"id":1304302909,"v":7,"lr":60},{"id":1304931036,"v":1,"lr":52},{"id":1329734308,"v":18,"lr":62},{"id":1336856188,"v":9,"lr":3},{"id":1334327174,"v":5},{"id":1298655068,"v":4,"lr":58},{"id":1323303739,"v":4},{"id":1329750161,"v":5,"lr":56},{"id":1329820228,"v":11,"lr":67},{"id":1329745304,"v":6,"lr":65},{"id":503047809,"v":27,"lr":74},{"id":1318877229,"v":7,"lr":81},{"id":1297743638,"v":5,"lr":77},{"id":1319690182,"v":5},{"id":1297747300,"v":10,"lr":78},{"id":1340325158,"v":11},{"id":1336559582,"v":5,"lr":63},{"id":1339065769,"v":8,"lr":6},{"id":1323303004,"v":6,"lr":66},{"id":1321446580,"v":11},{"id":570334125,"v":28,"lr":89},{"id":1315169726,"v":9,"lr":90},{"id":1321382163,"v":4,"lr":82},{"id":1306496663,"v":5},{"id":1308818167,"v":1,"lr":95},{"id":1320100146,"v":4},{"id":1306303788,"v":5},{"id":1320101152,"v":15},{"id":1313897816,"v":7},{"id":1340604683,"v":2},{"id":1339994504,"v":13,"lr":12},{"id":1336789742,"v":9,"lr":61},{"id":1321385543,"v":5,"lr":96},{"id":1323303807,"v":6},{"id":1313091360,"v":14},{"id":1314385613,"v":6},{"id":1299570827,"v":20},{"id":1336487436,"v":49,"lr":86},{"id":1321673670,"v":4},{"id":1313684918,"v":15},{"id":1326907224,"v":11},{"id":1336259366,"v":10},{"id":1318336997,"v":16},{"id":1321382028,"v":2},{"id":1300976556,"v":18},{"id":1341075861,"v":9},{"id":1333693468,"v":29},{"id":1317488714,"v":16,"lr":92}],"status":0,"adType":0,"trackNumberUpdateTime":1548300608881,"tags":[],"cloudTrackCount":0,"subscribedCount":381599,"description":"云音乐独立原创音乐人作品官方榜单，以推荐优秀原创作品为目的。每周四网易云音乐首发。申请网易音乐人：http://music.163.com/nmusician/","ordered":true,"createTime":1374732325894,"highQuality":false,"privacy":0,"userId":201586,"newImported":false,"trackUpdateTime":1548394210845,"trackCount":99,"coverImgId":18740076185638788,"specialType":10,"updateTime":1548300609034,"commentThreadId":"A_PL_0_2884035","playCount":247507888,"coverImgUrl":"http://p3.music.126.net/sBzD11nforcuh1jdLSgX7g==/18740076185638788.jpg","name":"网易原创歌曲榜","id":2884035,"shareCount":2264,"coverImgId_str":"18740076185638788","ToplistType":"O","commentCount":8382},"code":200,"privileges":[{"id":1339066481,"fee":8,"payed":0,"st":0,"pl":128000,"dl":0,"sp":7,"cp":1,"subp":1,"cs":false,"maxbr":999000,"fl":128000,"toast":false,"flag":0,"preSell":false},{"id":1341066097,"fee":8,"payed":0,"st":0,"pl":128000,"dl":0,"sp":7,"cp":1,"subp":1,"cs":false,"maxbr":999000,"fl":128000,"toast":false,"flag":0,"preSell":false},{"id":1340379091,"fee":8,"payed":0,"st":0,"pl":128000,"dl":0,"sp":7,"cp":1,"subp":1,"cs":false,"maxbr":999000,"fl":128000,"toast":false,"flag":0,"preSell":false},{"id":1340960196,"fee":8,"payed":0,"st":0,"pl":128000,"dl":0,"sp":7,"cp":1,"subp":1,"cs":false,"maxbr":999000,"fl":128000,"toast":false,"flag":0,"preSell":false},{"id":1336871144,"fee":8,"payed":0,"st":0,"pl":128000,"dl":0,"sp":7,"cp":1,"subp":1,"cs":false,"maxbr":999000,"fl":128000,"toast":false,"flag":0,"preSell":false},{"id":1341105431,"fee":8,"payed":0,"st":0,"pl":128000,"dl":0,"sp":7,"cp":1,"subp":1,"cs":false,"maxbr":999000,"fl":128000,"toast":false,"flag":0,"preSell":false},{"id":1340627237,"fee":8,"payed":0,"st":0,"pl":128000,"dl":0,"sp":7,"cp":1,"subp":1,"cs":false,"maxbr":999000,"fl":128000,"toast":false,"flag":0,"preSell":false},{"id":1336856283,"fee":8,"payed":0,"st":0,"pl":128000,"dl":0,"sp":7,"cp":1,"subp":1,"cs":false,"maxbr":999000,"fl":128000,"toast":false,"flag":2,"preSell":false},{"id":1340166076,"fee":8,"payed":0,"st":0,"pl":128000,"dl":0,"sp":7,"cp":1,"subp":1,"cs":false,"maxbr":999000,"fl":128000,"toast":false,"flag":0,"preSell":false},{"id":1341147314,"fee":8,"payed":0,"st":0,"pl":128000,"dl":0,"sp":7,"cp":1,"subp":1,"cs":false,"maxbr":999000,"fl":128000,"toast":false,"flag":2,"preSell":false},{"id":1334295185,"fee":8,"payed":0,"st":0,"pl":128000,"dl":0,"sp":7,"cp":1,"subp":1,"cs":false,"maxbr":999000,"fl":128000,"toast":false,"flag":2,"preSell":false},{"id":1334297185,"fee":8,"payed":0,"st":0,"pl":128000,"dl":0,"sp":7,"cp":1,"subp":1,"cs":false,"maxbr":999000,"fl":128000,"toast":false,"flag":2,"preSell":false},{"id":1325898802,"fee":8,"payed":0,"st":0,"pl":128000,"dl":0,"sp":7,"cp":1,"subp":1,"cs":false,"maxbr":999000,"fl":128000,"toast":false,"flag":0,"preSell":false},{"id":1319854361,"fee":8,"payed":0,"st":0,"pl":128000,"dl":0,"sp":7,"cp":1,"subp":1,"cs":false,"maxbr":320000,"fl":128000,"toast":false,"flag":0,"preSell":false},{"id":1341333984,"fee":8,"payed":0,"st":0,"pl":128000,"dl":0,"sp":7,"cp":1,"subp":1,"cs":false,"maxbr":999000,"fl":128000,"toast":false,"flag":0,"preSell":false},{"id":1339832392,"fee":8,"payed":0,"st":0,"pl":128000,"dl":0,"sp":7,"cp":1,"subp":1,"cs":false,"maxbr":999000,"fl":128000,"toast":false,"flag":2,"preSell":false},{"id":1340394147,"fee":8,"payed":0,"st":0,"pl":128000,"dl":0,"sp":7,"cp":1,"subp":1,"cs":false,"maxbr":999000,"fl":128000,"toast":false,"flag":0,"preSell":false},{"id":1340234964,"fee":8,"payed":0,"st":0,"pl":128000,"dl":0,"sp":7,"cp":1,"subp":1,"cs":false,"maxbr":999000,"fl":128000,"toast":false,"flag":0,"preSell":false},{"id":1341226462,"fee":8,"payed":0,"st":0,"pl":128000,"dl":0,"sp":7,"cp":1,"subp":1,"cs":false,"maxbr":999000,"fl":128000,"toast":false,"flag":0,"preSell":false},{"id":1340448574,"fee":8,"payed":0,"st":0,"pl":128000,"dl":0,"sp":7,"cp":1,"subp":1,"cs":false,"maxbr":999000,"fl":128000,"toast":false,"flag":0,"preSell":false},{"id":1313354324,"fee":8,"payed":0,"st":0,"pl":128000,"dl":0,"sp":7,"cp":1,"subp":1,"cs":false,"maxbr":999000,"fl":128000,"toast":false,"flag":0,"preSell":false},{"id":1303019637,"fee":8,"payed":0,"st":0,"pl":128000,"dl":0,"sp":7,"cp":1,"subp":1,"cs":false,"maxbr":999000,"fl":128000,"toast":false,"flag":2,"preSell":false},{"id":1337205804,"fee":8,"payed":0,"st":0,"pl":128000,"dl":0,"sp":7,"cp":1,"subp":1,"cs":false,"maxbr":999000,"fl":128000,"toast":false,"flag":0,"preSell":false},{"id":1333150792,"fee":8,"payed":0,"st":0,"pl":128000,"dl":0,"sp":7,"cp":1,"subp":1,"cs":false,"maxbr":999000,"fl":128000,"toast":false,"flag":0,"preSell":false},{"id":1297750769,"fee":8,"payed":0,"st":0,"pl":128000,"dl":0,"sp":7,"cp":1,"subp":1,"cs":false,"maxbr":999000,"fl":128000,"toast":false,"flag":2,"preSell":false},{"id":1325711347,"fee":8,"payed":0,"st":0,"pl":128000,"dl":0,"sp":7,"cp":1,"subp":1,"cs":false,"maxbr":999000,"fl":128000,"toast":false,"flag":0,"preSell":false},{"id":1313107233,"fee":8,"payed":0,"st":0,"pl":128000,"dl":0,"sp":7,"cp":1,"subp":1,"cs":false,"maxbr":999000,"fl":128000,"toast":false,"flag":0,"preSell":false},{"id":1334296172,"fee":8,"payed":0,"st":0,"pl":128000,"dl":0,"sp":7,"cp":1,"subp":1,"cs":false,"maxbr":999000,"fl":128000,"toast":false,"flag":0,"preSell":false},{"id":1328021954,"fee":8,"payed":0,"st":0,"pl":128000,"dl":0,"sp":7,"cp":1,"subp":1,"cs":false,"maxbr":999000,"fl":128000,"toast":false,"flag":0,"preSell":false},{"id":1324447466,"fee":8,"payed":0,"st":0,"pl":128000,"dl":0,"sp":7,"cp":1,"subp":1,"cs":false,"maxbr":999000,"fl":128000,"toast":false,"flag":0,"preSell":false},{"id":1340651974,"fee":8,"payed":0,"st":0,"pl":128000,"dl":0,"sp":7,"cp":1,"subp":1,"cs":false,"maxbr":999000,"fl":128000,"toast":false,"flag":0,"preSell":false},{"id":1318571230,"fee":8,"payed":0,"st":0,"pl":128000,"dl":0,"sp":7,"cp":1,"subp":1,"cs":false,"maxbr":999000,"fl":128000,"toast":false,"flag":0,"preSell":false},{"id":1319225007,"fee":8,"payed":0,"st":0,"pl":128000,"dl":0,"sp":7,"cp":1,"subp":1,"cs":false,"maxbr":999000,"fl":128000,"toast":false,"flag":0,"preSell":false},{"id":1321518222,"fee":8,"payed":0,"st":0,"pl":128000,"dl":0,"sp":7,"cp":1,"subp":1,"cs":false,"maxbr":999000,"fl":128000,"toast":false,"flag":0,"preSell":false},{"id":1311347305,"fee":0,"payed":0,"st":0,"pl":320000,"dl":320000,"sp":7,"cp":1,"subp":1,"cs":false,"maxbr":999000,"fl":320000,"toast":false,"flag":128,"preSell":false},{"id":1317457541,"fee":0,"payed":0,"st":0,"pl":320000,"dl":320000,"sp":7,"cp":1,"subp":1,"cs":false,"maxbr":999000,"fl":320000,"toast":false,"flag":128,"preSell":false},{"id":1335536425,"fee":0,"payed":0,"st":0,"pl":320000,"dl":320000,"sp":7,"cp":1,"subp":1,"cs":false,"maxbr":320000,"fl":320000,"toast":false,"flag":0,"preSell":false},{"id":1340001518,"fee":0,"payed":0,"st":0,"pl":320000,"dl":320000,"sp":7,"cp":1,"subp":1,"cs":false,"maxbr":999000,"fl":320000,"toast":false,"flag":0,"preSell":false},{"id":1325896303,"fee":8,"payed":0,"st":0,"pl":128000,"dl":0,"sp":7,"cp":1,"subp":1,"cs":false,"maxbr":999000,"fl":128000,"toast":false,"flag":0,"preSell":false},{"id":1325897785,"fee":8,"payed":0,"st":0,"pl":128000,"dl":0,"sp":7,"cp":1,"subp":1,"cs":false,"maxbr":999000,"fl":128000,"toast":false,"flag":2,"preSell":false},{"id":1338146062,"fee":0,"payed":0,"st":0,"pl":320000,"dl":320000,"sp":7,"cp":1,"subp":1,"cs":false,"maxbr":999000,"fl":320000,"toast":false,"flag":0,"preSell":false},{"id":1332718235,"fee":8,"payed":0,"st":0,"pl":128000,"dl":0,"sp":7,"cp":1,"subp":1,"cs":false,"maxbr":999000,"fl":128000,"toast":false,"flag":4,"preSell":false},{"id":1321391025,"fee":8,"payed":0,"st":0,"pl":128000,"dl":0,"sp":7,"cp":1,"subp":1,"cs":false,"maxbr":999000,"fl":128000,"toast":false,"flag":0,"preSell":false},{"id":1296645941,"fee":0,"payed":0,"st":0,"pl":320000,"dl":320000,"sp":7,"cp":1,"subp":1,"cs":false,"maxbr":999000,"fl":320000,"toast":false,"flag":128,"preSell":false},{"id":1299424231,"fee":8,"payed":0,"st":0,"pl":128000,"dl":0,"sp":7,"cp":1,"subp":1,"cs":false,"maxbr":999000,"fl":128000,"toast":false,"flag":128,"preSell":false},{"id":1297750680,"fee":8,"payed":0,"st":0,"pl":128000,"dl":0,"sp":7,"cp":1,"subp":1,"cs":false,"maxbr":999000,"fl":128000,"toast":false,"flag":2,"preSell":false},{"id":1321382274,"fee":8,"payed":0,"st":0,"pl":128000,"dl":0,"sp":7,"cp":1,"subp":1,"cs":false,"maxbr":999000,"fl":128000,"toast":false,"flag":2,"preSell":false},{"id":1311363493,"fee":8,"payed":0,"st":0,"pl":128000,"dl":0,"sp":7,"cp":1,"subp":1,"cs":false,"maxbr":999000,"fl":128000,"toast":false,"flag":0,"preSell":false},{"id":1303027499,"fee":8,"payed":0,"st":0,"pl":128000,"dl":0,"sp":7,"cp":1,"subp":1,"cs":false,"maxbr":999000,"fl":128000,"toast":false,"flag":128,"preSell":false},{"id":1341363654,"fee":8,"payed":0,"st":0,"pl":128000,"dl":0,"sp":7,"cp":1,"subp":1,"cs":false,"maxbr":999000,"fl":128000,"toast":false,"flag":0,"preSell":false},{"id":1325898368,"fee":8,"payed":0,"st":0,"pl":128000,"dl":0,"sp":7,"cp":1,"subp":1,"cs":false,"maxbr":999000,"fl":128000,"toast":false,"flag":4,"preSell":false},{"id":1304302909,"fee":8,"payed":0,"st":0,"pl":128000,"dl":0,"sp":7,"cp":1,"subp":1,"cs":false,"maxbr":999000,"fl":128000,"toast":false,"flag":0,"preSell":false},{"id":1304931036,"fee":8,"payed":0,"st":0,"pl":128000,"dl":0,"sp":7,"cp":1,"subp":1,"cs":false,"maxbr":999000,"fl":128000,"toast":false,"flag":0,"preSell":false},{"id":1329734308,"fee":8,"payed":0,"st":0,"pl":128000,"dl":0,"sp":7,"cp":1,"subp":1,"cs":false,"maxbr":999000,"fl":128000,"toast":false,"flag":0,"preSell":false},{"id":1336856188,"fee":8,"payed":0,"st":0,"pl":128000,"dl":0,"sp":7,"cp":1,"subp":1,"cs":false,"maxbr":999000,"fl":128000,"toast":false,"flag":256,"preSell":false},{"id":1334327174,"fee":8,"payed":0,"st":0,"pl":128000,"dl":0,"sp":7,"cp":1,"subp":1,"cs":false,"maxbr":999000,"fl":128000,"toast":false,"flag":2,"preSell":false},{"id":1298655068,"fee":0,"payed":0,"st":0,"pl":320000,"dl":320000,"sp":7,"cp":1,"subp":1,"cs":false,"maxbr":999000,"fl":320000,"toast":false,"flag":128,"preSell":false},{"id":1323303739,"fee":8,"payed":0,"st":0,"pl":128000,"dl":0,"sp":7,"cp":1,"subp":1,"cs":false,"maxbr":999000,"fl":128000,"toast":false,"flag":0,"preSell":false},{"id":1329750161,"fee":8,"payed":0,"st":0,"pl":128000,"dl":0,"sp":7,"cp":1,"subp":1,"cs":false,"maxbr":999000,"fl":128000,"toast":false,"flag":0,"preSell":false},{"id":1329820228,"fee":8,"payed":0,"st":0,"pl":128000,"dl":0,"sp":7,"cp":1,"subp":1,"cs":false,"maxbr":999000,"fl":128000,"toast":false,"flag":2,"preSell":false},{"id":1329745304,"fee":8,"payed":0,"st":0,"pl":128000,"dl":0,"sp":7,"cp":1,"subp":1,"cs":false,"maxbr":999000,"fl":128000,"toast":false,"flag":0,"preSell":false},{"id":503047809,"fee":8,"payed":0,"st":0,"pl":128000,"dl":0,"sp":7,"cp":1,"subp":1,"cs":false,"maxbr":999000,"fl":128000,"toast":false,"flag":2,"preSell":false},{"id":1318877229,"fee":8,"payed":0,"st":0,"pl":128000,"dl":0,"sp":7,"cp":1,"subp":1,"cs":false,"maxbr":999000,"fl":128000,"toast":false,"flag":2,"preSell":false},{"id":1297743638,"fee":8,"payed":0,"st":0,"pl":128000,"dl":0,"sp":7,"cp":1,"subp":1,"cs":false,"maxbr":999000,"fl":128000,"toast":false,"flag":0,"preSell":false},{"id":1319690182,"fee":0,"payed":0,"st":0,"pl":320000,"dl":320000,"sp":7,"cp":1,"subp":1,"cs":false,"maxbr":999000,"fl":320000,"toast":false,"flag":0,"preSell":false},{"id":1297747300,"fee":8,"payed":0,"st":0,"pl":128000,"dl":0,"sp":7,"cp":1,"subp":1,"cs":false,"maxbr":999000,"fl":128000,"toast":false,"flag":0,"preSell":false},{"id":1340325158,"fee":8,"payed":0,"st":0,"pl":128000,"dl":0,"sp":7,"cp":1,"subp":1,"cs":false,"maxbr":320000,"fl":128000,"toast":false,"flag":0,"preSell":false},{"id":1336559582,"fee":8,"payed":0,"st":0,"pl":128000,"dl":0,"sp":7,"cp":1,"subp":1,"cs":false,"maxbr":999000,"fl":128000,"toast":false,"flag":0,"preSell":false},{"id":1339065769,"fee":8,"payed":0,"st":0,"pl":128000,"dl":0,"sp":7,"cp":1,"subp":1,"cs":false,"maxbr":999000,"fl":128000,"toast":false,"flag":0,"preSell":false},{"id":1323303004,"fee":8,"payed":0,"st":0,"pl":128000,"dl":0,"sp":7,"cp":1,"subp":1,"cs":false,"maxbr":999000,"fl":128000,"toast":false,"flag":2,"preSell":false},{"id":1321446580,"fee":8,"payed":0,"st":0,"pl":128000,"dl":0,"sp":7,"cp":1,"subp":1,"cs":false,"maxbr":999000,"fl":128000,"toast":false,"flag":2,"preSell":false},{"id":570334125,"fee":8,"payed":0,"st":0,"pl":128000,"dl":0,"sp":7,"cp":1,"subp":1,"cs":false,"maxbr":999000,"fl":128000,"toast":false,"flag":2,"preSell":false},{"id":1315169726,"fee":8,"payed":0,"st":0,"pl":128000,"dl":0,"sp":7,"cp":1,"subp":1,"cs":false,"maxbr":999000,"fl":128000,"toast":false,"flag":0,"preSell":false},{"id":1321382163,"fee":8,"payed":0,"st":0,"pl":128000,"dl":0,"sp":7,"cp":1,"subp":1,"cs":false,"maxbr":999000,"fl":128000,"toast":false,"flag":2,"preSell":false},{"id":1306496663,"fee":8,"payed":0,"st":0,"pl":128000,"dl":0,"sp":7,"cp":1,"subp":1,"cs":false,"maxbr":999000,"fl":128000,"toast":false,"flag":0,"preSell":false},{"id":1308818167,"fee":8,"payed":0,"st":0,"pl":128000,"dl":0,"sp":7,"cp":1,"subp":1,"cs":false,"maxbr":999000,"fl":128000,"toast":false,"flag":0,"preSell":false},{"id":1320100146,"fee":0,"payed":0,"st":0,"pl":320000,"dl":320000,"sp":7,"cp":1,"subp":1,"cs":false,"maxbr":999000,"fl":320000,"toast":false,"flag":128,"preSell":false},{"id":1306303788,"fee":0,"payed":0,"st":0,"pl":320000,"dl":320000,"sp":7,"cp":1,"subp":1,"cs":false,"maxbr":999000,"fl":320000,"toast":false,"flag":128,"preSell":false},{"id":1320101152,"fee":8,"payed":0,"st":0,"pl":128000,"dl":0,"sp":7,"cp":1,"subp":1,"cs":false,"maxbr":999000,"fl":128000,"toast":false,"flag":0,"preSell":false},{"id":1313897816,"fee":8,"payed":0,"st":0,"pl":128000,"dl":0,"sp":7,"cp":1,"subp":1,"cs":false,"maxbr":999000,"fl":128000,"toast":false,"flag":2,"preSell":false},{"id":1340604683,"fee":8,"payed":0,"st":0,"pl":128000,"dl":0,"sp":7,"cp":1,"subp":1,"cs":false,"maxbr":999000,"fl":128000,"toast":false,"flag":0,"preSell":false},{"id":1339994504,"fee":8,"payed":0,"st":0,"pl":128000,"dl":0,"sp":7,"cp":1,"subp":1,"cs":false,"maxbr":999000,"fl":128000,"toast":false,"flag":0,"preSell":false},{"id":1336789742,"fee":8,"payed":0,"st":0,"pl":128000,"dl":0,"sp":7,"cp":1,"subp":1,"cs":false,"maxbr":999000,"fl":128000,"toast":false,"flag":0,"preSell":false},{"id":1321385543,"fee":8,"payed":0,"st":0,"pl":128000,"dl":0,"sp":7,"cp":1,"subp":1,"cs":false,"maxbr":999000,"fl":128000,"toast":false,"flag":0,"preSell":false},{"id":1323303807,"fee":8,"payed":0,"st":0,"pl":128000,"dl":0,"sp":7,"cp":1,"subp":1,"cs":false,"maxbr":999000,"fl":128000,"toast":false,"flag":2,"preSell":false},{"id":1313091360,"fee":0,"payed":0,"st":0,"pl":320000,"dl":320000,"sp":7,"cp":1,"subp":1,"cs":false,"maxbr":999000,"fl":320000,"toast":false,"flag":2,"preSell":false},{"id":1314385613,"fee":0,"payed":0,"st":0,"pl":320000,"dl":320000,"sp":7,"cp":1,"subp":1,"cs":false,"maxbr":999000,"fl":320000,"toast":false,"flag":0,"preSell":false},{"id":1299570827,"fee":8,"payed":0,"st":0,"pl":128000,"dl":0,"sp":7,"cp":1,"subp":1,"cs":false,"maxbr":999000,"fl":128000,"toast":false,"flag":128,"preSell":false},{"id":1336487436,"fee":8,"payed":0,"st":0,"pl":128000,"dl":0,"sp":7,"cp":1,"subp":1,"cs":false,"maxbr":999000,"fl":128000,"toast":false,"flag":2,"preSell":false},{"id":1321673670,"fee":8,"payed":0,"st":0,"pl":128000,"dl":0,"sp":7,"cp":1,"subp":1,"cs":false,"maxbr":999000,"fl":128000,"toast":false,"flag":132,"preSell":false},{"id":1313684918,"fee":0,"payed":0,"st":0,"pl":320000,"dl":320000,"sp":7,"cp":1,"subp":1,"cs":false,"maxbr":999000,"fl":320000,"toast":false,"flag":130,"preSell":false},{"id":1326907224,"fee":8,"payed":0,"st":0,"pl":128000,"dl":0,"sp":7,"cp":1,"subp":1,"cs":false,"maxbr":999000,"fl":128000,"toast":false,"flag":0,"preSell":false},{"id":1336259366,"fee":8,"payed":0,"st":0,"pl":128000,"dl":0,"sp":7,"cp":1,"subp":1,"cs":false,"maxbr":999000,"fl":128000,"toast":false,"flag":2,"preSell":false},{"id":1318336997,"fee":8,"payed":0,"st":0,"pl":128000,"dl":0,"sp":7,"cp":1,"subp":1,"cs":false,"maxbr":999000,"fl":128000,"toast":false,"flag":2,"preSell":false},{"id":1321382028,"fee":8,"payed":0,"st":0,"pl":128000,"dl":0,"sp":7,"cp":1,"subp":1,"cs":false,"maxbr":999000,"fl":128000,"toast":false,"flag":0,"preSell":false},{"id":1300976556,"fee":0,"payed":0,"st":0,"pl":320000,"dl":320000,"sp":7,"cp":1,"subp":1,"cs":false,"maxbr":999000,"fl":320000,"toast":false,"flag":128,"preSell":false},{"id":1341075861,"fee":8,"payed":0,"st":0,"pl":128000,"dl":0,"sp":7,"cp":1,"subp":1,"cs":false,"maxbr":999000,"fl":128000,"toast":false,"flag":0,"preSell":false},{"id":1333693468,"fee":0,"payed":0,"st":0,"pl":320000,"dl":320000,"sp":7,"cp":1,"subp":1,"cs":false,"maxbr":999000,"fl":320000,"toast":false,"flag":128,"preSell":false},{"id":1317488714,"fee":8,"payed":0,"st":0,"pl":128000,"dl":0,"sp":7,"cp":1,"subp":1,"cs":false,"maxbr":999000,"fl":128000,"toast":false,"flag":0,"preSell":false}]}